Commit,Date,Provenance,Test Path,Test,Checks,Bench,Latency (mean),Latency (median),Latency (min),Latency (max),Latency (stddev),Bandwidth (mean),Bandwidth (median),Bandwidth (min),Bandwidth (max),Bandwidth (stddev),Throughput (mean),Throughput (median),Throughput (min),Throughput (max),Throughput (stddev)
79c04e6e05d3d74fa72f6036238edff157dcd94b,2026-10-04 18:12:10,commit 79c04e6e05 | peano 22.0.0+0006955e | mlir_aie 1.4.4.dev73+g18ca6c1 | kernels 5726d482c21a | runtime CachedXRTRuntime | xdna 2.21.0_20260625 | xrt 2.21.0 | host docker-runner-5708612c41cc | device NPU Phoenix | pmode default,iron/operators/axpy/test.py::test_axpy,input_length_1024-num_aie_columns_1-tile_size_1024-scalar_factor_1.003,5/5,no,372.18,274.7,212.9,611.6,170.16476427274833,0.019275596,0.02236817,0.01004531,0.02885591,0.007783799466705189,,,,,
79c04e6e05d3d74fa72f6036238edff157dcd94b,2026-10-04 18:12:10,commit 79c04e6e05 | peano 22.0.0+0006955e | mlir_aie 1.4.4.dev73+g18ca6c1 | kernels 5726d482c21a | runtime CachedXRTRuntime | xdna 2.21.0_20260625 | xrt 2.21.0 | host docker-runner-5708612c41cc | device NPU Phoenix | pmode default,iron/operators/axpy/test.py::test_axpy,input_length_1024-num_aie_columns_1-tile_size_1024-scalar_factor_10.0,5/5,no,391.52,334.5,195.6,605.3,168.5880986309532,0.018451728,0.01836722,0.01014987,0.0314035,0.008465918442984789,,,,,
79c04e6e05d3d74fa72f6036238edff157dcd94b,2026-10-04 18:12:10,commit 79c04e6e05 | peano 22.0.0+0006955e | mlir_aie 1.4.4.dev73+g18ca6c1 | kernels 5726d482c21a | runtime CachedXRTRuntime | xdna 2.21.0_20260625 | xrt 2.21.0 | host docker-runner-5708612c41cc | device NPU Phoenix | pmode default,iron/operators/axpy/test.py::test_axpy,input_length_1024-num_aie_columns_1-tile_size_1024-scalar_factor_3.0,5/5,no,245.56,258.8,155.9,311.6,66.63372269354309,0.026794168,0.02374438,0.01971974,0.0394167,0.00829333453331469,,,,,
79c04e6e05d3d74fa72f6036238edff157dcd94b,2026-10-04 18:12:10,commit 79c04e6e05 | peano 22.0.0+0006955e | mlir_aie 1.4.4.dev73+g18ca6c1 | kernels 5726d482c21a | runtime CachedXRTRuntime | xdna 2.21.0_20260625 | xrt 2.21.0 | host docker-runner-5708612c41cc | device NPU Phoenix | pmode default,iron/operators/axpy/test.py::test_axpy,input_length_1024-num_aie_columns_2-tile_size_512-scalar_factor_1.003,5/5,no,369.2,355.5,227.7,583.8,133.4272273563383,0.018297764,0.01728183,0.01052365,0.02698062,0.0060454733693177404,,,,,
79c04e6e05d3d74fa72f6036238edff157dcd94b,2026-10-04 18:12:10,commit 79c04e6e05 | peano 22.0.0+0006955e | mlir_aie 1.4.4.dev73+g18ca6c1 | kernels 5726d482c21a | runtime CachedXRTRuntime | xdna 2.21.0_20260625 | xrt 2.21.0 | host docker-runner-5708612c41cc | device NPU Phoenix | pmode default,iron/operators/axpy/test.py::test_axpy,input_length_1024-num_aie_columns_2-tile_size_512-scalar_factor_10.0,5/5,no,391.52,410.4,217.7,594.4,148.9156371909948,0.017808906,0.01497251,0.01033722,0.02822103,0.007232089810250562,,,,,
79c04e6e05d3d74fa72f6036238edff157dcd94b,2026-10-04 18:12:10,commit 79c04e6e05 | peano 22.0.0+0006955e | mlir_aie 1.4.4.dev73+g18ca6c1 | kernels 5726d482c21a | runtime CachedXRTRuntime | xdna 2.21.0_20260625 | xrt 2.21.0 | host docker-runner-5708612c41cc | device NPU Phoenix | pmode default,iron/operators/axpy/test.py::test_axpy,input_length_1024-num_aie_columns_2-tile_size_512-scalar_factor_3.0,5/5,no,325.62,259.1,194.2,493.4,135.0004148141775,0.021551531999999998,0.02370855,0.01245293,0.0316383,0.008244304411372132,,,,,
79c04e6e05d3d74fa72f6036238edff157dcd94b,2026-10-04 18:12:10,commit 79c04e6e05 | peano 22.0.0+0006955e | mlir_aie 1.4.4.dev73+g18ca6c1 | kernels 5726d482c21a | runtime CachedXRTRuntime | xdna 2.21.0_20260625 | xrt 2.21.0 | host docker-runner-5708612c41cc | device NPU Phoenix | pmode default,iron/operators/axpy/test.py::test_axpy,input_length_1024-num_aie_columns_4-tile_size_256-scalar_factor_1.003,5/5,no,349.92,278.7,234.3,553.9,140.598051195598,0.019707608,0.02204885,0.01109141,0.02622503,0.006789252288670675,,,,,
79c04e6e05d3d74fa72f6036238edff157dcd94b,2026-10-04 18:12:10,commit 79c04e6e05 | peano 22.0.0+0006955e | mlir_aie 1.4.4.dev73+g18ca6c1 | kernels 5726d482c21a | runtime CachedXRTRuntime | xdna 2.21.0_20260625 | xrt 2.21.0 | host docker-runner-5708612c41cc | device NPU Phoenix | pmode default,iron/operators/axpy/test.py::test_axpy,input_length_1024-num_aie_columns_4-tile_size_256-scalar_factor_10.0,5/5,no,432.82,456.9,214.6,550.4,136.20167766955,0.015975236,0.01344717,0.01116312,0.02862828,0.007265376683787978,,,,,
79c04e6e05d3d74fa72f6036238edff157dcd94b,2026-10-04 18:12:10,commit 79c04e6e05 | peano 22.0.0+0006955e | mlir_aie 1.4.4.dev73+g18ca6c1 | kernels 5726d482c21a | runtime CachedXRTRuntime | xdna 2.21.0_20260625 | xrt 2.21.0 | host docker-runner-5708612c41cc | device NPU Phoenix | pmode default,iron/operators/axpy/test.py::test_axpy,input_length_1024-num_aie_columns_4-tile_size_256-scalar_factor_3.0,5/5,no,744.5400000000001,615.1,199.6,1758.9,592.4320999068163,0.013151779799999999,0.009989172,0.003493138,0.03077617,0.01032788769806015,,,,,
79c04e6e05d3d74fa72f6036238edff157dcd94b,2026-10-04 18:12:10,commit 79c04e6e05 | peano 22.0.0+0006955e | mlir_aie 1.4.4.dev73+g18ca6c1 | kernels 5726d482c21a | runtime CachedXRTRuntime | xdna 2.21.0_20260625 | xrt 2.21.0 | host docker-runner-5708612c41cc | device NPU Phoenix | pmode default,iron/operators/axpy/test.py::test_axpy,input_length_2048-num_aie_columns_1-tile_size_2048-scalar_factor_1.003,5/5,no,307.76,284.8,195.8,421.8,109.1655073729793,0.044280311999999995,0.04314364,0.02913416,0.06276817,0.015561491458496836,,,,,
79c04e6e05d3d74fa72f6036238edff157dcd94b,2026-10-04 18:12:10,commit 79c04e6e05 | peano 22.0.0+0006955e | mlir_aie 1.4.4.dev73+g18ca6c1 | kernels 5726d482c21a | runtime CachedXRTRuntime | xdna 2.21.0_20260625 | xrt 2.21.0 | host docker-runner-5708612c41cc | device NPU Phoenix | pmode default,iron/operators/axpy/test.py::test_axpy,input_length_2048-num_aie_columns_1-tile_size_2048-scalar_factor_10.0,5/5,no,300.98,250.8,207.7,410.6,91.396509780188,0.043852548,0.04899678,0.02992832,0.05917336,0.012579881603112169,,,,,
79c04e6e05d3d74fa72f6036238edff157dcd94b,2026-10-04 18:12:10,commit 79c04e6e05 | peano 22.0.0+0006955e | mlir_aie 1.4.4.dev73+g18ca6c1 | kernels 5726d482c21a | runtime CachedXRTRuntime | xdna 2.21.0_20260625 | xrt 2.21.0 | host docker-runner-5708612c41cc | device NPU Phoenix | pmode default,iron/operators/axpy/test.py::test_axpy,input_length_2048-num_aie_columns_1-tile_size_2048-scalar_factor_3.0,5/5,no,333.09999999999997,353.4,208.8,392.9,71.59821925159869,0.038824736,0.03477336,0.0312784,0.05885847,0.01130432706029554,,,,,
79c04e6e05d3d74fa72f6036238edff157dcd94b,2026-10-04 18:12:10,commit 79c04e6e05 | peano 22.0.0+0006955e | mlir_aie 1.4.4.dev73+g18ca6c1 | kernels 5726d482c21a | runtime CachedXRTRuntime | xdna 2.21.0_20260625 | xrt 2.21.0 | host docker-runner-5708612c41cc | device NPU Phoenix | pmode default,iron/operators/axpy/test.py::test_axpy,input_length_2048-num_aie_columns_2-tile_size_1024-scalar_factor_1.003,5/5,no,415.44,458.1,239.6,602.9,150.71610066611993,0.033329456,0.02682548,0.02038308,0.05128976,0.01322171376260014,,,,,
79c04e6e05d3d74fa72f6036238edff157dcd94b,2026-10-04 18:12:10,commit 79c04e6e05 | peano 22.0.0+0006955e | mlir_aie 1.4.4.dev73+g18ca6c1 | kernels 5726d482c21a | runtime CachedXRTRuntime | xdna 2.21.0_20260625 | xrt 2.21.0 | host docker-runner-5708612c41cc | device NPU Phoenix | pmode default,iron/operators/axpy/test.py::test_axpy,input_length_2048-num_aie_columns_2-tile_size_1024-scalar_factor_10.0,5/5,no,488.08,472.0,208.0,1024.1,322.7902833110067,0.033950154,0.02603131,0.01199865,0.05908232,0.018717241143820583,,,,,
79c04e6e05d3d74fa72f6036238edff157dcd94b,2026-10-04 18:12:10,commit 79c04e6e05 | peano 22.0.0+0006955e | mlir_aie 1.4.4.dev73+g18ca6c1 | kernels 5726d482c21a | runtime CachedXRTRuntime | xdna 2.21.0_20260625 | xrt 2.21.0 | host docker-runner-5708612c41cc | device NPU Phoenix | pmode default,iron/operators/axpy/test.py::test_axpy,input_length_2048-num_aie_columns_2-tile_size_1024-scalar_factor_3.0,5/5,no,348.46000000000004,359.1,199.3,513.5,135.1122607315857,0.040301406,0.03421745,0.02393059,0.06165734,0.01661408310162887,,,,,
79c04e6e05d3d74fa72f6036238edff157dcd94b,2026-10-04 18:12:10,commit 79c04e6e05 | peano 22.0.0+0006955e | mlir_aie 1.4.4.dev73+g18ca6c1 | kernels 5726d482c21a | runtime CachedXRTRuntime | xdna 2.21.0_20260625 | xrt 2.21.0 | host docker-runner-5708612c41cc | device NPU Phoenix | pmode default,iron/operators/axpy/test.py::test_axpy,input_length_2048-num_aie_columns_4-tile_size_512-scalar_factor_1.003,5/5,no,428.08,435.8,205.2,661.8,199.36296546751103,0.035224554,0.02819771,0.01856771,0.05989005,0.01809868212368873,,,,,
79c04e6e05d3d74fa72f6036238edff157dcd94b,2026-10-04 18:12:10,commit 79c04e6e05 | peano 22.0.0+0006955e | mlir_aie 1.4.4.dev73+g18ca6c1 | kernels 5726d482c21a | runtime CachedXRTRuntime | xdna 2.21.0_20260625 | xrt 2.21.0 | host docker-runner-5708612c41cc | device NPU Phoenix | pmode default,iron/operators/axpy/test.py::test_axpy,input_length_2048-num_aie_columns_4-tile_size_512-scalar_factor_10.0,5/5,no,347.18,403.6,199.5,451.2,109.40256852560638,0.03905898,0.03044614,0.02723115,0.06158318,0.014771386512739758,,,,,
79c04e6e05d3d74fa72f6036238edff157dcd94b,2026-10-04 18:12:10,commit 79c04e6e05 | peano 22.0.0+0006955e | mlir_aie 1.4.4.dev73+g18ca6c1 | kernels 5726d482c21a | runtime CachedXRTRuntime | xdna 2.21.0_20260625 | xrt 2.21.0 | host docker-runner-5708612c41cc | device NPU Phoenix | pmode default,iron/operators/axpy/test.py::test_axpy,input_length_2048-num_aie_columns_4-tile_size_512-scalar_factor_3.0,5/5,no,444.72,454.7,201.3,633.6,159.89916197403912,0.032172086,0.02702358,0.01939541,0.06104655,0.016612224710860674,,,,,
79c04e6e05d3d74fa72f6036238edff157dcd94b,2026-10-04 18:12:10,commit 79c04e6e05 | peano 22.0.0+0006955e | mlir_aie 1.4.4.dev73+g18ca6c1 | kernels 5726d482c21a | runtime CachedXRTRuntime | xdna 2.21.0_20260625 | xrt 2.21.0 | host docker-runner-5708612c41cc | device NPU Phoenix | pmode default,iron/operators/axpy/test.py::test_axpy,input_length_4096-num_aie_columns_1-tile_size_4096-scalar_factor_1.003,5/5,no,490.5,415.3,214.0,1033.7,330.4685234632793,0.06827477,0.05917921,0.02377539,0.1148502,0.03749569406278873,,,,,
79c04e6e05d3d74fa72f6036238edff157dcd94b,2026-10-04 18:12:10,commit 79c04e6e05 | peano 22.0.0+0006955e | mlir_aie 1.4.4.dev73+g18ca6c1 | kernels 5726d482c21a | runtime CachedXRTRuntime | xdna 2.21.0_20260625 | xrt 2.21.0 | host docker-runner-5708612c41cc | device NPU Phoenix | pmode default,iron/operators/axpy/test.py::test_axpy,input_length_4096-num_aie_columns_1-tile_size_4096-scalar_factor_10.0,5/5,no,353.46000000000004,357.1,229.1,507.6,108.4346485215865,0.075054904,0.06882472,0.04841951,0.1072574,0.023175393575351207,,,,,
79c04e6e05d3d74fa72f6036238edff157dcd94b,2026-10-04 18:12:10,commit 79c04e6e05 | peano 22.0.0+0006955e | mlir_aie 1.4.4.dev73+g18ca6c1 | kernels 5726d482c21a | runtime CachedXRTRuntime | xdna 2.21.0_20260625 | xrt 2.21.0 | host docker-runner-5708612c41cc | device NPU Phoenix | pmode default,iron/operators/axpy/test.py::test_axpy,input_length_4096-num_aie_columns_1-tile_size_4096-scalar_factor_3.0,5/5,no,469.65999999999997,524.8,262.5,591.0,138.38581213404788,0.057362744,0.04682507,0.0415858,0.093625,0.02182121361620682,,,,,
79c04e6e05d3d74fa72f6036238edff157dcd94b,2026-10-04 18:12:10,commit 79c04e6e05 | peano 22.0.0+0006955e | mlir_aie 1.4.4.dev73+g18ca6c1 | kernels 5726d482c21a | runtime CachedXRTRuntime | xdna 2.21.0_20260625 | xrt 2.21.0 | host docker-runner-5708612c41cc | device NPU Phoenix | pmode default,iron/operators/axpy/test.py::test_axpy,input_length_4096-num_aie_columns_2-tile_size_2048-scalar_factor_1.003,5/5,no,453.18,450.1,231.5,612.8,154.462056829501,0.06124206,0.05459805,0.04010228,0.1061529,0.026807255899913552,,,,,
79c04e6e05d3d74fa72f6036238edff157dcd94b,2026-10-04 18:12:10,commit 79c04e6e05 | peano 22.0.0+0006955e | mlir_aie 1.4.4.dev73+g18ca6c1 | kernels 5726d482c21a | runtime CachedXRTRuntime | xdna 2.21.0_20260625 | xrt 2.21.0 | host docker-runner-5708612c41cc | device NPU Phoenix | pmode default,iron/operators/axpy/test.py::test_axpy,input_length_4096-num_aie_columns_2-tile_size_2048-scalar_factor_10.0,5/5,no,317.6,259.8,220.1,491.9,115.9794162771998,0.084999236,0.09459293,0.04996087,0.1116715,0.026515428413075474,,,,,
79c04e6e05d3d74fa72f6036238edff157dcd94b,2026-10-04 18:12:10,commit 79c04e6e05 | peano 22.0.0+0006955e | mlir_aie 1.4.4.dev73+g18ca6c1 | kernels 5726d482c21a | runtime CachedXRTRuntime | xdna 2.21.0_20260625 | xrt 2.21.0 | host docker-runner-5708612c41cc | device NPU Phoenix | pmode default,iron/operators/axpy/test.py::test_axpy,input_length_4096-num_aie_columns_2-tile_size_2048-scalar_factor_3.0,5/5,no,270.86,250.9,237.9,338.5,41.48099564860998,0.092278386,0.09796621,0.07260995,0.1033009,0.012605881826597056,,,,,
79c04e6e05d3d74fa72f6036238edff157dcd94b,2026-10-04 18:12:10,commit 79c04e6e05 | peano 22.0.0+0006955e | mlir_aie 1.4.4.dev73+g18ca6c1 | kernels 5726d482c21a | runtime CachedXRTRuntime | xdna 2.21.0_20260625 | xrt 2.21.0 | host docker-runner-5708612c41cc | device NPU Phoenix | pmode default,iron/operators/axpy/test.py::test_axpy,input_length_4096-num_aie_columns_4-tile_size_1024-scalar_factor_1.003,5/5,no,411.92,373.4,238.1,612.2,162.56382438906883,0.067877564,0.06582175,0.04014368,0.1032093,0.02672987661183886,,,,,
79c04e6e05d3d74fa72f6036238edff157dcd94b,2026-10-04 18:12:10,commit 79c04e6e05 | peano 22.0.0+0006955e | mlir_aie 1.4.4.dev73+g18ca6c1 | kernels 5726d482c21a | runtime CachedXRTRuntime | xdna 2.21.0_20260625 | xrt 2.21.0 | host docker-runner-5708612c41cc | device NPU Phoenix | pmode default,iron/operators/axpy/test.py::test_axpy,input_length_4096-num_aie_columns_4-tile_size_1024-scalar_factor_10.0,5/5,no,440.78,355.4,203.4,751.5,228.03448642694374,0.069525406,0.06915453,0.03270333,0.1208248,0.03542686877104199,,,,,
79c04e6e05d3d74fa72f6036238edff157dcd94b,2026-10-04 18:12:10,commit 79c04e6e05 | peano 22.0.0+0006955e | mlir_aie 1.4.4.dev73+g18ca6c1 | kernels 5726d482c21a | runtime CachedXRTRuntime | xdna 2.21.0_20260625 | xrt 2.21.0 | host docker-runner-5708612c41cc | device NPU Phoenix | pmode default,iron/operators/axpy/test.py::test_axpy,input_length_4096-num_aie_columns_4-tile_size_1024-scalar_factor_3.0,5/5,no,473.58,568.1,203.6,584.9,161.535590505622,0.060954962,0.04326166,0.04201672,0.1207233,0.033870861350450185,,,,,
79c04e6e05d3d74fa72f6036238edff157dcd94b,2026-10-04 18:12:10,commit 79c04e6e05 | peano 22.0.0+0006955e | mlir_aie 1.4.4.dev73+g18ca6c1 | kernels 5726d482c21a | runtime CachedXRTRuntime | xdna 2.21.0_20260625 | xrt 2.21.0 | host docker-runner-5708612c41cc | device NPU Phoenix | pmode default,iron/operators/axpy/test.py::test_axpy,input_length_8192-num_aie_columns_1-tile_size_8192-scalar_factor_1.003,5/5,no,344.64,337.3,245.4,488.5,96.42358632616815,0.15137192,0.1457288,0.1006104,0.2003252,0.03990054594253066,,,,,
79c04e6e05d3d74fa72f6036238edff157dcd94b,2026-10-04 18:12:10,commit 79c04e6e05 | peano 22.0.0+0006955e | mlir_aie 1.4.4.dev73+g18ca6c1 | kernels 5726d482c21a | runtime CachedXRTRuntime | xdna 2.21.0_20260625 | xrt 2.21.0 | host docker-runner-5708612c41cc | device NPU Phoenix | pmode default,iron/operators/axpy/test.py::test_axpy,input_length_8192-num_aie_columns_1-tile_size_8192-scalar_factor_10.0,5/5,no,421.28,425.6,224.2,614.4,138.21587101342595,0.129670928,0.1154779,0.07999674,0.21927,0.05255463096234165,,,,,
79c04e6e05d3d74fa72f6036238edff157dcd94b,2026-10-04 18:12:10,commit 79c04e6e05 | peano 22.0.0+0006955e | mlir_aie 1.4.4.dev73+g18ca6c1 | kernels 5726d482c21a | runtime CachedXRTRuntime | xdna 2.21.0_20260625 | xrt 2.21.0 | host docker-runner-5708612c41cc | device NPU Phoenix | pmode default,iron/operators/axpy/test.py::test_axpy,input_length_8192-num_aie_columns_1-tile_size_8192-scalar_factor_3.0,5/5,no,304.36,255.9,240.4,395.0,76.28429065017252,0.1692869,0.1920518,0.1244317,0.204432,0.03900304201783497,,,,,
79c04e6e05d3d74fa72f6036238edff157dcd94b,2026-10-04 18:12:10,commit 79c04e6e05 | peano 22.0.0+0006955e | mlir_aie 1.4.4.dev73+g18ca6c1 | kernels 5726d482c21a | runtime CachedXRTRuntime | xdna 2.21.0_20260625 | xrt 2.21.0 | host docker-runner-5708612c41cc | device NPU Phoenix | pmode default,iron/operators/axpy/test.py::test_axpy,input_length_8192-num_aie_columns_2-tile_size_4096-scalar_factor_1.003,5/5,no,404.42,334.0,267.1,565.1,137.99118450103978,0.133006514,0.1471582,0.08698037,0.1840265,0.04248695787955382,,,,,
79c04e6e05d3d74fa72f6036238edff157dcd94b,2026-10-04 18:12:10,commit 79c04e6e05 | peano 22.0.0+0006955e | mlir_aie 1.4.4.dev73+g18ca6c1 | kernels 5726d482c21a | runtime CachedXRTRuntime | xdna 2.21.0_20260625 | xrt 2.21.0 | host docker-runner-5708612c41cc | device NPU Phoenix | pmode default,iron/operators/axpy/test.py::test_axpy,input_length_8192-num_aie_columns_2-tile_size_4096-scalar_factor_10.0,5/5,no,1023.6800000000001,469.5,290.8,2057.9,855.3718179832675,0.086690954,0.1046963,0.02388397,0.1690309,0.06159245511377656,,,,,
79c04e6e05d3d74fa72f6036238edff157dcd94b,2026-10-04 18:12:10,commit 79c04e6e05 | peano 22.0.0+0006955e | mlir_aie 1.4.4.dev73+g18ca6c1 | kernels 5726d482c21a | runtime CachedXRTRuntime | xdna 2.21.0_20260625 | xrt 2.21.0 | host docker-runner-5708612c41cc | device NPU Phoenix | pmode default,iron/operators/axpy/test.py::test_axpy,input_length_8192-num_aie_columns_2-tile_size_4096-scalar_factor_3.0,5/5,no,413.42,494.1,245.3,529.5,134.96137225147052,0.131845,0.09947603,0.09282106,0.2003416,0.049915574830298716,,,,,
79c04e6e05d3d74fa72f6036238edff157dcd94b,2026-10-04 18:12:10,commit 79c04e6e05 | peano 22.0.0+0006955e | mlir_aie 1.4.4.dev73+g18ca6c1 | kernels 5726d482c21a | runtime CachedXRTRuntime | xdna 2.21.0_20260625 | xrt 2.21.0 | host docker-runner-5708612c41cc | device NPU Phoenix | pmode default,iron/operators/axpy/test.py::test_axpy,input_length_8192-num_aie_columns_4-tile_size_2048-scalar_factor_1.003,5/5,no,405.14,391.3,200.6,596.3,147.4725160835062,0.138657008,0.1256005,0.08242264,0.2449797,0.06321727734743343,,,,,
79c04e6e05d3d74fa72f6036238edff157dcd94b,2026-10-04 18:12:10,commit 79c04e6e05 | peano 22.0.0+0006955e | mlir_aie 1.4.4.dev73+g18ca6c1 | kernels 5726d482c21a | runtime CachedXRTRuntime | xdna 2.21.0_20260625 | xrt 2.21.0 | host docker-runner-5708612c41cc | device NPU Phoenix | pmode default,iron/operators/axpy/test.py::test_axpy,input_length_8192-num_aie_columns_4-tile_size_2048-scalar_factor_10.0,5/5,no,419.65999999999997,430.9,203.5,582.4,137.81488671402664,0.132819816,0.1140762,0.08439488,0.2415771,0.062254287167441566,,,,,
79c04e6e05d3d74fa72f6036238edff157dcd94b,2026-10-04 18:12:10,commit 79c04e6e05 | peano 22.0.0+0006955e | mlir_aie 1.4.4.dev73+g18ca6c1 | kernels 5726d482c21a | runtime CachedXRTRuntime | xdna 2.21.0_20260625 | xrt 2.21.0 | host docker-runner-5708612c41cc | device NPU Phoenix | pmode default,iron/operators/axpy/test.py::test_axpy,input_length_8192-num_aie_columns_4-tile_size_2048-scalar_factor_3.0,5/5,no,457.52,509.5,198.3,812.7,252.03506105302097,0.14200638,0.096479,0.0604778,0.2479256,0.08309142775251849,,,,,
79c04e6e05d3d74fa72f6036238edff157dcd94b,2026-10-04 18:12:10,commit 79c04e6e05 | peano 22.0.0+0006955e | mlir_aie 1.4.4.dev73+g18ca6c1 | kernels 5726d482c21a | runtime CachedXRTRuntime | xdna 2.21.0_20260625 | xrt 2.21.0 | host docker-runner-5708612c41cc | device NPU Phoenix | pmode default,iron/operators/axpy/test.py::test_axpy,input_length_8388608-num_aie_columns_4-tile_size_4096-scalar_factor_3.0,5/5,yes,3790.44,3048.4,1887.9,6790.7,1924.537764763269,16.0487654,16.511,7.411797,26.66069,7.365912376612337,,,,,
79c04e6e05d3d74fa72f6036238edff157dcd94b,2026-10-04 18:12:10,commit 79c04e6e05 | peano 22.0.0+0006955e | mlir_aie 1.4.4.dev73+g18ca6c1 | kernels 5726d482c21a | runtime CachedXRTRuntime | xdna 2.21.0_20260625 | xrt 2.21.0 | host docker-runner-5708612c41cc | device NPU Phoenix | pmode default,iron/operators/dequant/test.py::test_dequant,input_length_1024-num_aie_columns_1-num_channels_1-tile_size_1024-group_size_32,5/5,no,317.86,256.5,196.1,487.8,136.8499287540918,0.009516237,0.01022994,0.005379507,0.01338373,0.0037122296058638396,,,,,
79c04e6e05d3d74fa72f6036238edff157dcd94b,2026-10-04 18:12:10,commit 79c04e6e05 | peano 22.0.0+0006955e | mlir_aie 1.4.4.dev73+g18ca6c1 | kernels 5726d482c21a | runtime CachedXRTRuntime | xdna 2.21.0_20260625 | xrt 2.21.0 | host docker-runner-5708612c41cc | device NPU Phoenix | pmode default,iron/operators/dequant/test.py::test_dequant,input_length_1024-num_aie_columns_1-num_channels_2-tile_size_512-group_size_32,5/5,no,485.41999999999996,502.5,206.2,717.8,187.50788516753101,0.006451954,0.005221423,0.003655716,0.01272316,0.003608373264508746,,,,,
79c04e6e05d3d74fa72f6036238edff157dcd94b,2026-10-04 18:12:10,commit 79c04e6e05 | peano 22.0.0+0006955e | mlir_aie 1.4.4.dev73+g18ca6c1 | kernels 5726d482c21a | runtime CachedXRTRuntime | xdna 2.21.0_20260625 | xrt 2.21.0 | host docker-runner-5708612c41cc | device NPU Phoenix | pmode default,iron/operators/dequant/test.py::test_dequant,input_length_1024-num_aie_columns_2-num_channels_1-tile_size_512-group_size_32,5/5,no,347.4,268.5,233.9,499.6,125.4596548696034,0.0083319178,0.009772266,0.005252622,0.01121991,0.002712303183556403,,,,,
79c04e6e05d3d74fa72f6036238edff157dcd94b,2026-10-04 18:12:10,commit 79c04e6e05 | peano 22.0.0+0006955e | mlir_aie 1.4.4.dev73+g18ca6c1 | kernels 5726d482c21a | runtime CachedXRTRuntime | xdna 2.21.0_20260625 | xrt 2.21.0 | host docker-runner-5708612c41cc | device NPU Phoenix | pmode default,iron/operators/dequant/test.py::test_dequant,input_length_1024-num_aie_columns_2-num_channels_2-tile_size_256-group_size_32,5/5,no,395.8,455.6,221.8,562.2,158.28971855430157,0.0077392766,0.005758844,0.00466732,0.01182904,0.00350000439691221,,,,,
79c04e6e05d3d74fa72f6036238edff157dcd94b,2026-10-04 18:12:10,commit 79c04e6e05 | peano 22.0.0+0006955e | mlir_aie 1.4.4.dev73+g18ca6c1 | kernels 5726d482c21a | runtime CachedXRTRuntime | xdna 2.21.0_20260625 | xrt 2.21.0 | host docker-runner-5708612c41cc | device NPU Phoenix | pmode default,iron/operators/dequant/test.py::test_dequant,input_length_1024-num_aie_columns_4-num_channels_1-tile_size_256-group_size_32,5/5,no,498.78,567.3,241.5,736.7,216.640686391084,0.006358331,0.00462537,0.003561709,0.0108652,0.003232126863704146,,,,,
79c04e6e05d3d74fa72f6036238edff157dcd94b,2026-10-04 18:12:10,commit 79c04e6e05 | peano 22.0.0+0006955e | mlir_aie 1.4.4.dev73+g18ca6c1 | kernels 5726d482c21a | runtime CachedXRTRuntime | xdna 2.21.0_20260625 | xrt 2.21.0 | host docker-runner-5708612c41cc | device NPU Phoenix | pmode default,iron/operators/dequant/test.py::test_dequant,input_length_1024-num_aie_columns_4-num_channels_2-tile_size_128-group_size_32,5/5,no,383.28000000000003,334.5,287.4,547.2,109.26310905333055,0.007258238199999999,0.007845037,0.004795506,0.00913045,0.0018276241398868642,,,,,
79c04e6e05d3d74fa72f6036238edff157dcd94b,2026-10-04 18:12:10,commit 79c04e6e05 | peano 22.0.0+0006955e | mlir_aie 1.4.4.dev73+g18ca6c1 | kernels 5726d482c21a | runtime CachedXRTRuntime | xdna 2.21.0_20260625 | xrt 2.21.0 | host docker-runner-5708612c41cc | device NPU Phoenix | pmode default,iron/operators/dequant/test.py::test_dequant,input_length_2048-num_aie_columns_1-num_channels_1-tile_size_2048-group_size_32,5/5,no,253.34,251.6,218.8,289.3,30.988756025371526,0.020965572000000002,0.02085743,0.01813883,0.02398625,0.002567304387177336,,,,,
79c04e6e05d3d74fa72f6036238edff157dcd94b,2026-10-04 18:12:10,commit 79c04e6e05 | peano 22.0.0+0006955e | mlir_aie 1.4.4.dev73+g18ca6c1 | kernels 5726d482c21a | runtime CachedXRTRuntime | xdna 2.21.0_20260625 | xrt 2.21.0 | host docker-runner-5708612c41cc | device NPU Phoenix | pmode default,iron/operators/dequant/test.py::test_dequant,input_length_2048-num_aie_columns_1-num_channels_2-tile_size_1024-group_size_32,5/5,no,300.38,225.5,195.3,526.5,136.73418372886863,0.019896612600000002,0.02327438,0.009967143,0.02687175,0.00686779575593682,,,,,
79c04e6e05d3d74fa72f6036238edff157dcd94b,2026-10-04 18:12:10,commit 79c04e6e05 | peano 22.0.0+0006955e | mlir_aie 1.4.4.dev73+g18ca6c1 | kernels 5726d482c21a | runtime CachedXRTRuntime | xdna 2.21.0_20260625 | xrt 2.21.0 | host docker-runner-5708612c41cc | device NPU Phoenix | pmode default,iron/operators/dequant/test.py::test_dequant,input_length_2048-num_aie_columns_2-num_channels_1-tile_size_1024-group_size_32,5/5,no,447.36,446.3,223.0,603.2,158.32360215710102,0.013380631,0.01175917,0.008700914,0.02352941,0.006083679430462539,,,,,
79c04e6e05d3d74fa72f6036238edff157dcd94b,2026-10-04 18:12:10,commit 79c04e6e05 | peano 22.0.0+0006955e | mlir_aie 1.4.4.dev73+g18ca6c1 | kernels 5726d482c21a | runtime CachedXRTRuntime | xdna 2.21.0_20260625 | xrt 2.21.0 | host docker-runner-5708612c41cc | device NPU Phoenix | pmode default,iron/operators/dequant/test.py::test_dequant,input_length_2048-num_aie_columns_2-num_channels_2-tile_size_512-group_size_32,5/5,no,407.26,399.4,213.1,564.4,150.15549606990746,0.014678258599999999,0.01314001,0.009297695,0.02462335,0.006322240335081765,,,,,
79c04e6e05d3d74fa72f6036238edff157dcd94b,2026-10-04 18:12:10,commit 79c04e6e05 | peano 22.0.0+0006955e | mlir_aie 1.4.4.dev73+g18ca6c1 | kernels 5726d482c21a | runtime CachedXRTRuntime | xdna 2.21.0_20260625 | xrt 2.21.0 | host docker-runner-5708612c41cc | device NPU Phoenix | pmode default,iron/operators/dequant/test.py::test_dequant,input_length_2048-num_aie_columns_4-num_channels_1-tile_size_512-group_size_32,5/5,no,366.42,340.9,194.0,576.8,163.3026086748157,0.0169548056,0.0153945,0.009097938,0.0270482,0.0076532531669445516,,,,,
79c04e6e05d3d74fa72f6036238edff157dcd94b,2026-10-04 18:12:10,commit 79c04e6e05 | peano 22.0.0+0006955e | mlir_aie 1.4.4.dev73+g18ca6c1 | kernels 5726d482c21a | runtime CachedXRTRuntime | xdna 2.21.0_20260625 | xrt 2.21.0 | host docker-runner-5708612c41cc | device NPU Phoenix | pmode default,iron/operators/dequant/test.py::test_dequant,input_length_2048-num_aie_columns_4-num_channels_2-tile_size_256-group_size_32,5/5,no,466.76,488.3,284.5,615.4,141.85511270306753,0.0122425264,0.01074839,0.008527399,0.01844413,0.004189026296689518,,,,,
79c04e6e05d3d74fa72f6036238edff157dcd94b,2026-10-04 18:12:10,commit 79c04e6e05 | peano 22.0.0+0006955e | mlir_aie 1.4.4.dev73+g18ca6c1 | kernels 5726d482c21a | runtime CachedXRTRuntime | xdna 2.21.0_20260625 | xrt 2.21.0 | host docker-runner-5708612c41cc | device NPU Phoenix | pmode default,iron/operators/dequant/test.py::test_dequant,input_length_4096-num_aie_columns_1-num_channels_1-tile_size_4096-group_size_32,5/5,no,279.04,241.3,192.3,447.1,102.03522921030756,0.041077169999999996,0.04350421,0.02347621,0.05458933,0.012172678501663058,,,,,
79c04e6e05d3d74fa72f6036238edff157dcd94b,2026-10-04 18:12:10,commit 79c04e6e05 | peano 22.0.0+0006955e | mlir_aie 1.4.4.dev73+g18ca6c1 | kernels 5726d482c21a | runtime CachedXRTRuntime | xdna 2.21.0_20260625 | xrt 2.21.0 | host docker-runner-5708612c41cc | device NPU Phoenix | pmode default,iron/operators/dequant/test.py::test_dequant,input_length_4096-num_aie_columns_1-num_channels_2-tile_size_2048-group_size_32,5/5,no,325.08,241.2,200.9,577.4,161.3965520077799,0.038068776,0.04350962,0.01817722,0.05224282,0.014983893170028609,,,,,
79c04e6e05d3d74fa72f6036238edff157dcd94b,2026-10-04 18:12:10,commit 79c04e6e05 | peano 22.0.0+0006955e | mlir_aie 1.4.4.dev73+g18ca6c1 | kernels 5726d482c21a | runtime CachedXRTRuntime | xdna 2.21.0_20260625 | xrt 2.21.0 | host docker-runner-5708612c41cc | device NPU Phoenix | pmode default,iron/operators/dequant/test.py::test_dequant,input_length_4096-num_aie_columns_2-num_channels_1-tile_size_2048-group_size_32,5/5,no,292.0,319.0,194.2,387.3,80.07699419933293,0.038412674,0.03290396,0.02710121,0.05404849,0.011396164173932823,,,,,
79c04e6e05d3d74fa72f6036238edff157dcd94b,2026-10-04 18:12:10,commit 79c04e6e05 | peano 22.0.0+0006955e | mlir_aie 1.4.4.dev73+g18ca6c1 | kernels 5726d482c21a | runtime CachedXRTRuntime | xdna 2.21.0_20260625 | xrt 2.21.0 | host docker-runner-5708612c41cc | device NPU Phoenix | pmode default,iron/operators/dequant/test.py::test_dequant,input_length_4096-num_aie_columns_2-num_channels_2-tile_size_1024-group_size_32,5/5,no,843.08,502.6,192.0,2419.6,895.8628114839905,0.0237847926,0.02088278,0.004337853,0.05468062,0.01867608660910681,,,,,
79c04e6e05d3d74fa72f6036238edff157dcd94b,2026-10-04 18:12:10,commit 79c04e6e05 | peano 22.0.0+0006955e | mlir_aie 1.4.4.dev73+g18ca6c1 | kernels 5726d482c21a | runtime CachedXRTRuntime | xdna 2.21.0_20260625 | xrt 2.21.0 | host docker-runner-5708612c41cc | device NPU Phoenix | pmode default,iron/operators/dequant/test.py::test_dequant,input_length_4096-num_aie_columns_4-num_channels_1-tile_size_1024-group_size_32,5/5,no,375.58,432.6,240.5,462.9,102.99726695403135,0.03000571,0.02426523,0.02267591,0.04363642,0.009457882990704105,,,,,
79c04e6e05d3d74fa72f6036238edff157dcd94b,2026-10-04 18:12:10,commit 79c04e6e05 | peano 22.0.0+0006955e | mlir_aie 1.4.4.dev73+g18ca6c1 | kernels 5726d482c21a | runtime CachedXRTRuntime | xdna 2.21.0_20260625 | xrt 2.21.0 | host docker-runner-5708612c41cc | device NPU Phoenix | pmode default,iron/operators/dequant/test.py::test_dequant,input_length_4096-num_aie_columns_4-num_channels_2-tile_size_512-group_size_32,5/5,no,531.56,494.9,307.9,973.0,259.17621997397833,0.022886412000000002,0.02120871,0.01078692,0.03408357,0.008604086918120365,,,,,
79c04e6e05d3d74fa72f6036238edff157dcd94b,2026-10-04 18:12:10,commit 79c04e6e05 | peano 22.0.0+0006955e | mlir_aie 1.4.4.dev73+g18ca6c1 | kernels 5726d482c21a | runtime CachedXRTRuntime | xdna 2.21.0_20260625 | xrt 2.21.0 | host docker-runner-5708612c41cc | device NPU Phoenix | pmode default,iron/operators/dequant/test.py::test_dequant,input_length_8192-num_aie_columns_1-num_channels_1-tile_size_8192-group_size_32,5/5,no,435.68,382.7,268.3,624.1,148.98007249293445,0.05299032,0.05484678,0.03363488,0.07823349,0.01806097755091208,,,,,
79c04e6e05d3d74fa72f6036238edff157dcd94b,2026-10-04 18:12:10,commit 79c04e6e05 | peano 22.0.0+0006955e | mlir_aie 1.4.4.dev73+g18ca6c1 | kernels 5726d482c21a | runtime CachedXRTRuntime | xdna 2.21.0_20260625 | xrt 2.21.0 | host docker-runner-5708612c41cc | device NPU Phoenix | pmode default,iron/operators/dequant/test.py::test_dequant,input_length_8192-num_aie_columns_1-num_channels_2-tile_size_4096-group_size_32,5/5,no,294.46,256.0,224.1,465.8,100.16959618566904,0.076610552,0.08199007,0.04506404,0.09367205,0.019899709463114534,,,,,
79c04e6e05d3d74fa72f6036238edff157dcd94b,2026-10-04 18:12:10,commit 79c04e6e05 | peano 22.0.0+0006955e | mlir_aie 1.4.4.dev73+g18ca6c1 | kernels 5726d482c21a | runtime CachedXRTRuntime | xdna 2.21.0_20260625 | xrt 2.21.0 | host docker-runner-5708612c41cc | device NPU Phoenix | pmode default,iron/operators/dequant/test.py::test_dequant,input_length_8192-num_aie_columns_2-num_channels_1-tile_size_4096-group_size_32,5/5,no,250.26,263.7,204.7,308.6,43.81738239557449,0.085975492,0.07960984,0.06801892,0.1025526,0.015065677001645827,,,,,
79c04e6e05d3d74fa72f6036238edff157dcd94b,2026-10-04 18:12:10,commit 79c04e6e05 | peano 22.0.0+0006955e | mlir_aie 1.4.4.dev73+g18ca6c1 | kernels 5726d482c21a | runtime CachedXRTRuntime | xdna 2.21.0_20260625 | xrt 2.21.0 | host docker-runner-5708612c41cc | device NPU Phoenix | pmode default,iron/operators/dequant/test.py::test_dequant,input_length_8192-num_aie_columns_2-num_channels_2-tile_size_2048-group_size_32,5/5,no,454.84000000000003,520.7,220.3,679.2,217.1043596982797,0.058261538,0.04031272,0.030908,0.09530382,0.032122701021307654,,,,,
79c04e6e05d3d74fa72f6036238edff157dcd94b,2026-10-04 18:12:10,commit 79c04e6e05 | peano 22.0.0+0006955e | mlir_aie 1.4.4.dev73+g18ca6c1 | kernels 5726d482c21a | runtime CachedXRTRuntime | xdna 2.21.0_20260625 | xrt 2.21.0 | host docker-runner-5708612c41cc | device NPU Phoenix | pmode default,iron/operators/dequant/test.py::test_dequant,input_length_8192-num_aie_columns_4-num_channels_1-tile_size_2048-group_size_32,5/5,no,339.26,289.3,227.5,514.5,124.19745569052532,0.068338488,0.07255784,0.04079776,0.09228145,0.0224462934356626,,,,,
79c04e6e05d3d74fa72f6036238edff157dcd94b,2026-10-04 18:12:10,commit 79c04e6e05 | peano 22.0.0+0006955e | mlir_aie 1.4.4.dev73+g18ca6c1 | kernels 5726d482c21a | runtime CachedXRTRuntime | xdna 2.21.0_20260625 | xrt 2.21.0 | host docker-runner-5708612c41cc | device NPU Phoenix | pmode default,iron/operators/dequant/test.py::test_dequant,input_length_8192-num_aie_columns_4-num_channels_2-tile_size_1024-group_size_32,5/5,no,400.08,362.4,320.0,509.3,77.91358674839711,0.054003078,0.05791839,0.04121914,0.06560369,0.009911737739078351,,,,,
79c04e6e05d3d74fa72f6036238edff157dcd94b,2026-10-04 18:12:10,commit 79c04e6e05 | peano 22.0.0+0006955e | mlir_aie 1.4.4.dev73+g18ca6c1 | kernels 5726d482c21a | runtime CachedXRTRuntime | xdna 2.21.0_20260625 | xrt 2.21.0 | host docker-runner-5708612c41cc | device NPU Phoenix | pmode default,iron/operators/dequant/test.py::test_dequant,input_length_8388608-num_aie_columns_4-num_channels_2-tile_size_4096-group_size_32,5/5,yes,1859.26,2330.4,1054.2,2449.9,726.1485509177857,13.4746532,9.223994,8.773989,20.3906,6.127099622837358,,,,,
79c04e6e05d3d74fa72f6036238edff157dcd94b,2026-10-04 18:12:10,commit 79c04e6e05 | peano 22.0.0+0006955e | mlir_aie 1.4.4.dev73+g18ca6c1 | kernels 5726d482c21a | runtime CachedXRTRuntime | xdna 2.21.0_20260625 | xrt 2.21.0 | host docker-runner-5708612c41cc | device NPU Phoenix | pmode default,iron/operators/elementwise_add/test.py::test_elementwise_add,input_length_1024-num_aie_columns_1-tile_size_1024,5/5,no,321.24,376.2,194.0,421.5,107.89315548263475,0.02130145,0.01633143,0.01457572,0.03166929,0.00813529743698717,,,,,
79c04e6e05d3d74fa72f6036238edff157dcd94b,2026-10-04 18:12:10,commit 79c04e6e05 | peano 22.0.0+0006955e | mlir_aie 1.4.4.dev73+g18ca6c1 | kernels 5726d482c21a | runtime CachedXRTRuntime | xdna 2.21.0_20260625 | xrt 2.21.0 | host docker-runner-5708612c41cc | device NPU Phoenix | pmode default,iron/operators/elementwise_add/test.py::test_elementwise_add,input_length_1024-num_aie_columns_2-tile_size_512,5/5,no,236.06,244.1,176.8,318.0,55.54644903141874,0.027165782000000003,0.02517321,0.01931905,0.03475054,0.006154997587178245,,,,,
79c04e6e05d3d74fa72f6036238edff157dcd94b,2026-10-04 18:12:10,commit 79c04e6e05 | peano 22.0.0+0006955e | mlir_aie 1.4.4.dev73+g18ca6c1 | kernels 5726d482c21a | runtime CachedXRTRuntime | xdna 2.21.0_20260625 | xrt 2.21.0 | host docker-runner-5708612c41cc | device NPU Phoenix | pmode default,iron/operators/elementwise_add/test.py::test_elementwise_add,input_length_1024-num_aie_columns_4-tile_size_256,5/5,no,458.20000000000005,497.1,193.6,638.0,165.25860038134172,0.0159031156,0.01236081,0.009630698,0.03174308,0.009000866936370451,,,,,
79c04e6e05d3d74fa72f6036238edff157dcd94b,2026-10-04 18:12:10,commit 79c04e6e05 | peano 22.0.0+0006955e | mlir_aie 1.4.4.dev73+g18ca6c1 | kernels 5726d482c21a | runtime CachedXRTRuntime | xdna 2.21.0_20260625 | xrt 2.21.0 | host docker-runner-5708612c41cc | device NPU Phoenix | pmode default,iron/operators/elementwise_add/test.py::test_elementwise_add,input_length_2048-num_aie_columns_1-tile_size_2048,5/5,no,236.1,245.6,194.7,266.3,28.04879676563685,0.052677457999999996,0.05003013,0.04613981,0.06310081,0.006706651376429965,,,,,
79c04e6e05d3d74fa72f6036238edff157dcd94b,2026-10-04 18:12:10,commit 79c04e6e05 | peano 22.0.0+0006955e | mlir_aie 1.4.4.dev73+g18ca6c1 | kernels 5726d482c21a | runtime CachedXRTRuntime | xdna 2.21.0_20260625 | xrt 2.21.0 | host docker-runner-5708612c41cc | device NPU Phoenix | pmode default,iron/operators/elementwise_add/test.py::test_elementwise_add,input_length_2048-num_aie_columns_2-tile_size_1024,5/5,no,385.66,396.1,200.0,550.0,161.82238102314525,0.037585363999999996,0.03102129,0.02234162,0.06142587,0.017482712217992094,,,,,
79c04e6e05d3d74fa72f6036238edff157dcd94b,2026-10-04 18:12:10,commit 79c04e6e05 | peano 22.0.0+0006955e | mlir_aie 1.4.4.dev73+g18ca6c1 | kernels 5726d482c21a | runtime CachedXRTRuntime | xdna 2.21.0_20260625 | xrt 2.21.0 | host docker-runner-5708612c41cc | device NPU Phoenix | pmode default,iron/operators/elementwise_add/test.py::test_elementwise_add,input_length_2048-num_aie_columns_4-tile_size_512,5/5,no,380.78,331.3,292.2,530.5,104.05016578554789,0.034079976,0.03708991,0.02316231,0.04204763,0.008345242025698238,,,,,
79c04e6e05d3d74fa72f6036238edff157dcd94b,2026-10-04 18:12:10,commit 79c04e6e05 | peano 22.0.0+0006955e | mlir_aie 1.4.4.dev73+g18ca6c1 | kernels 5726d482c21a | runtime CachedXRTRuntime | xdna 2.21.0_20260625 | xrt 2.21.0 | host docker-runner-5708612c41cc | device NPU Phoenix | pmode default,iron/operators/elementwise_add/test.py::test_elementwise_add,input_length_4096-num_aie_columns_1-tile_size_4096,5/5,no,309.82,281.8,198.4,455.1,114.30118984507556,0.08841814199999999,0.08722007,0.05399942,0.1238753,0.03135862798041744,,,,,
79c04e6e05d3d74fa72f6036238edff157dcd94b,2026-10-04 18:12:10,commit 79c04e6e05 | peano 22.0.0+0006955e | mlir_aie 1.4.4.dev73+g18ca6c1 | kernels 5726d482c21a | runtime CachedXRTRuntime | xdna 2.21.0_20260625 | xrt 2.21.0 | host docker-runner-5708612c41cc | device NPU Phoenix | pmode default,iron/operators/elementwise_add/test.py::test_elementwise_add,input_length_4096-num_aie_columns_2-tile_size_2048,5/5,no,273.64,245.9,186.7,484.2,122.36773676096162,0.10118723,0.09995811,0.05075368,0.13164,0.03295250840998148,,,,,
79c04e6e05d3d74fa72f6036238edff157dcd94b,2026-10-04 18:12:10,commit 79c04e6e05 | peano 22.0.0+0006955e | mlir_aie 1.4.4.dev73+g18ca6c1 | kernels 5726d482c21a | runtime CachedXRTRuntime | xdna 2.21.0_20260625 | xrt 2.21.0 | host docker-runner-5708612c41cc | device NPU Phoenix | pmode default,iron/operators/elementwise_add/test.py::test_elementwise_add,input_length_4096-num_aie_columns_4-tile_size_1024,5/5,no,392.18,406.5,200.7,593.5,149.83067776660425,0.071853776,0.060454,0.04141097,0.1224288,0.03175954869768351,,,,,
79c04e6e05d3d74fa72f6036238edff157dcd94b,2026-10-04 18:12:10,commit 79c04e6e05 | peano 22.0.0+0006955e | mlir_aie 1.4.4.dev73+g18ca6c1 | kernels 5726d482c21a | runtime CachedXRTRuntime | xdna 2.21.0_20260625 | xrt 2.21.0 | host docker-runner-5708612c41cc | device NPU Phoenix | pmode default,iron/operators/elementwise_add/test.py::test_elementwise_add,input_length_8192-num_aie_columns_1-tile_size_8192,5/5,no,299.62,221.3,191.3,540.4,146.30057074393113,0.190411698,0.2221198,0.09094879,0.2569367,0.06964655772598902,,,,,
79c04e6e05d3d74fa72f6036238edff157dcd94b,2026-10-04 18:12:10,commit 79c04e6e05 | peano 22.0.0+0006955e | mlir_aie 1.4.4.dev73+g18ca6c1 | kernels 5726d482c21a | runtime CachedXRTRuntime | xdna 2.21.0_20260625 | xrt 2.21.0 | host docker-runner-5708612c41cc | device NPU Phoenix | pmode default,iron/operators/elementwise_add/test.py::test_elementwise_add,input_length_8192-num_aie_columns_2-tile_size_4096,5/5,no,348.48,242.4,223.3,746.7,224.62217610912776,0.17323796,0.2028091,0.0658296,0.2201559,0.06383419036745121,,,,,
79c04e6e05d3d74fa72f6036238edff157dcd94b,2026-10-04 18:12:10,commit 79c04e6e05 | peano 22.0.0+0006955e | mlir_aie 1.4.4.dev73+g18ca6c1 | kernels 5726d482c21a | runtime CachedXRTRuntime | xdna 2.21.0_20260625 | xrt 2.21.0 | host docker-runner-5708612c41cc | device NPU Phoenix | pmode default,iron/operators/elementwise_add/test.py::test_elementwise_add,input_length_8192-num_aie_columns_4-tile_size_2048,5/5,no,440.71999999999997,478.7,244.2,561.8,122.40055963924347,0.121537154,0.1026714,0.08748289,0.201262,0.04604509327575502,,,,,
79c04e6e05d3d74fa72f6036238edff157dcd94b,2026-10-04 18:12:10,commit 79c04e6e05 | peano 22.0.0+0006955e | mlir_aie 1.4.4.dev73+g18ca6c1 | kernels 5726d482c21a | runtime CachedXRTRuntime | xdna 2.21.0_20260625 | xrt 2.21.0 | host docker-runner-5708612c41cc | device NPU Phoenix | pmode default,iron/operators/elementwise_add/test.py::test_elementwise_add,input_length_8388608-num_aie_columns_4-tile_size_4096,5/5,yes,4271.38,4133.8,3164.0,5691.3,1030.5044284232845,12.3346132,12.17562,8.843666,15.90755,2.8928220945680705,,,,,
79c04e6e05d3d74fa72f6036238edff157dcd94b,2026-10-04 18:12:10,commit 79c04e6e05 | peano 22.0.0+0006955e | mlir_aie 1.4.4.dev73+g18ca6c1 | kernels 5726d482c21a | runtime CachedXRTRuntime | xdna 2.21.0_20260625 | xrt 2.21.0 | host docker-runner-5708612c41cc | device NPU Phoenix | pmode default,iron/operators/elementwise_mul/test.py::test_elementwise_mul,input_length_1024-num_aie_columns_1-tile_size_1024,5/5,no,416.38,357.7,257.7,808.4,223.381415968294,0.017263647,0.0171753,0.007600095,0.02383946,0.00609051781200868,,,,,
79c04e6e05d3d74fa72f6036238edff157dcd94b,2026-10-04 18:12:10,commit 79c04e6e05 | peano 22.0.0+0006955e | mlir_aie 1.4.4.dev73+g18ca6c1 | kernels 5726d482c21a | runtime CachedXRTRuntime | xdna 2.21.0_20260625 | xrt 2.21.0 | host docker-runner-5708612c41cc | device NPU Phoenix | pmode default,iron/operators/elementwise_mul/test.py::test_elementwise_mul,input_length_1024-num_aie_columns_2-tile_size_512,5/5,no,424.92,435.3,160.6,636.3,172.7187801022228,0.017965479,0.01411382,0.009656475,0.03825606,0.011535620338878835,,,,,
79c04e6e05d3d74fa72f6036238edff157dcd94b,2026-10-04 18:12:10,commit 79c04e6e05 | peano 22.0.0+0006955e | mlir_aie 1.4.4.dev73+g18ca6c1 | kernels 5726d482c21a | runtime CachedXRTRuntime | xdna 2.21.0_20260625 | xrt 2.21.0 | host docker-runner-5708612c41cc | device NPU Phoenix | pmode default,iron/operators/elementwise_mul/test.py::test_elementwise_mul,input_length_1024-num_aie_columns_4-tile_size_256,5/5,no,429.2,397.7,240.3,634.6,152.77368883417066,0.0159873722,0.01544891,0.009681491,0.02556464,0.006157181750832047,,,,,
79c04e6e05d3d74fa72f6036238edff157dcd94b,2026-10-04 18:12:10,commit 79c04e6e05 | peano 22.0.0+0006955e | mlir_aie 1.4.4.dev73+g18ca6c1 | kernels 5726d482c21a | runtime CachedXRTRuntime | xdna 2.21.0_20260625 | xrt 2.21.0 | host docker-runner-5708612c41cc | device NPU Phoenix | pmode default,iron/operators/elementwise_mul/test.py::test_elementwise_mul,input_length_2048-num_aie_columns_1-tile_size_2048,5/5,no,455.32,477.6,248.6,601.9,141.39224519046297,0.029827046,0.02573031,0.02041562,0.04943715,0.0117779651085716,,,,,
79c04e6e05d3d74fa72f6036238edff157dcd94b,2026-10-04 18:12:10,commit 79c04e6e05 | peano 22.0.0+0006955e | mlir_aie 1.4.4.dev73+g18ca6c1 | kernels 5726d482c21a | runtime CachedXRTRuntime | xdna 2.21.0_20260625 | xrt 2.21.0 | host docker-runner-5708612c41cc | device NPU Phoenix | pmode default,iron/operators/elementwise_mul/test.py::test_elementwise_mul,input_length_2048-num_aie_columns_2-tile_size_1024,5/5,no,496.68,390.5,233.1,1019.8,329.59778822073423,0.033765244,0.03146864,0.01204945,0.0527158,0.018436441286146577,,,,,
79c04e6e05d3d74fa72f6036238edff157dcd94b,2026-10-04 18:12:10,commit 79c04e6e05 | peano 22.0.0+0006955e | mlir_aie 1.4.4.dev73+g18ca6c1 | kernels 5726d482c21a | runtime CachedXRTRuntime | xdna 2.21.0_20260625 | xrt 2.21.0 | host docker-runner-5708612c41cc | device NPU Phoenix | pmode default,iron/operators/elementwise_mul/test.py::test_elementwise_mul,input_length_2048-num_aie_columns_4-tile_size_512,5/5,no,363.86,279.5,203.8,636.8,181.9131880870653,0.040352072,0.04395856,0.01929503,0.06029914,0.017079366248253184,,,,,
79c04e6e05d3d74fa72f6036238edff157dcd94b,2026-10-04 18:12:10,commit 79c04e6e05 | peano 22.0.0+0006955e | mlir_aie 1.4.4.dev73+g18ca6c1 | kernels 5726d482c21a | runtime CachedXRTRuntime | xdna 2.21.0_20260625 | xrt 2.21.0 | host docker-runner-5708612c41cc | device NPU Phoenix | pmode default,iron/operators/elementwise_mul/test.py::test_elementwise_mul,input_length_4096-num_aie_columns_1-tile_size_4096,5/5,no,260.94,242.4,232.8,300.4,30.671615542713088,0.09519369800000001,0.1013878,0.08181773,0.1055498,0.010730039229174326,,,,,
79c04e6e05d3d74fa72f6036238edff157dcd94b,2026-10-04 18:12:10,commit 79c04e6e05 | peano 22.0.0+0006955e | mlir_aie 1.4.4.dev73+g18ca6c1 | kernels 5726d482c21a | runtime CachedXRTRuntime | xdna 2.21.0_20260625 | xrt 2.21.0 | host docker-runner-5708612c41cc | device NPU Phoenix | pmode default,iron/operators/elementwise_mul/test.py::test_elementwise_mul,input_length_4096-num_aie_columns_2-tile_size_2048,5/5,no,288.68,237.5,198.0,477.9,111.34633806282089,0.093391858,0.1034879,0.05141971,0.1241074,0.027555619008106498,,,,,
79c04e6e05d3d74fa72f6036238edff157dcd94b,2026-10-04 18:12:10,commit 79c04e6e05 | peano 22.0.0+0006955e | mlir_aie 1.4.4.dev73+g18ca6c1 | kernels 5726d482c21a | runtime CachedXRTRuntime | xdna 2.21.0_20260625 | xrt 2.21.0 | host docker-runner-5708612c41cc | device NPU Phoenix | pmode default,iron/operators/elementwise_mul/test.py::test_elementwise_mul,input_length_4096-num_aie_columns_4-tile_size_1024,5/5,no,346.21999999999997,301.4,233.0,648.4,171.99020902365342,0.08127621,0.08154571,0.03790545,0.1054637,0.02665395414903856,,,,,
79c04e6e05d3d74fa72f6036238edff157dcd94b,2026-10-04 18:12:10,commit 79c04e6e05 | peano 22.0.0+0006955e | mlir_aie 1.4.4.dev73+g18ca6c1 | kernels 5726d482c21a | runtime CachedXRTRuntime | xdna 2.21.0_20260625 | xrt 2.21.0 | host docker-runner-5708612c41cc | device NPU Phoenix | pmode default,iron/operators/elementwise_mul/test.py::test_elementwise_mul,input_length_8192-num_aie_columns_2-tile_size_4096,5/5,no,306.04,265.3,204.2,485.9,113.7258018217502,0.1767165,0.1852562,0.1011641,0.2407358,0.05577364855655401,,,,,
79c04e6e05d3d74fa72f6036238edff157dcd94b,2026-10-04 18:12:10,commit 79c04e6e05 | peano 22.0.0+0006955e | mlir_aie 1.4.4.dev73+g18ca6c1 | kernels 5726d482c21a | runtime CachedXRTRuntime | xdna 2.21.0_20260625 | xrt 2.21.0 | host docker-runner-5708612c41cc | device NPU Phoenix | pmode default,iron/operators/elementwise_mul/test.py::test_elementwise_mul,input_length_8192-num_aie_columns_4-tile_size_2048,5/5,no,545.4399999999999,521.4,235.9,910.3,279.1115243052497,0.114749602,0.09426186,0.05399705,0.2083745,0.06399035597978824,,,,,
79c04e6e05d3d74fa72f6036238edff157dcd94b,2026-10-04 18:12:10,commit 79c04e6e05 | peano 22.0.0+0006955e | mlir_aie 1.4.4.dev73+g18ca6c1 | kernels 5726d482c21a | runtime CachedXRTRuntime | xdna 2.21.0_20260625 | xrt 2.21.0 | host docker-runner-5708612c41cc | device NPU Phoenix | pmode default,iron/operators/elementwise_mul/test.py::test_elementwise_mul,input_length_8388608-num_aie_columns_4-tile_size_4096,5/5,yes,4862.02,4593.1,3327.3,7421.8,1539.3283265762375,11.0870136,10.9581,6.781558,15.1267,3.0122261210996095,,,,,
79c04e6e05d3d74fa72f6036238edff157dcd94b,2026-10-04 18:12:10,commit 79c04e6e05 | peano 22.0.0+0006955e | mlir_aie 1.4.4.dev73+g18ca6c1 | kernels 5726d482c21a | runtime CachedXRTRuntime | xdna 2.21.0_20260625 | xrt 2.21.0 | host docker-runner-5708612c41cc | device NPU Phoenix | pmode default,iron/operators/flm/dequant/test.py::test_rejects_unservable_shapes,K_1000-N_128-exc_<class 'ValueError'>-match_multiple of,5/5,no,,,,,,,,,,,,,,,
79c04e6e05d3d74fa72f6036238edff157dcd94b,2026-10-04 18:12:10,commit 79c04e6e05 | peano 22.0.0+0006955e | mlir_aie 1.4.4.dev73+g18ca6c1 | kernels 5726d482c21a | runtime CachedXRTRuntime | xdna 2.21.0_20260625 | xrt 2.21.0 | host docker-runner-5708612c41cc | device NPU Phoenix | pmode default,iron/operators/flm/dequant/test.py::test_rejects_unservable_shapes,K_1024-N_100-exc_<class 'ValueError'>-match_multiple of,5/5,no,,,,,,,,,,,,,,,
79c04e6e05d3d74fa72f6036238edff157dcd94b,2026-10-04 18:12:10,commit 79c04e6e05 | peano 22.0.0+0006955e | mlir_aie 1.4.4.dev73+g18ca6c1 | kernels 5726d482c21a | runtime CachedXRTRuntime | xdna 2.21.0_20260625 | xrt 2.21.0 | host docker-runner-5708612c41cc | device NPU Phoenix | pmode default,iron/operators/flm/layer/test.py::test_rejects_unknown_configurations,geometry,5/5,no,,,,,,,,,,,,,,,
79c04e6e05d3d74fa72f6036238edff157dcd94b,2026-10-04 18:12:10,commit 79c04e6e05 | peano 22.0.0+0006955e | mlir_aie 1.4.4.dev73+g18ca6c1 | kernels 5726d482c21a | runtime CachedXRTRuntime | xdna 2.21.0_20260625 | xrt 2.21.0 | host docker-runner-5708612c41cc | device NPU Phoenix | pmode default,iron/operators/flm/layer/test.py::test_rejects_unknown_configurations,layer_type,5/5,no,,,,,,,,,,,,,,,
79c04e6e05d3d74fa72f6036238edff157dcd94b,2026-10-04 18:12:10,commit 79c04e6e05 | peano 22.0.0+0006955e | mlir_aie 1.4.4.dev73+g18ca6c1 | kernels 5726d482c21a | runtime CachedXRTRuntime | xdna 2.21.0_20260625 | xrt 2.21.0 | host docker-runner-5708612c41cc | device NPU Phoenix | pmode default,iron/operators/flm/layer/test.py::test_weight_reads_fit_proj,gemma4_e2b-layer_type_global,5/5,no,,,,,,,,,,,,,,,
79c04e6e05d3d74fa72f6036238edff157dcd94b,2026-10-04 18:12:10,commit 79c04e6e05 | peano 22.0.0+0006955e | mlir_aie 1.4.4.dev73+g18ca6c1 | kernels 5726d482c21a | runtime CachedXRTRuntime | xdna 2.21.0_20260625 | xrt 2.21.0 | host docker-runner-5708612c41cc | device NPU Phoenix | pmode default,iron/operators/flm/layer/test.py::test_weight_reads_fit_proj,gemma4_e2b-layer_type_global_skip,5/5,no,,,,,,,,,,,,,,,
79c04e6e05d3d74fa72f6036238edff157dcd94b,2026-10-04 18:12:10,commit 79c04e6e05 | peano 22.0.0+0006955e | mlir_aie 1.4.4.dev73+g18ca6c1 | kernels 5726d482c21a | runtime CachedXRTRuntime | xdna 2.21.0_20260625 | xrt 2.21.0 | host docker-runner-5708612c41cc | device NPU Phoenix | pmode default,iron/operators/flm/layer/test.py::test_weight_reads_fit_proj,gemma4_e2b-layer_type_swa,5/5,no,,,,,,,,,,,,,,,
79c04e6e05d3d74fa72f6036238edff157dcd94b,2026-10-04 18:12:10,commit 79c04e6e05 | peano 22.0.0+0006955e | mlir_aie 1.4.4.dev73+g18ca6c1 | kernels 5726d482c21a | runtime CachedXRTRuntime | xdna 2.21.0_20260625 | xrt 2.21.0 | host docker-runner-5708612c41cc | device NPU Phoenix | pmode default,iron/operators/flm/layer/test.py::test_weight_reads_fit_proj,gemma4_e2b-layer_type_swa_skip,5/5,no,,,,,,,,,,,,,,,
79c04e6e05d3d74fa72f6036238edff157dcd94b,2026-10-04 18:12:10,commit 79c04e6e05 | peano 22.0.0+0006955e | mlir_aie 1.4.4.dev73+g18ca6c1 | kernels 5726d482c21a | runtime CachedXRTRuntime | xdna 2.21.0_20260625 | xrt 2.21.0 | host docker-runner-5708612c41cc | device NPU Phoenix | pmode default,iron/operators/flm/layer/test.py::test_weight_reads_fit_proj,gemma4_e4b-layer_type_global,5/5,no,,,,,,,,,,,,,,,
79c04e6e05d3d74fa72f6036238edff157dcd94b,2026-10-04 18:12:10,commit 79c04e6e05 | peano 22.0.0+0006955e | mlir_aie 1.4.4.dev73+g18ca6c1 | kernels 5726d482c21a | runtime CachedXRTRuntime | xdna 2.21.0_20260625 | xrt 2.21.0 | host docker-runner-5708612c41cc | device NPU Phoenix | pmode default,iron/operators/flm/layer/test.py::test_weight_reads_fit_proj,gemma4_e4b-layer_type_global_skip,5/5,no,,,,,,,,,,,,,,,
79c04e6e05d3d74fa72f6036238edff157dcd94b,2026-10-04 18:12:10,commit 79c04e6e05 | peano 22.0.0+0006955e | mlir_aie 1.4.4.dev73+g18ca6c1 | kernels 5726d482c21a | runtime CachedXRTRuntime | xdna 2.21.0_20260625 | xrt 2.21.0 | host docker-runner-5708612c41cc | device NPU Phoenix | pmode default,iron/operators/flm/layer/test.py::test_weight_reads_fit_proj,gemma4_e4b-layer_type_swa,5/5,no,,,,,,,,,,,,,,,
79c04e6e05d3d74fa72f6036238edff157dcd94b,2026-10-04 18:12:10,commit 79c04e6e05 | peano 22.0.0+0006955e | mlir_aie 1.4.4.dev73+g18ca6c1 | kernels 5726d482c21a | runtime CachedXRTRuntime | xdna 2.21.0_20260625 | xrt 2.21.0 | host docker-runner-5708612c41cc | device NPU Phoenix | pmode default,iron/operators/flm/layer/test.py::test_weight_reads_fit_proj,gemma4_e4b-layer_type_swa_skip,5/5,no,,,,,,,,,,,,,,,
79c04e6e05d3d74fa72f6036238edff157dcd94b,2026-10-04 18:12:10,commit 79c04e6e05 | peano 22.0.0+0006955e | mlir_aie 1.4.4.dev73+g18ca6c1 | kernels 5726d482c21a | runtime CachedXRTRuntime | xdna 2.21.0_20260625 | xrt 2.21.0 | host docker-runner-5708612c41cc | device NPU Phoenix | pmode default,iron/operators/gelu/test.py::test_gelu,input_length_1024-num_aie_columns_1-num_channels_1-tile_size_1024,5/5,no,327.58,265.6,200.1,498.9,128.49376249452732,0.0140680792,0.01541995,0.008210408,0.02047212,0.005097324856337998,,,,,
79c04e6e05d3d74fa72f6036238edff157dcd94b,2026-10-04 18:12:10,commit 79c04e6e05 | peano 22.0.0+0006955e | mlir_aie 1.4.4.dev73+g18ca6c1 | kernels 5726d482c21a | runtime CachedXRTRuntime | xdna 2.21.0_20260625 | xrt 2.21.0 | host docker-runner-5708612c41cc | device NPU Phoenix | pmode default,iron/operators/gelu/test.py::test_gelu,input_length_1024-num_aie_columns_1-num_channels_2-tile_size_512,5/5,no,405.5,435.2,283.9,517.4,109.89806640701191,0.0107753052,0.009412673,0.007916766,0.01442589,0.0031259579785250955,,,,,
79c04e6e05d3d74fa72f6036238edff157dcd94b,2026-10-04 18:12:10,commit 79c04e6e05 | peano 22.0.0+0006955e | mlir_aie 1.4.4.dev73+g18ca6c1 | kernels 5726d482c21a | runtime CachedXRTRuntime | xdna 2.21.0_20260625 | xrt 2.21.0 | host docker-runner-5708612c41cc | device NPU Phoenix | pmode default,iron/operators/gelu/test.py::test_gelu,input_length_1024-num_aie_columns_2-num_channels_1-tile_size_512,5/5,no,566.62,528.7,306.0,819.4,189.3527977084046,0.0080427956,0.007746645,0.004998957,0.01338755,0.0032105033243020166,,,,,
79c04e6e05d3d74fa72f6036238edff157dcd94b,2026-10-04 18:12:10,commit 79c04e6e05 | peano 22.0.0+0006955e | mlir_aie 1.4.4.dev73+g18ca6c1 | kernels 5726d482c21a | runtime CachedXRTRuntime | xdna 2.21.0_20260625 | xrt 2.21.0 | host docker-runner-5708612c41cc | device NPU Phoenix | pmode default,iron/operators/gelu/test.py::test_gelu,input_length_1024-num_aie_columns_2-num_channels_2-tile_size_256,5/5,no,461.2,449.4,336.2,606.1,98.27932132447803,0.0092108288,0.009115287,0.006757615,0.01218243,0.0019786826946378237,,,,,
79c04e6e05d3d74fa72f6036238edff157dcd94b,2026-10-04 18:12:10,commit 79c04e6e05 | peano 22.0.0+0006955e | mlir_aie 1.4.4.dev73+g18ca6c1 | kernels 5726d482c21a | runtime CachedXRTRuntime | xdna 2.21.0_20260625 | xrt 2.21.0 | host docker-runner-5708612c41cc | device NPU Phoenix | pmode default,iron/operators/gelu/test.py::test_gelu,input_length_1024-num_aie_columns_4-num_channels_1-tile_size_256,5/5,no,406.72,450.3,258.4,529.1,120.90741085640698,0.010924439,0.009096825,0.007741653,0.01584851,0.0036228543727638983,,,,,
79c04e6e05d3d74fa72f6036238edff157dcd94b,2026-10-04 18:12:10,commit 79c04e6e05 | peano 22.0.0+0006955e | mlir_aie 1.4.4.dev73+g18ca6c1 | kernels 5726d482c21a | runtime CachedXRTRuntime | xdna 2.21.0_20260625 | xrt 2.21.0 | host docker-runner-5708612c41cc | device NPU Phoenix | pmode default,iron/operators/gelu/test.py::test_gelu,input_length_1024-num_aie_columns_4-num_channels_2-tile_size_128,5/5,no,809.04,563.0,281.4,2022.3,691.3790371424346,0.0075695408,0.007275699,0.002025383,0.01455429,0.004497160441991446,,,,,
79c04e6e05d3d74fa72f6036238edff157dcd94b,2026-10-04 18:12:10,commit 79c04e6e05 | peano 22.0.0+0006955e | mlir_aie 1.4.4.dev73+g18ca6c1 | kernels 5726d482c21a | runtime CachedXRTRuntime | xdna 2.21.0_20260625 | xrt 2.21.0 | host docker-runner-5708612c41cc | device NPU Phoenix | pmode default,iron/operators/gelu/test.py::test_gelu,input_length_2048-num_aie_columns_1-num_channels_1-tile_size_2048,5/5,no,825.02,646.5,273.7,2048.4,712.2628145565371,0.0157028022,0.01267041,0.003999311,0.02993124,0.010072827315561615,,,,,
79c04e6e05d3d74fa72f6036238edff157dcd94b,2026-10-04 18:12:10,commit 79c04e6e05 | peano 22.0.0+0006955e | mlir_aie 1.4.4.dev73+g18ca6c1 | kernels 5726d482c21a | runtime CachedXRTRuntime | xdna 2.21.0_20260625 | xrt 2.21.0 | host docker-runner-5708612c41cc | device NPU Phoenix | pmode default,iron/operators/gelu/test.py::test_gelu,input_length_2048-num_aie_columns_1-num_channels_2-tile_size_1024,5/5,no,448.9,432.9,354.4,607.2,95.33567013453047,0.018836368,0.01892468,0.0134905,0.02311206,0.0035128024908212528,,,,,
79c04e6e05d3d74fa72f6036238edff157dcd94b,2026-10-04 18:12:10,commit 79c04e6e05 | peano 22.0.0+0006955e | mlir_aie 1.4.4.dev73+g18ca6c1 | kernels 5726d482c21a | runtime CachedXRTRuntime | xdna 2.21.0_20260625 | xrt 2.21.0 | host docker-runner-5708612c41cc | device NPU Phoenix | pmode default,iron/operators/gelu/test.py::test_gelu,input_length_2048-num_aie_columns_2-num_channels_1-tile_size_1024,5/5,no,425.22,481.8,228.0,543.1,124.09422629598849,0.021214536,0.01700269,0.0150832,0.03592841,0.008537181581320032,,,,,
79c04e6e05d3d74fa72f6036238edff157dcd94b,2026-10-04 18:12:10,commit 79c04e6e05 | peano 22.0.0+0006955e | mlir_aie 1.4.4.dev73+g18ca6c1 | kernels 5726d482c21a | runtime CachedXRTRuntime | xdna 2.21.0_20260625 | xrt 2.21.0 | host docker-runner-5708612c41cc | device NPU Phoenix | pmode default,iron/operators/gelu/test.py::test_gelu,input_length_2048-num_aie_columns_2-num_channels_2-tile_size_512,5/5,no,455.86,489.5,329.1,587.3,117.78307603386827,0.019038934,0.01673473,0.01394798,0.02488918,0.0052046165403639485,,,,,
79c04e6e05d3d74fa72f6036238edff157dcd94b,2026-10-04 18:12:10,commit 79c04e6e05 | peano 22.0.0+0006955e | mlir_aie 1.4.4.dev73+g18ca6c1 | kernels 5726d482c21a | runtime CachedXRTRuntime | xdna 2.21.0_20260625 | xrt 2.21.0 | host docker-runner-5708612c41cc | device NPU Phoenix | pmode default,iron/operators/gelu/test.py::test_gelu,input_length_2048-num_aie_columns_4-num_channels_1-tile_size_512,5/5,no,471.5,542.5,230.3,722.2,211.10557785146275,0.02115194,0.01509988,0.01134266,0.03557038,0.010813103049143664,,,,,
79c04e6e05d3d74fa72f6036238edff157dcd94b,2026-10-04 18:12:10,commit 79c04e6e05 | peano 22.0.0+0006955e | mlir_aie 1.4.4.dev73+g18ca6c1 | kernels 5726d482c21a | runtime CachedXRTRuntime | xdna 2.21.0_20260625 | xrt 2.21.0 | host docker-runner-5708612c41cc | device NPU Phoenix | pmode default,iron/operators/gelu/test.py::test_gelu,input_length_2048-num_aie_columns_4-num_channels_2-tile_size_256,5/5,no,502.18,456.1,444.0,636.0,82.71062205061692,0.01663128,0.01795987,0.01288056,0.01845149,0.0024274671849996246,,,,,
79c04e6e05d3d74fa72f6036238edff157dcd94b,2026-10-04 18:12:10,commit 79c04e6e05 | peano 22.0.0+0006955e | mlir_aie 1.4.4.dev73+g18ca6c1 | kernels 5726d482c21a | runtime CachedXRTRuntime | xdna 2.21.0_20260625 | xrt 2.21.0 | host docker-runner-5708612c41cc | device NPU Phoenix | pmode default,iron/operators/gelu/test.py::test_gelu,input_length_4096-num_aie_columns_1-num_channels_1-tile_size_4096,5/5,no,359.64,424.9,163.7,512.4,139.61182972799978,0.053875332,0.03855521,0.03197789,0.1000867,0.027953031980596846,,,,,
79c04e6e05d3d74fa72f6036238edff157dcd94b,2026-10-04 18:12:10,commit 79c04e6e05 | peano 22.0.0+0006955e | mlir_aie 1.4.4.dev73+g18ca6c1 | kernels 5726d482c21a | runtime CachedXRTRuntime | xdna 2.21.0_20260625 | xrt 2.21.0 | host docker-runner-5708612c41cc | device NPU Phoenix | pmode default,iron/operators/gelu/test.py::test_gelu,input_length_4096-num_aie_columns_1-num_channels_2-tile_size_2048,5/5,no,300.08,278.4,175.1,496.5,118.51935285007255,0.060938146,0.0588584,0.03299939,0.0935587,0.021595318014933928,,,,,
79c04e6e05d3d74fa72f6036238edff157dcd94b,2026-10-04 18:12:10,commit 79c04e6e05 | peano 22.0.0+0006955e | mlir_aie 1.4.4.dev73+g18ca6c1 | kernels 5726d482c21a | runtime CachedXRTRuntime | xdna 2.21.0_20260625 | xrt 2.21.0 | host docker-runner-5708612c41cc | device NPU Phoenix | pmode default,iron/operators/gelu/test.py::test_gelu,input_length_4096-num_aie_columns_2-num_channels_1-tile_size_2048,5/5,no,666.6800000000001,451.3,350.7,1651.2,551.9625458307837,0.0334978588,0.03630409,0.009922204,0.04671799,0.013876810918548872,,,,,
79c04e6e05d3d74fa72f6036238edff157dcd94b,2026-10-04 18:12:10,commit 79c04e6e05 | peano 22.0.0+0006955e | mlir_aie 1.4.4.dev73+g18ca6c1 | kernels 5726d482c21a | runtime CachedXRTRuntime | xdna 2.21.0_20260625 | xrt 2.21.0 | host docker-runner-5708612c41cc | device NPU Phoenix | pmode default,iron/operators/gelu/test.py::test_gelu,input_length_4096-num_aie_columns_2-num_channels_2-tile_size_1024,5/5,no,754.32,496.0,250.8,1871.5,642.3852559017836,0.0331270114,0.03303139,0.008754517,0.06533685,0.0206806240499437,,,,,
79c04e6e05d3d74fa72f6036238edff157dcd94b,2026-10-04 18:12:10,commit 79c04e6e05 | peano 22.0.0+0006955e | mlir_aie 1.4.4.dev73+g18ca6c1 | kernels 5726d482c21a | runtime CachedXRTRuntime | xdna 2.21.0_20260625 | xrt 2.21.0 | host docker-runner-5708612c41cc | device NPU Phoenix | pmode default,iron/operators/gelu/test.py::test_gelu,input_length_4096-num_aie_columns_4-num_channels_1-tile_size_1024,5/5,no,464.74,466.7,376.3,571.4,75.73283964040961,0.036002646,0.03510922,0.02867218,0.04354112,0.005792110443670771,,,,,
79c04e6e05d3d74fa72f6036238edff157dcd94b,2026-10-04 18:12:10,commit 79c04e6e05 | peano 22.0.0+0006955e | mlir_aie 1.4.4.dev73+g18ca6c1 | kernels 5726d482c21a | runtime CachedXRTRuntime | xdna 2.21.0_20260625 | xrt 2.21.0 | host docker-runner-5708612c41cc | device NPU Phoenix | pmode default,iron/operators/gelu/test.py::test_gelu,input_length_4096-num_aie_columns_4-num_channels_2-tile_size_512,5/5,no,393.34000000000003,398.6,293.8,488.1,94.22562284219723,0.04370355,0.04110593,0.03356765,0.05575956,0.01076410751977376,,,,,
79c04e6e05d3d74fa72f6036238edff157dcd94b,2026-10-04 18:12:10,commit 79c04e6e05 | peano 22.0.0+0006955e | mlir_aie 1.4.4.dev73+g18ca6c1 | kernels 5726d482c21a | runtime CachedXRTRuntime | xdna 2.21.0_20260625 | xrt 2.21.0 | host docker-runner-5708612c41cc | device NPU Phoenix | pmode default,iron/operators/gelu/test.py::test_gelu,input_length_8192-num_aie_columns_1-num_channels_1-tile_size_8192,5/5,no,403.78000000000003,456.1,235.1,506.5,112.26670031670122,0.08794012,0.07183633,0.0646896,0.1394069,0.031077517271995037,,,,,
79c04e6e05d3d74fa72f6036238edff157dcd94b,2026-10-04 18:12:10,commit 79c04e6e05 | peano 22.0.0+0006955e | mlir_aie 1.4.4.dev73+g18ca6c1 | kernels 5726d482c21a | runtime CachedXRTRuntime | xdna 2.21.0_20260625 | xrt 2.21.0 | host docker-runner-5708612c41cc | device NPU Phoenix | pmode default,iron/operators/gelu/test.py::test_gelu,input_length_8192-num_aie_columns_1-num_channels_2-tile_size_4096,5/5,no,447.71999999999997,556.3,239.8,628.9,186.03951730747957,0.087125458,0.05890802,0.05210177,0.1366637,0.04211008537599538,,,,,
79c04e6e05d3d74fa72f6036238edff157dcd94b,2026-10-04 18:12:10,commit 79c04e6e05 | peano 22.0.0+0006955e | mlir_aie 1.4.4.dev73+g18ca6c1 | kernels 5726d482c21a | runtime CachedXRTRuntime | xdna 2.21.0_20260625 | xrt 2.21.0 | host docker-runner-5708612c41cc | device NPU Phoenix | pmode default,iron/operators/gelu/test.py::test_gelu,input_length_8192-num_aie_columns_2-num_channels_1-tile_size_4096,5/5,no,346.84000000000003,314.1,169.4,508.9,136.3142068898176,0.109714312,0.1043397,0.06438505,0.1934254,0.05133767543561424,,,,,
79c04e6e05d3d74fa72f6036238edff157dcd94b,2026-10-04 18:12:10,commit 79c04e6e05 | peano 22.0.0+0006955e | mlir_aie 1.4.4.dev73+g18ca6c1 | kernels 5726d482c21a | runtime CachedXRTRuntime | xdna 2.21.0_20260625 | xrt 2.21.0 | host docker-runner-5708612c41cc | device NPU Phoenix | pmode default,iron/operators/gelu/test.py::test_gelu,input_length_8192-num_aie_columns_2-num_channels_2-tile_size_2048,5/5,no,537.24,508.3,221.6,993.7,283.2456672219365,0.076648832,0.06447018,0.03297578,0.1478921,0.042922926825845295,,,,,
79c04e6e05d3d74fa72f6036238edff157dcd94b,2026-10-04 18:12:10,commit 79c04e6e05 | peano 22.0.0+0006955e | mlir_aie 1.4.4.dev73+g18ca6c1 | kernels 5726d482c21a | runtime CachedXRTRuntime | xdna 2.21.0_20260625 | xrt 2.21.0 | host docker-runner-5708612c41cc | device NPU Phoenix | pmode default,iron/operators/gelu/test.py::test_gelu,input_length_8192-num_aie_columns_4-num_channels_1-tile_size_2048,5/5,no,419.04,487.9,255.3,560.0,134.65132008264902,0.08616143,0.0671602,0.05851711,0.1283505,0.031278121719714884,,,,,
79c04e6e05d3d74fa72f6036238edff157dcd94b,2026-10-04 18:12:10,commit 79c04e6e05 | peano 22.0.0+0006955e | mlir_aie 1.4.4.dev73+g18ca6c1 | kernels 5726d482c21a | runtime CachedXRTRuntime | xdna 2.21.0_20260625 | xrt 2.21.0 | host docker-runner-5708612c41cc | device NPU Phoenix | pmode default,iron/operators/gelu/test.py::test_gelu,input_length_8192-num_aie_columns_4-num_channels_2-tile_size_1024,5/5,no,1019.9000000000001,611.4,515.4,2379.8,788.2342481775327,0.044280882,0.05359941,0.01376918,0.0635778,0.02098592080294715,,,,,
79c04e6e05d3d74fa72f6036238edff157dcd94b,2026-10-04 18:12:10,commit 79c04e6e05 | peano 22.0.0+0006955e | mlir_aie 1.4.4.dev73+g18ca6c1 | kernels 5726d482c21a | runtime CachedXRTRuntime | xdna 2.21.0_20260625 | xrt 2.21.0 | host docker-runner-5708612c41cc | device NPU Phoenix | pmode default,iron/operators/gelu/test.py::test_gelu,input_length_8388608-num_aie_columns_4-num_channels_2-tile_size_4096,5/5,yes,3908.5,4309.4,2427.6,4484.6,862.034871684435,9.0590536,7.786326,7.482103,13.82185,2.703095136153239,,,,,
79c04e6e05d3d74fa72f6036238edff157dcd94b,2026-10-04 18:12:10,commit 79c04e6e05 | peano 22.0.0+0006955e | mlir_aie 1.4.4.dev73+g18ca6c1 | kernels 5726d482c21a | runtime CachedXRTRuntime | xdna 2.21.0_20260625 | xrt 2.21.0 | host docker-runner-5708612c41cc | device NPU Phoenix | pmode default,iron/operators/gemm/test.py::test_gemm,M_192-K_384-N_64-num_aie_columns_4-b_col_maj_False-c_col_maj_False-m_48-k_96-n_16-partition_N_1,5/5,no,904.78,775.5,467.7,1699.6,480.794370807313,0.29510322,0.2851967,0.1301382,0.4728882,0.12949023343909763,12.5910692,12.16839,5.552565,20.17656,5.5249144141521045
79c04e6e05d3d74fa72f6036238edff157dcd94b,2026-10-04 18:12:10,commit 79c04e6e05 | peano 22.0.0+0006955e | mlir_aie 1.4.4.dev73+g18ca6c1 | kernels 5726d482c21a | runtime CachedXRTRuntime | xdna 2.21.0_20260625 | xrt 2.21.0 | host docker-runner-5708612c41cc | device NPU Phoenix | pmode default,iron/operators/gemm/test.py::test_gemm,M_192-K_384-N_64-num_aie_columns_4-b_col_maj_True-c_col_maj_True-m_48-k_96-n_16-partition_N_1,5/5,no,658.64,602.6,424.0,981.0,227.62629022149443,0.36833688,0.367047,0.225469,0.5216518,0.12068528752997193,15.7157064,15.66067,9.620012,22.25714,5.1492367506490515
79c04e6e05d3d74fa72f6036238edff157dcd94b,2026-10-04 18:12:10,commit 79c04e6e05 | peano 22.0.0+0006955e | mlir_aie 1.4.4.dev73+g18ca6c1 | kernels 5726d482c21a | runtime CachedXRTRuntime | xdna 2.21.0_20260625 | xrt 2.21.0 | host docker-runner-5708612c41cc | device NPU Phoenix | pmode default,iron/operators/gemm/test.py::test_gemm,M_2048-K_2048-N_2048-num_aie_columns_1-b_col_maj_False-c_col_maj_False-m_64-k_64-n_64-partition_N_1,5/5,yes,81465.76,81072.6,80057.7,82667.5,1105.6987419726934,0.30895842,0.310411,0.3044222,0.3143459,0.00419428231608222,210.91562000000002,211.9073,207.8189,214.5935,2.863317136993381
79c04e6e05d3d74fa72f6036238edff157dcd94b,2026-10-04 18:12:10,commit 79c04e6e05 | peano 22.0.0+0006955e | mlir_aie 1.4.4.dev73+g18ca6c1 | kernels 5726d482c21a | runtime CachedXRTRuntime | xdna 2.21.0_20260625 | xrt 2.21.0 | host docker-runner-5708612c41cc | device NPU Phoenix | pmode default,iron/operators/gemm/test.py::test_gemm,M_2048-K_2048-N_2048-num_aie_columns_2-b_col_maj_True-c_col_maj_False-m_64-k_64-n_64-partition_N_1,5/5,yes,19168.98,18807.2,18560.9,20082.9,714.0888369103662,1.3142816,1.338094,1.253099,1.355852,0.04829163218716052,897.21618,913.4723,855.4488,925.5952,32.96720154072832
79c04e6e05d3d74fa72f6036238edff157dcd94b,2026-10-04 18:12:10,commit 79c04e6e05 | peano 22.0.0+0006955e | mlir_aie 1.4.4.dev73+g18ca6c1 | kernels 5726d482c21a | runtime CachedXRTRuntime | xdna 2.21.0_20260625 | xrt 2.21.0 | host docker-runner-5708612c41cc | device NPU Phoenix | pmode default,iron/operators/gemm/test.py::test_gemm,M_2048-K_2048-N_8192-num_aie_columns_2-b_col_maj_False-c_col_maj_False-m_64-k_64-n_64-partition_N_1,5/5,no,91416.1,91993.7,90270.9,92277.6,1034.1777289228414,0.82595108,0.8206813,0.8181557,0.8363433,0.00937970776954164,751.799,747.0023,744.7035,761.2582,8.53761723638393
79c04e6e05d3d74fa72f6036238edff157dcd94b,2026-10-04 18:12:10,commit 79c04e6e05 | peano 22.0.0+0006955e | mlir_aie 1.4.4.dev73+g18ca6c1 | kernels 5726d482c21a | runtime CachedXRTRuntime | xdna 2.21.0_20260625 | xrt 2.21.0 | host docker-runner-5708612c41cc | device NPU Phoenix | pmode default,iron/operators/gemm/test.py::test_gemm,M_2048-K_2048-N_8192-num_aie_columns_2-b_col_maj_False-c_col_maj_True-m_64-k_64-n_64-partition_N_1,5/5,no,92195.7,92271.8,89982.6,93823.6,1408.933004085006,0.8190372,0.8182075,0.8046743,0.8390231,0.012628992152582907,745.50584,744.7507,732.4324,763.6974,11.495175264562082
79c04e6e05d3d74fa72f6036238edff157dcd94b,2026-10-04 18:12:10,commit 79c04e6e05 | peano 22.0.0+0006955e | mlir_aie 1.4.4.dev73+g18ca6c1 | kernels 5726d482c21a | runtime CachedXRTRuntime | xdna 2.21.0_20260625 | xrt 2.21.0 | host docker-runner-5708612c41cc | device NPU Phoenix | pmode default,iron/operators/gemm/test.py::test_gemm,M_2048-K_2048-N_8192-num_aie_columns_2-b_col_maj_True-c_col_maj_False-m_64-k_64-n_64-partition_N_1,5/5,no,73595.46,73498.4,72372.3,74910.6,1228.6081588529378,1.0260723999999999,1.027199,1.007834,1.043182,0.01711318144881313,933.95386,934.979,917.3528,949.5275,15.576660217389358
79c04e6e05d3d74fa72f6036238edff157dcd94b,2026-10-04 18:12:10,commit 79c04e6e05 | peano 22.0.0+0006955e | mlir_aie 1.4.4.dev73+g18ca6c1 | kernels 5726d482c21a | runtime CachedXRTRuntime | xdna 2.21.0_20260625 | xrt 2.21.0 | host docker-runner-5708612c41cc | device NPU Phoenix | pmode default,iron/operators/gemm/test.py::test_gemm,M_2048-K_64-N_2048-num_aie_columns_2-b_col_maj_False-c_col_maj_False-m_64-k_64-n_64-partition_N_1,5/5,no,3054.62,2761.7,1668.0,4703.9,1193.5899241364261,3.3174935999999997,3.227292,1.894772,5.343597,1.3447114818463104,199.83022,194.3969,114.1322,321.8732,80.999098077028
79c04e6e05d3d74fa72f6036238edff157dcd94b,2026-10-04 18:12:10,commit 79c04e6e05 | peano 22.0.0+0006955e | mlir_aie 1.4.4.dev73+g18ca6c1 | kernels 5726d482c21a | runtime CachedXRTRuntime | xdna 2.21.0_20260625 | xrt 2.21.0 | host docker-runner-5708612c41cc | device NPU Phoenix | pmode default,iron/operators/gemm/test.py::test_gemm,M_2048-K_64-N_2048-num_aie_columns_2-b_col_maj_False-c_col_maj_True-m_64-k_64-n_64-partition_N_1,5/5,no,3640.1400000000003,3940.9,2835.8,4152.1,597.8085420935369,2.5069774,2.261615,2.146604,3.143008,0.44636487300447375,151.00852,136.229,129.3013,189.32,26.88691517647571
79c04e6e05d3d74fa72f6036238edff157dcd94b,2026-10-04 18:12:10,commit 79c04e6e05 | peano 22.0.0+0006955e | mlir_aie 1.4.4.dev73+g18ca6c1 | kernels 5726d482c21a | runtime CachedXRTRuntime | xdna 2.21.0_20260625 | xrt 2.21.0 | host docker-runner-5708612c41cc | device NPU Phoenix | pmode default,iron/operators/gemm/test.py::test_gemm,M_2048-K_64-N_2048-num_aie_columns_2-b_col_maj_True-c_col_maj_False-m_64-k_64-n_64-partition_N_1,5/5,no,2786.6,2543.3,2172.8,3805.1,662.5123696958419,3.3320043999999998,3.504413,2.342368,4.102055,0.710169058773543,200.70426,211.0893,141.0932,247.0885,42.77725009491611
79c04e6e05d3d74fa72f6036238edff157dcd94b,2026-10-04 18:12:10,commit 79c04e6e05 | peano 22.0.0+0006955e | mlir_aie 1.4.4.dev73+g18ca6c1 | kernels 5726d482c21a | runtime CachedXRTRuntime | xdna 2.21.0_20260625 | xrt 2.21.0 | host docker-runner-5708612c41cc | device NPU Phoenix | pmode default,iron/operators/gemm/test.py::test_gemm,M_2048-K_64-N_8192-num_aie_columns_2-b_col_maj_False-c_col_maj_False-m_64-k_64-n_64-partition_N_1,5/5,no,5866.16,6030.1,4539.1,6953.8,975.5252600522448,6.0860782,5.781829,5.013825,7.681056,1.0797748381272365,374.86582,356.1259,308.8215,473.1069,66.50764442838131
79c04e6e05d3d74fa72f6036238edff157dcd94b,2026-10-04 18:12:10,commit 79c04e6e05 | peano 22.0.0+0006955e | mlir_aie 1.4.4.dev73+g18ca6c1 | kernels 5726d482c21a | runtime CachedXRTRuntime | xdna 2.21.0_20260625 | xrt 2.21.0 | host docker-runner-5708612c41cc | device NPU Phoenix | pmode default,iron/operators/gemm/test.py::test_gemm,M_2048-K_64-N_8192-num_aie_columns_2-b_col_maj_False-c_col_maj_True-m_64-k_64-n_64-partition_N_1,5/5,no,7675.0,7417.0,7005.0,8911.6,733.540441966222,4.573379,4.700699,3.912318,4.977203,0.4023590101097527,281.69264,289.5348,240.9752,306.5658,24.7829319062132
79c04e6e05d3d74fa72f6036238edff157dcd94b,2026-10-04 18:12:10,commit 79c04e6e05 | peano 22.0.0+0006955e | mlir_aie 1.4.4.dev73+g18ca6c1 | kernels 5726d482c21a | runtime CachedXRTRuntime | xdna 2.21.0_20260625 | xrt 2.21.0 | host docker-runner-5708612c41cc | device NPU Phoenix | pmode default,iron/operators/gemm/test.py::test_gemm,M_2048-K_64-N_8192-num_aie_columns_2-b_col_maj_True-c_col_maj_False-m_64-k_64-n_64-partition_N_1,5/5,no,5836.38,5763.0,5269.5,6883.4,631.7373085389208,6.0255906,6.049868,5.065143,6.616376,0.6003086464134928,371.14014,372.6355,311.9823,407.529,36.975434425750834
79c04e6e05d3d74fa72f6036238edff157dcd94b,2026-10-04 18:12:10,commit 79c04e6e05 | peano 22.0.0+0006955e | mlir_aie 1.4.4.dev73+g18ca6c1 | kernels 5726d482c21a | runtime CachedXRTRuntime | xdna 2.21.0_20260625 | xrt 2.21.0 | host docker-runner-5708612c41cc | device NPU Phoenix | pmode default,iron/operators/gemm/test.py::test_gemm,M_2048-K_8192-N_2048-num_aie_columns_2-b_col_maj_False-c_col_maj_False-m_64-k_64-n_64-partition_N_1,5/5,no,96762.56,96425.5,96135.5,98295.4,901.5788750852564,0.7802879,0.7829617,0.7680668,0.7853237,0.00720042928338301,710.23536,712.6691,699.1115,714.819,6.5539605432898345
79c04e6e05d3d74fa72f6036238edff157dcd94b,2026-10-04 18:12:10,commit 79c04e6e05 | peano 22.0.0+0006955e | mlir_aie 1.4.4.dev73+g18ca6c1 | kernels 5726d482c21a | runtime CachedXRTRuntime | xdna 2.21.0_20260625 | xrt 2.21.0 | host docker-runner-5708612c41cc | device NPU Phoenix | pmode default,iron/operators/gemm/test.py::test_gemm,M_2048-K_8192-N_2048-num_aie_columns_2-b_col_maj_False-c_col_maj_True-m_64-k_64-n_64-partition_N_1,5/5,no,96764.18,97308.8,95451.4,97916.2,1068.1464562502656,0.78029768,0.7758546,0.7710418,0.7909523,0.008638140496484197,710.24432,706.2001,701.8194,719.9424,7.862644801655499
79c04e6e05d3d74fa72f6036238edff157dcd94b,2026-10-04 18:12:10,commit 79c04e6e05 | peano 22.0.0+0006955e | mlir_aie 1.4.4.dev73+g18ca6c1 | kernels 5726d482c21a | runtime CachedXRTRuntime | xdna 2.21.0_20260625 | xrt 2.21.0 | host docker-runner-5708612c41cc | device NPU Phoenix | pmode default,iron/operators/gemm/test.py::test_gemm,M_2048-K_8192-N_2048-num_aie_columns_2-b_col_maj_True-c_col_maj_False-m_64-k_64-n_64-partition_N_1,5/5,no,74561.9,74712.9,73949.5,74780.2,346.82256991147347,1.0125652,1.010501,1.009592,1.020932,0.004737276084418101,921.65932,919.7806,918.9531,929.2751,4.312021292503065
79c04e6e05d3d74fa72f6036238edff157dcd94b,2026-10-04 18:12:10,commit 79c04e6e05 | peano 22.0.0+0006955e | mlir_aie 1.4.4.dev73+g18ca6c1 | kernels 5726d482c21a | runtime CachedXRTRuntime | xdna 2.21.0_20260625 | xrt 2.21.0 | host docker-runner-5708612c41cc | device NPU Phoenix | pmode default,iron/operators/gemm/test.py::test_gemm,M_384-K_1536-N_1792-num_aie_columns_4-b_col_maj_True-c_col_maj_False-m_32-k_48-n_64-partition_N_1,5/5,no,3840.66,4010.6,2280.7,4783.5,961.3138264895601,2.2451594,2.009894,1.685139,3.534394,0.7437007383355215,588.77936,527.0824,441.9173,926.8733,195.03100516046928
79c04e6e05d3d74fa72f6036238edff157dcd94b,2026-10-04 18:12:10,commit 79c04e6e05 | peano 22.0.0+0006955e | mlir_aie 1.4.4.dev73+g18ca6c1 | kernels 5726d482c21a | runtime CachedXRTRuntime | xdna 2.21.0_20260625 | xrt 2.21.0 | host docker-runner-5708612c41cc | device NPU Phoenix | pmode default,iron/operators/gemm/test.py::test_gemm,M_64-K_512-N_256-num_aie_columns_4-b_col_maj_True-c_col_maj_False-m_16-k_64-n_64-partition_N_4,5/5,no,6759.82,6720.3,6004.5,7789.1,744.543757612674,0.18596424,0.1852869,0.1598619,0.2073763,0.02003115063939164,10.0224924,9.985986,8.615714,11.17649,1.0795735854988298
79c04e6e05d3d74fa72f6036238edff157dcd94b,2026-10-04 18:12:10,commit 79c04e6e05 | peano 22.0.0+0006955e | mlir_aie 1.4.4.dev73+g18ca6c1 | kernels 5726d482c21a | runtime CachedXRTRuntime | xdna 2.21.0_20260625 | xrt 2.21.0 | host docker-runner-5708612c41cc | device NPU Phoenix | pmode default,iron/operators/gemv/test.py::test_gemv,M_128-K_128-num_aie_columns_1-tile_size_input_32-tile_size_output_128,5/5,no,348.48,309.2,255.9,559.4,120.65992292389382,0.10263907,0.1076249,0.05949635,0.1300396,0.026253213386259976,0.101060006,0.1059692,0.05858103,0.128039,0.025849315214434208
79c04e6e05d3d74fa72f6036238edff157dcd94b,2026-10-04 18:12:10,commit 79c04e6e05 | peano 22.0.0+0006955e | mlir_aie 1.4.4.dev73+g18ca6c1 | kernels 5726d482c21a | runtime CachedXRTRuntime | xdna 2.21.0_20260625 | xrt 2.21.0 | host docker-runner-5708612c41cc | device NPU Phoenix | pmode default,iron/operators/gemv/test.py::test_gemv,M_2048-K_8192-num_aie_columns_1-tile_size_input_1-tile_size_output_2048,5/5,no,9212.04,9191.4,8818.1,9547.7,264.8410523313939,3.6471126000000003,3.652848,3.516547,3.807496,0.10588510924487916,3.644888,3.65062,3.514402,3.805173,0.1058202616775256
79c04e6e05d3d74fa72f6036238edff157dcd94b,2026-10-04 18:12:10,commit 79c04e6e05 | peano 22.0.0+0006955e | mlir_aie 1.4.4.dev73+g18ca6c1 | kernels 5726d482c21a | runtime CachedXRTRuntime | xdna 2.21.0_20260625 | xrt 2.21.0 | host docker-runner-5708612c41cc | device NPU Phoenix | pmode default,iron/operators/gemv/test.py::test_gemv,M_2048-K_8192-num_aie_columns_2-tile_size_input_1-tile_size_output_1024,5/5,no,5254.58,5217.1,4545.4,6031.6,656.0734234824639,6.4699266,6.435568,5.566513,7.386517,0.8055491917507587,6.46598,6.431642,5.563117,7.382012,0.8050580389260763
79c04e6e05d3d74fa72f6036238edff157dcd94b,2026-10-04 18:12:10,commit 79c04e6e05 | peano 22.0.0+0006955e | mlir_aie 1.4.4.dev73+g18ca6c1 | kernels 5726d482c21a | runtime CachedXRTRuntime | xdna 2.21.0_20260625 | xrt 2.21.0 | host docker-runner-5708612c41cc | device NPU Phoenix | pmode default,iron/operators/gemv/test.py::test_gemv,M_2048-K_8192-num_aie_columns_4-tile_size_input_1-tile_size_output_512,5/5,yes,3914.18,3540.4,3085.0,5788.0,1116.3687079097122,9.049016,9.483311,5.80078,10.88337,2.096435311971371,9.0434968,9.477526,5.797241,10.87673,2.095157495074941
79c04e6e05d3d74fa72f6036238edff157dcd94b,2026-10-04 18:12:10,commit 79c04e6e05 | peano 22.0.0+0006955e | mlir_aie 1.4.4.dev73+g18ca6c1 | kernels 5726d482c21a | runtime CachedXRTRuntime | xdna 2.21.0_20260625 | xrt 2.21.0 | host docker-runner-5708612c41cc | device NPU Phoenix | pmode default,iron/operators/gemv/test.py::test_gemv,M_8192-K_2048-num_aie_columns_1-tile_size_input_4-tile_size_output_1024,5/5,no,9274.9,9277.2,8520.6,9809.3,498.79016129029617,3.6286044,3.619077,3.422772,3.940421,0.20085128693837143,3.6263916000000003,3.61687,3.420685,3.938018,0.20072867305968017
79c04e6e05d3d74fa72f6036238edff157dcd94b,2026-10-04 18:12:10,commit 79c04e6e05 | peano 22.0.0+0006955e | mlir_aie 1.4.4.dev73+g18ca6c1 | kernels 5726d482c21a | runtime CachedXRTRuntime | xdna 2.21.0_20260625 | xrt 2.21.0 | host docker-runner-5708612c41cc | device NPU Phoenix | pmode default,iron/operators/gemv/test.py::test_gemv,M_8192-K_2048-num_aie_columns_2-tile_size_input_4-tile_size_output_1024,5/5,no,6113.76,6680.3,4465.6,7421.9,1403.8168196028994,5.7527752,5.02599,4.523742,7.518616,1.425418648229775,5.7492658,5.022925,4.520982,7.514029,1.424548776399987
79c04e6e05d3d74fa72f6036238edff157dcd94b,2026-10-04 18:12:10,commit 79c04e6e05 | peano 22.0.0+0006955e | mlir_aie 1.4.4.dev73+g18ca6c1 | kernels 5726d482c21a | runtime CachedXRTRuntime | xdna 2.21.0_20260625 | xrt 2.21.0 | host docker-runner-5708612c41cc | device NPU Phoenix | pmode default,iron/operators/gemv/test.py::test_gemv,M_8192-K_2048-num_aie_columns_4-tile_size_input_4-tile_size_output_1024,5/5,yes,3534.0,3595.3,2318.5,4118.5,735.0575419652533,9.9325364,9.338676,8.152143,14.48117,2.6230394179105088,9.9264788,9.33298,8.147171,14.47234,2.621440615009179
79c04e6e05d3d74fa72f6036238edff157dcd94b,2026-10-04 18:12:10,commit 79c04e6e05 | peano 22.0.0+0006955e | mlir_aie 1.4.4.dev73+g18ca6c1 | kernels 5726d482c21a | runtime CachedXRTRuntime | xdna 2.21.0_20260625 | xrt 2.21.0 | host docker-runner-5708612c41cc | device NPU Phoenix | pmode default,iron/operators/gemv/test.py::test_gemv_batched,M_1024-K_1024-num_aie_columns_1-tile_size_input_1-tile_size_output_64-num_batches_2,5/5,no,3094.16,3671.8,1513.0,4325.4,1310.075191735192,1.6346966,1.144527,0.971577,2.777505,0.8276350622700805,1.63151022,1.142296,0.9696831,2.772091,0.8260219150666295
79c04e6e05d3d74fa72f6036238edff157dcd94b,2026-10-04 18:12:10,commit 79c04e6e05 | peano 22.0.0+0006955e | mlir_aie 1.4.4.dev73+g18ca6c1 | kernels 5726d482c21a | runtime CachedXRTRuntime | xdna 2.21.0_20260625 | xrt 2.21.0 | host docker-runner-5708612c41cc | device NPU Phoenix | pmode default,iron/operators/gemv/test.py::test_gemv_batched,M_1026-K_64-num_aie_columns_1-tile_size_input_1-tile_size_output_2-num_batches_2,5/5,no,1333.44,790.1,693.1,3539.3,1234.509428072544,0.289848216,0.3379624,0.07544408,0.3852411,0.12277733048294494,0.285115398,0.332444,0.07421219,0.3789506,0.1207725433650837
79c04e6e05d3d74fa72f6036238edff157dcd94b,2026-10-04 18:12:10,commit 79c04e6e05 | peano 22.0.0+0006955e | mlir_aie 1.4.4.dev73+g18ca6c1 | kernels 5726d482c21a | runtime CachedXRTRuntime | xdna 2.21.0_20260625 | xrt 2.21.0 | host docker-runner-5708612c41cc | device NPU Phoenix | pmode default,iron/operators/gemv/test.py::test_gemv_batched,M_256-K_128-num_aie_columns_1-tile_size_input_1-tile_size_output_256-num_batches_4,5/5,no,742.62,433.5,357.8,1819.9,614.293453489454,0.50290992,0.6117508,0.1457276,0.7411912,0.23624469210984828,0.4970847,0.6046649,0.1440396,0.732606,0.23350829553649693
79c04e6e05d3d74fa72f6036238edff157dcd94b,2026-10-04 18:12:10,commit 79c04e6e05 | peano 22.0.0+0006955e | mlir_aie 1.4.4.dev73+g18ca6c1 | kernels 5726d482c21a | runtime CachedXRTRuntime | xdna 2.21.0_20260625 | xrt 2.21.0 | host docker-runner-5708612c41cc | device NPU Phoenix | pmode default,iron/operators/gemv/test.py::test_gemv_batched,M_64-K_1536-num_aie_columns_1-tile_size_input_1-tile_size_output_64-num_batches_8,5/5,no,1641.56,991.0,706.4,3847.4,1297.5007776490927,1.39575856,1.61294,0.4154608,2.262674,0.7332130218917065,1.37340508,1.587108,0.4088071,2.226437,0.7214704834820459
79c04e6e05d3d74fa72f6036238edff157dcd94b,2026-10-04 18:12:10,commit 79c04e6e05 | peano 22.0.0+0006955e | mlir_aie 1.4.4.dev73+g18ca6c1 | kernels 5726d482c21a | runtime CachedXRTRuntime | xdna 2.21.0_20260625 | xrt 2.21.0 | host docker-runner-5708612c41cc | device NPU Phoenix | pmode default,iron/operators/gemv/test.py::test_gemv_gelu,M_128-K_128-num_aie_columns_1-tile_size_input_32-tile_size_output_128,0/5,no,,,,,,,,,,,,,,,
79c04e6e05d3d74fa72f6036238edff157dcd94b,2026-10-04 18:12:10,commit 79c04e6e05 | peano 22.0.0+0006955e | mlir_aie 1.4.4.dev73+g18ca6c1 | kernels 5726d482c21a | runtime CachedXRTRuntime | xdna 2.21.0_20260625 | xrt 2.21.0 | host docker-runner-5708612c41cc | device NPU Phoenix | pmode default,iron/operators/gemv/test.py::test_gemv_gelu,M_2048-K_8192-num_aie_columns_1-tile_size_input_1-tile_size_output_2048,0/5,no,,,,,,,,,,,,,,,
79c04e6e05d3d74fa72f6036238edff157dcd94b,2026-10-04 18:12:10,commit 79c04e6e05 | peano 22.0.0+0006955e | mlir_aie 1.4.4.dev73+g18ca6c1 | kernels 5726d482c21a | runtime CachedXRTRuntime | xdna 2.21.0_20260625 | xrt 2.21.0 | host docker-runner-5708612c41cc | device NPU Phoenix | pmode default,iron/operators/gemv/test.py::test_gemv_gelu,M_8192-K_2048-num_aie_columns_1-tile_size_input_4-tile_size_output_1024,0/5,no,,,,,,,,,,,,,,,
79c04e6e05d3d74fa72f6036238edff157dcd94b,2026-10-04 18:12:10,commit 79c04e6e05 | peano 22.0.0+0006955e | mlir_aie 1.4.4.dev73+g18ca6c1 | kernels 5726d482c21a | runtime CachedXRTRuntime | xdna 2.21.0_20260625 | xrt 2.21.0 | host docker-runner-5708612c41cc | device NPU Phoenix | pmode default,iron/operators/layer_norm/test.py::test_layer_norm,input_length_1024-num_aie_columns_1-num_channels_1-tile_size_1024,5/5,no,435.24,496.9,304.8,542.4,120.0122618735269,0.0100853252,0.008242858,0.007551344,0.01343907,0.003062647755022637,,,,,
79c04e6e05d3d74fa72f6036238edff157dcd94b,2026-10-04 18:12:10,commit 79c04e6e05 | peano 22.0.0+0006955e | mlir_aie 1.4.4.dev73+g18ca6c1 | kernels 5726d482c21a | runtime CachedXRTRuntime | xdna 2.21.0_20260625 | xrt 2.21.0 | host docker-runner-5708612c41cc | device NPU Phoenix | pmode default,iron/operators/layer_norm/test.py::test_layer_norm,input_length_1024-num_aie_columns_1-num_channels_2-tile_size_512,5/5,no,876.78,514.8,452.1,2390.9,847.4188557024207,0.0069631868,0.007955731,0.001713157,0.009059942,0.0030102579294990985,,,,,
79c04e6e05d3d74fa72f6036238edff157dcd94b,2026-10-04 18:12:10,commit 79c04e6e05 | peano 22.0.0+0006955e | mlir_aie 1.4.4.dev73+g18ca6c1 | kernels 5726d482c21a | runtime CachedXRTRuntime | xdna 2.21.0_20260625 | xrt 2.21.0 | host docker-runner-5708612c41cc | device NPU Phoenix | pmode default,iron/operators/layer_norm/test.py::test_layer_norm,input_length_1024-num_aie_columns_2-num_channels_1-tile_size_512,5/5,no,460.84000000000003,454.1,296.6,577.2,107.53600792292785,0.009371295,0.009020357,0.00709613,0.01380808,0.0026404354918975015,,,,,
79c04e6e05d3d74fa72f6036238edff157dcd94b,2026-10-04 18:12:10,commit 79c04e6e05 | peano 22.0.0+0006955e | mlir_aie 1.4.4.dev73+g18ca6c1 | kernels 5726d482c21a | runtime CachedXRTRuntime | xdna 2.21.0_20260625 | xrt 2.21.0 | host docker-runner-5708612c41cc | device NPU Phoenix | pmode default,iron/operators/layer_norm/test.py::test_layer_norm,input_length_1024-num_aie_columns_2-num_channels_2-tile_size_256,5/5,no,564.4,527.3,199.0,965.4,273.57263203763637,0.0094351886,0.007767255,0.004242994,0.0205855,0.006400867962785969,,,,,
79c04e6e05d3d74fa72f6036238edff157dcd94b,2026-10-04 18:12:10,commit 79c04e6e05 | peano 22.0.0+0006955e | mlir_aie 1.4.4.dev73+g18ca6c1 | kernels 5726d482c21a | runtime CachedXRTRuntime | xdna 2.21.0_20260625 | xrt 2.21.0 | host docker-runner-5708612c41cc | device NPU Phoenix | pmode default,iron/operators/layer_norm/test.py::test_layer_norm,input_length_1024-num_aie_columns_4-num_channels_1-tile_size_256,5/5,no,510.38,515.0,334.6,609.4,110.96914886579961,0.0084117284,0.007952796,0.006721398,0.01224331,0.0022528348275039608,,,,,
79c04e6e05d3d74fa72f6036238edff157dcd94b,2026-10-04 18:12:10,commit 79c04e6e05 | peano 22.0.0+0006955e | mlir_aie 1.4.4.dev73+g18ca6c1 | kernels 5726d482c21a | runtime CachedXRTRuntime | xdna 2.21.0_20260625 | xrt 2.21.0 | host docker-runner-5708612c41cc | device NPU Phoenix | pmode default,iron/operators/layer_norm/test.py::test_layer_norm,input_length_1024-num_aie_columns_4-num_channels_2-tile_size_128,5/5,no,866.86,545.5,384.5,2408.4,864.8251516925257,0.0073112761999999994,0.007508198,0.001700706,0.01065354,0.003422691564581769,,,,,
79c04e6e05d3d74fa72f6036238edff157dcd94b,2026-10-04 18:12:10,commit 79c04e6e05 | peano 22.0.0+0006955e | mlir_aie 1.4.4.dev73+g18ca6c1 | kernels 5726d482c21a | runtime CachedXRTRuntime | xdna 2.21.0_20260625 | xrt 2.21.0 | host docker-runner-5708612c41cc | device NPU Phoenix | pmode default,iron/operators/layer_norm/test.py::test_layer_norm,input_length_2048-num_aie_columns_1-num_channels_1-tile_size_2048,5/5,no,397.03999999999996,401.7,198.9,558.0,162.1716467203808,0.024214304,0.02039302,0.01468074,0.04117742,0.011355660720366737,,,,,
79c04e6e05d3d74fa72f6036238edff157dcd94b,2026-10-04 18:12:10,commit 79c04e6e05 | peano 22.0.0+0006955e | mlir_aie 1.4.4.dev73+g18ca6c1 | kernels 5726d482c21a | runtime CachedXRTRuntime | xdna 2.21.0_20260625 | xrt 2.21.0 | host docker-runner-5708612c41cc | device NPU Phoenix | pmode default,iron/operators/layer_norm/test.py::test_layer_norm,input_length_2048-num_aie_columns_1-num_channels_2-tile_size_1024,5/5,no,705.58,509.8,251.3,1813.9,638.2089132878043,0.0183891686,0.01606782,0.004516203,0.03260199,0.011028302987364819,,,,,
79c04e6e05d3d74fa72f6036238edff157dcd94b,2026-10-04 18:12:10,commit 79c04e6e05 | peano 22.0.0+0006955e | mlir_aie 1.4.4.dev73+g18ca6c1 | kernels 5726d482c21a | runtime CachedXRTRuntime | xdna 2.21.0_20260625 | xrt 2.21.0 | host docker-runner-5708612c41cc | device NPU Phoenix | pmode default,iron/operators/layer_norm/test.py::test_layer_norm,input_length_2048-num_aie_columns_2-num_channels_1-tile_size_1024,5/5,no,434.52,477.6,231.9,549.7,126.63600198995545,0.020772001999999998,0.01715106,0.01490229,0.03532009,0.008413366088098746,,,,,
79c04e6e05d3d74fa72f6036238edff157dcd94b,2026-10-04 18:12:10,commit 79c04e6e05 | peano 22.0.0+0006955e | mlir_aie 1.4.4.dev73+g18ca6c1 | kernels 5726d482c21a | runtime CachedXRTRuntime | xdna 2.21.0_20260625 | xrt 2.21.0 | host docker-runner-5708612c41cc | device NPU Phoenix | pmode default,iron/operators/layer_norm/test.py::test_layer_norm,input_length_2048-num_aie_columns_2-num_channels_2-tile_size_512,5/5,no,442.24,476.0,258.5,557.9,120.33793250675366,0.020006492,0.01720878,0.01468311,0.03169346,0.00695306381633809,,,,,
79c04e6e05d3d74fa72f6036238edff157dcd94b,2026-10-04 18:12:10,commit 79c04e6e05 | peano 22.0.0+0006955e | mlir_aie 1.4.4.dev73+g18ca6c1 | kernels 5726d482c21a | runtime CachedXRTRuntime | xdna 2.21.0_20260625 | xrt 2.21.0 | host docker-runner-5708612c41cc | device NPU Phoenix | pmode default,iron/operators/layer_norm/test.py::test_layer_norm,input_length_2048-num_aie_columns_4-num_channels_1-tile_size_512,5/5,no,426.74,438.2,209.2,534.1,129.8715442273634,0.021576642,0.01869278,0.0153381,0.03916563,0.009965479528719127,,,,,
79c04e6e05d3d74fa72f6036238edff157dcd94b,2026-10-04 18:12:10,commit 79c04e6e05 | peano 22.0.0+0006955e | mlir_aie 1.4.4.dev73+g18ca6c1 | kernels 5726d482c21a | runtime CachedXRTRuntime | xdna 2.21.0_20260625 | xrt 2.21.0 | host docker-runner-5708612c41cc | device NPU Phoenix | pmode default,iron/operators/layer_norm/test.py::test_layer_norm,input_length_2048-num_aie_columns_4-num_channels_2-tile_size_256,5/5,no,497.54,530.6,408.7,566.2,73.6896397059994,0.016773976,0.01543802,0.01446749,0.02004458,0.002614596720917014,,,,,
79c04e6e05d3d74fa72f6036238edff157dcd94b,2026-10-04 18:12:10,commit 79c04e6e05 | peano 22.0.0+0006955e | mlir_aie 1.4.4.dev73+g18ca6c1 | kernels 5726d482c21a | runtime CachedXRTRuntime | xdna 2.21.0_20260625 | xrt 2.21.0 | host docker-runner-5708612c41cc | device NPU Phoenix | pmode default,iron/operators/layer_norm/test.py::test_layer_norm,input_length_4096-num_aie_columns_1-num_channels_1-tile_size_4096,5/5,no,356.84000000000003,398.4,243.8,456.1,103.22680368973941,0.04953564,0.0411214,0.03592289,0.06721145,0.015689101233974496,,,,,
79c04e6e05d3d74fa72f6036238edff157dcd94b,2026-10-04 18:12:10,commit 79c04e6e05 | peano 22.0.0+0006955e | mlir_aie 1.4.4.dev73+g18ca6c1 | kernels 5726d482c21a | runtime CachedXRTRuntime | xdna 2.21.0_20260625 | xrt 2.21.0 | host docker-runner-5708612c41cc | device NPU Phoenix | pmode default,iron/operators/layer_norm/test.py::test_layer_norm,input_length_4096-num_aie_columns_1-num_channels_2-tile_size_2048,5/5,no,891.6,483.3,283.6,2368.2,850.5639511524104,0.0305015618,0.03389823,0.006918349,0.05776662,0.019068420440138092,,,,,
79c04e6e05d3d74fa72f6036238edff157dcd94b,2026-10-04 18:12:10,commit 79c04e6e05 | peano 22.0.0+0006955e | mlir_aie 1.4.4.dev73+g18ca6c1 | kernels 5726d482c21a | runtime CachedXRTRuntime | xdna 2.21.0_20260625 | xrt 2.21.0 | host docker-runner-5708612c41cc | device NPU Phoenix | pmode default,iron/operators/layer_norm/test.py::test_layer_norm,input_length_4096-num_aie_columns_2-num_channels_1-tile_size_2048,5/5,no,437.06,537.4,242.2,559.8,156.11219683291884,0.042602219999999996,0.03048918,0.02926953,0.0676421,0.018024807977100613,,,,,
79c04e6e05d3d74fa72f6036238edff157dcd94b,2026-10-04 18:12:10,commit 79c04e6e05 | peano 22.0.0+0006955e | mlir_aie 1.4.4.dev73+g18ca6c1 | kernels 5726d482c21a | runtime CachedXRTRuntime | xdna 2.21.0_20260625 | xrt 2.21.0 | host docker-runner-5708612c41cc | device NPU Phoenix | pmode default,iron/operators/layer_norm/test.py::test_layer_norm,input_length_4096-num_aie_columns_2-num_channels_2-tile_size_1024,5/5,no,427.4,406.1,219.2,633.1,153.69333101992422,0.043434608,0.04034832,0.02587774,0.0747609,0.01882125379824017,,,,,
79c04e6e05d3d74fa72f6036238edff157dcd94b,2026-10-04 18:12:10,commit 79c04e6e05 | peano 22.0.0+0006955e | mlir_aie 1.4.4.dev73+g18ca6c1 | kernels 5726d482c21a | runtime CachedXRTRuntime | xdna 2.21.0_20260625 | xrt 2.21.0 | host docker-runner-5708612c41cc | device NPU Phoenix | pmode default,iron/operators/layer_norm/test.py::test_layer_norm,input_length_4096-num_aie_columns_4-num_channels_1-tile_size_1024,5/5,no,411.02,444.4,226.2,572.0,139.67119244855039,0.044584794000000004,0.03686968,0.02864306,0.07242956,0.01789978232721225,,,,,
79c04e6e05d3d74fa72f6036238edff157dcd94b,2026-10-04 18:12:10,commit 79c04e6e05 | peano 22.0.0+0006955e | mlir_aie 1.4.4.dev73+g18ca6c1 | kernels 5726d482c21a | runtime CachedXRTRuntime | xdna 2.21.0_20260625 | xrt 2.21.0 | host docker-runner-5708612c41cc | device NPU Phoenix | pmode default,iron/operators/layer_norm/test.py::test_layer_norm,input_length_4096-num_aie_columns_4-num_channels_2-tile_size_512,5/5,no,618.36,497.9,256.3,1384.2,455.29206340545846,0.037452068,0.0329064,0.01183665,0.06393207,0.02104472672816922,,,,,
79c04e6e05d3d74fa72f6036238edff157dcd94b,2026-10-04 18:12:10,commit 79c04e6e05 | peano 22.0.0+0006955e | mlir_aie 1.4.4.dev73+g18ca6c1 | kernels 5726d482c21a | runtime CachedXRTRuntime | xdna 2.21.0_20260625 | xrt 2.21.0 | host docker-runner-5708612c41cc | device NPU Phoenix | pmode default,iron/operators/layer_norm/test.py::test_layer_norm,input_length_8192-num_aie_columns_1-num_channels_1-tile_size_8192,5/5,no,277.0,249.8,236.0,394.6,66.78454162454064,0.122714922,0.1311874,0.08303621,0.1388275,0.023009924495169906,,,,,
79c04e6e05d3d74fa72f6036238edff157dcd94b,2026-10-04 18:12:10,commit 79c04e6e05 | peano 22.0.0+0006955e | mlir_aie 1.4.4.dev73+g18ca6c1 | kernels 5726d482c21a | runtime CachedXRTRuntime | xdna 2.21.0_20260625 | xrt 2.21.0 | host docker-runner-5708612c41cc | device NPU Phoenix | pmode default,iron/operators/layer_norm/test.py::test_layer_norm,input_length_8192-num_aie_columns_1-num_channels_2-tile_size_4096,5/5,no,544.5,613.7,251.1,698.4,186.25559052012372,0.069533824,0.05339634,0.04691572,0.1305124,0.03520694985079338,,,,,
79c04e6e05d3d74fa72f6036238edff157dcd94b,2026-10-04 18:12:10,commit 79c04e6e05 | peano 22.0.0+0006955e | mlir_aie 1.4.4.dev73+g18ca6c1 | kernels 5726d482c21a | runtime CachedXRTRuntime | xdna 2.21.0_20260625 | xrt 2.21.0 | host docker-runner-5708612c41cc | device NPU Phoenix | pmode default,iron/operators/layer_norm/test.py::test_layer_norm,input_length_8192-num_aie_columns_2-num_channels_1-tile_size_4096,5/5,no,440.72,472.1,321.3,514.2,77.98994807024815,0.0765428,0.06940491,0.06373138,0.1019904,0.01561130359268405,,,,,
79c04e6e05d3d74fa72f6036238edff157dcd94b,2026-10-04 18:12:10,commit 79c04e6e05 | peano 22.0.0+0006955e | mlir_aie 1.4.4.dev73+g18ca6c1 | kernels 5726d482c21a | runtime CachedXRTRuntime | xdna 2.21.0_20260625 | xrt 2.21.0 | host docker-runner-5708612c41cc | device NPU Phoenix | pmode default,iron/operators/layer_norm/test.py::test_layer_norm,input_length_8192-num_aie_columns_2-num_channels_2-tile_size_2048,5/5,no,410.0,431.3,183.4,569.5,162.56932367454814,0.09511051,0.07597108,0.05753395,0.1787037,0.050259366084877154,,,,,
79c04e6e05d3d74fa72f6036238edff157dcd94b,2026-10-04 18:12:10,commit 79c04e6e05 | peano 22.0.0+0006955e | mlir_aie 1.4.4.dev73+g18ca6c1 | kernels 5726d482c21a | runtime CachedXRTRuntime | xdna 2.21.0_20260625 | xrt 2.21.0 | host docker-runner-5708612c41cc | device NPU Phoenix | pmode default,iron/operators/layer_norm/test.py::test_layer_norm,input_length_8192-num_aie_columns_4-num_channels_1-tile_size_2048,5/5,no,523.46,535.0,358.6,741.5,142.7395810558515,0.066308546,0.06125238,0.04418882,0.0913865,0.017545738113911878,,,,,
79c04e6e05d3d74fa72f6036238edff157dcd94b,2026-10-04 18:12:10,commit 79c04e6e05 | peano 22.0.0+0006955e | mlir_aie 1.4.4.dev73+g18ca6c1 | kernels 5726d482c21a | runtime CachedXRTRuntime | xdna 2.21.0_20260625 | xrt 2.21.0 | host docker-runner-5708612c41cc | device NPU Phoenix | pmode default,iron/operators/layer_norm/test.py::test_layer_norm,input_length_8192-num_aie_columns_4-num_channels_2-tile_size_1024,5/5,no,610.1,516.2,399.2,1139.5,300.3513692327704,0.061303936,0.06348407,0.02875713,0.08207985,0.019862447201920513,,,,,
79c04e6e05d3d74fa72f6036238edff157dcd94b,2026-10-04 18:12:10,commit 79c04e6e05 | peano 22.0.0+0006955e | mlir_aie 1.4.4.dev73+g18ca6c1 | kernels 5726d482c21a | runtime CachedXRTRuntime | xdna 2.21.0_20260625 | xrt 2.21.0 | host docker-runner-5708612c41cc | device NPU Phoenix | pmode default,iron/operators/layer_norm/test.py::test_layer_norm,input_length_8388608-num_aie_columns_4-num_channels_2-tile_size_4096,5/5,yes,3390.62,3891.0,1573.1,4277.1,1077.6383934326022,11.312633,8.62353,7.845178,21.3304,5.66801636678318,,,,,
79c04e6e05d3d74fa72f6036238edff157dcd94b,2026-10-04 18:12:10,commit 79c04e6e05 | peano 22.0.0+0006955e | mlir_aie 1.4.4.dev73+g18ca6c1 | kernels 5726d482c21a | runtime CachedXRTRuntime | xdna 2.21.0_20260625 | xrt 2.21.0 | host docker-runner-5708612c41cc | device NPU Phoenix | pmode default,iron/operators/leaky_relu/test.py::test_leaky_relu,input_length_1024-num_aie_columns_1-num_channels_1-tile_size_1024-alpha_0.01,5/5,no,346.6,333.5,203.6,539.3,135.0702224770508,0.0133502398,0.01228083,0.007594552,0.02011956,0.005105189881339695,,,,,
79c04e6e05d3d74fa72f6036238edff157dcd94b,2026-10-04 18:12:10,commit 79c04e6e05 | peano 22.0.0+0006955e | mlir_aie 1.4.4.dev73+g18ca6c1 | kernels 5726d482c21a | runtime CachedXRTRuntime | xdna 2.21.0_20260625 | xrt 2.21.0 | host docker-runner-5708612c41cc | device NPU Phoenix | pmode default,iron/operators/leaky_relu/test.py::test_leaky_relu,input_length_1024-num_aie_columns_1-num_channels_2-tile_size_512-alpha_0.01,5/5,no,338.78,273.2,209.4,490.5,134.8586370982593,0.0136702544,0.01499466,0.008350782,0.01955841,0.005027011624290996,,,,,
79c04e6e05d3d74fa72f6036238edff157dcd94b,2026-10-04 18:12:10,commit 79c04e6e05 | peano 22.0.0+0006955e | mlir_aie 1.4.4.dev73+g18ca6c1 | kernels 5726d482c21a | runtime CachedXRTRuntime | xdna 2.21.0_20260625 | xrt 2.21.0 | host docker-runner-5708612c41cc | device NPU Phoenix | pmode default,iron/operators/leaky_relu/test.py::test_leaky_relu,input_length_1024-num_aie_columns_2-num_channels_1-tile_size_512-alpha_0.01,5/5,no,375.26,406.2,203.8,487.5,120.74561275673746,0.012142978799999999,0.01008435,0.008402448,0.02009784,0.0048967157403706,,,,,
79c04e6e05d3d74fa72f6036238edff157dcd94b,2026-10-04 18:12:10,commit 79c04e6e05 | peano 22.0.0+0006955e | mlir_aie 1.4.4.dev73+g18ca6c1 | kernels 5726d482c21a | runtime CachedXRTRuntime | xdna 2.21.0_20260625 | xrt 2.21.0 | host docker-runner-5708612c41cc | device NPU Phoenix | pmode default,iron/operators/leaky_relu/test.py::test_leaky_relu,input_length_1024-num_aie_columns_2-num_channels_2-tile_size_256-alpha_0.01,5/5,no,362.34000000000003,447.6,196.1,483.6,137.5979033270493,0.0130692118,0.009151191,0.008469284,0.02088634,0.00584803214922714,,,,,
79c04e6e05d3d74fa72f6036238edff157dcd94b,2026-10-04 18:12:10,commit 79c04e6e05 | peano 22.0.0+0006955e | mlir_aie 1.4.4.dev73+g18ca6c1 | kernels 5726d482c21a | runtime CachedXRTRuntime | xdna 2.21.0_20260625 | xrt 2.21.0 | host docker-runner-5708612c41cc | device NPU Phoenix | pmode default,iron/operators/leaky_relu/test.py::test_leaky_relu,input_length_1024-num_aie_columns_4-num_channels_1-tile_size_256-alpha_0.01,5/5,no,421.09999999999997,430.0,187.6,769.8,240.05082795108206,0.012905345,0.009526268,0.005320807,0.0218345,0.007429381244532548,,,,,
79c04e6e05d3d74fa72f6036238edff157dcd94b,2026-10-04 18:12:10,commit 79c04e6e05 | peano 22.0.0+0006955e | mlir_aie 1.4.4.dev73+g18ca6c1 | kernels 5726d482c21a | runtime CachedXRTRuntime | xdna 2.21.0_20260625 | xrt 2.21.0 | host docker-runner-5708612c41cc | device NPU Phoenix | pmode default,iron/operators/leaky_relu/test.py::test_leaky_relu,input_length_1024-num_aie_columns_4-num_channels_2-tile_size_128-alpha_0.01,5/5,no,529.88,565.3,274.5,692.0,155.03719553707103,0.0085573104,0.007245415,0.005919323,0.01492075,0.0036188174178712444,,,,,
79c04e6e05d3d74fa72f6036238edff157dcd94b,2026-10-04 18:12:10,commit 79c04e6e05 | peano 22.0.0+0006955e | mlir_aie 1.4.4.dev73+g18ca6c1 | kernels 5726d482c21a | runtime CachedXRTRuntime | xdna 2.21.0_20260625 | xrt 2.21.0 | host docker-runner-5708612c41cc | device NPU Phoenix | pmode default,iron/operators/leaky_relu/test.py::test_leaky_relu,input_length_2048-num_aie_columns_1-num_channels_1-tile_size_2048-alpha_0.01,5/5,no,280.44,250.1,213.5,437.8,90.96885730842178,0.0311754,0.03275883,0.01871157,0.03836966,0.007682921457791951,,,,,
79c04e6e05d3d74fa72f6036238edff157dcd94b,2026-10-04 18:12:10,commit 79c04e6e05 | peano 22.0.0+0006955e | mlir_aie 1.4.4.dev73+g18ca6c1 | kernels 5726d482c21a | runtime CachedXRTRuntime | xdna 2.21.0_20260625 | xrt 2.21.0 | host docker-runner-5708612c41cc | device NPU Phoenix | pmode default,iron/operators/leaky_relu/test.py::test_leaky_relu,input_length_2048-num_aie_columns_1-num_channels_1-tile_size_2048-alpha_0.1,5/5,no,301.3,308.9,197.8,393.6,89.48723372638132,0.029364752,0.02651888,0.02081036,0.04141934,0.00926824347738664,,,,,
79c04e6e05d3d74fa72f6036238edff157dcd94b,2026-10-04 18:12:10,commit 79c04e6e05 | peano 22.0.0+0006955e | mlir_aie 1.4.4.dev73+g18ca6c1 | kernels 5726d482c21a | runtime CachedXRTRuntime | xdna 2.21.0_20260625 | xrt 2.21.0 | host docker-runner-5708612c41cc | device NPU Phoenix | pmode default,iron/operators/leaky_relu/test.py::test_leaky_relu,input_length_2048-num_aie_columns_1-num_channels_1-tile_size_2048-alpha_0.25,5/5,no,482.64,550.4,233.2,635.4,160.50508714679418,0.019342684,0.01488494,0.01289236,0.03512127,0.009175354100514597,,,,,
79c04e6e05d3d74fa72f6036238edff157dcd94b,2026-10-04 18:12:10,commit 79c04e6e05 | peano 22.0.0+0006955e | mlir_aie 1.4.4.dev73+g18ca6c1 | kernels 5726d482c21a | runtime CachedXRTRuntime | xdna 2.21.0_20260625 | xrt 2.21.0 | host docker-runner-5708612c41cc | device NPU Phoenix | pmode default,iron/operators/leaky_relu/test.py::test_leaky_relu,input_length_2048-num_aie_columns_1-num_channels_2-tile_size_1024-alpha_0.01,5/5,no,321.84,236.2,190.0,573.9,159.27392441953577,0.029957042,0.03467733,0.01427426,0.04310717,0.011799022630488086,,,,,
79c04e6e05d3d74fa72f6036238edff157dcd94b,2026-10-04 18:12:10,commit 79c04e6e05 | peano 22.0.0+0006955e | mlir_aie 1.4.4.dev73+g18ca6c1 | kernels 5726d482c21a | runtime CachedXRTRuntime | xdna 2.21.0_20260625 | xrt 2.21.0 | host docker-runner-5708612c41cc | device NPU Phoenix | pmode default,iron/operators/leaky_relu/test.py::test_leaky_relu,input_length_2048-num_aie_columns_2-num_channels_1-tile_size_1024-alpha_0.01,5/5,no,371.24,381.9,186.3,566.4,166.53150752935613,0.026625141999999997,0.02145132,0.01446264,0.04396477,0.013076987719703266,,,,,
79c04e6e05d3d74fa72f6036238edff157dcd94b,2026-10-04 18:12:10,commit 79c04e6e05 | peano 22.0.0+0006955e | mlir_aie 1.4.4.dev73+g18ca6c1 | kernels 5726d482c21a | runtime CachedXRTRuntime | xdna 2.21.0_20260625 | xrt 2.21.0 | host docker-runner-5708612c41cc | device NPU Phoenix | pmode default,iron/operators/leaky_relu/test.py::test_leaky_relu,input_length_2048-num_aie_columns_2-num_channels_2-tile_size_512-alpha_0.01,5/5,no,424.41999999999996,546.1,200.6,593.3,204.4994547669993,0.024873866,0.0150007,0.01380808,0.04084013,0.014473718446065613,,,,,
79c04e6e05d3d74fa72f6036238edff157dcd94b,2026-10-04 18:12:10,commit 79c04e6e05 | peano 22.0.0+0006955e | mlir_aie 1.4.4.dev73+g18ca6c1 | kernels 5726d482c21a | runtime CachedXRTRuntime | xdna 2.21.0_20260625 | xrt 2.21.0 | host docker-runner-5708612c41cc | device NPU Phoenix | pmode default,iron/operators/leaky_relu/test.py::test_leaky_relu,input_length_2048-num_aie_columns_4-num_channels_1-tile_size_512-alpha_0.01,5/5,no,390.48,408.6,219.8,559.3,160.79722323473123,0.02453414,0.02005047,0.01464578,0.03726635,0.010961856915445484,,,,,
79c04e6e05d3d74fa72f6036238edff157dcd94b,2026-10-04 18:12:10,commit 79c04e6e05 | peano 22.0.0+0006955e | mlir_aie 1.4.4.dev73+g18ca6c1 | kernels 5726d482c21a | runtime CachedXRTRuntime | xdna 2.21.0_20260625 | xrt 2.21.0 | host docker-runner-5708612c41cc | device NPU Phoenix | pmode default,iron/operators/leaky_relu/test.py::test_leaky_relu,input_length_2048-num_aie_columns_4-num_channels_2-tile_size_256-alpha_0.01,5/5,no,414.52,460.0,274.9,535.7,117.3895523460244,0.021251612,0.01780962,0.0152922,0.02980025,0.0066125669494281865,,,,,
79c04e6e05d3d74fa72f6036238edff157dcd94b,2026-10-04 18:12:10,commit 79c04e6e05 | peano 22.0.0+0006955e | mlir_aie 1.4.4.dev73+g18ca6c1 | kernels 5726d482c21a | runtime CachedXRTRuntime | xdna 2.21.0_20260625 | xrt 2.21.0 | host docker-runner-5708612c41cc | device NPU Phoenix | pmode default,iron/operators/leaky_relu/test.py::test_leaky_relu,input_length_4096-num_aie_columns_1-num_channels_1-tile_size_4096-alpha_0.01,5/5,no,298.18,268.1,187.5,505.7,121.12543911169114,0.060978912,0.06112201,0.03239795,0.08739858,0.019557321793101427,,,,,
79c04e6e05d3d74fa72f6036238edff157dcd94b,2026-10-04 18:12:10,commit 79c04e6e05 | peano 22.0.0+0006955e | mlir_aie 1.4.4.dev73+g18ca6c1 | kernels 5726d482c21a | runtime CachedXRTRuntime | xdna 2.21.0_20260625 | xrt 2.21.0 | host docker-runner-5708612c41cc | device NPU Phoenix | pmode default,iron/operators/leaky_relu/test.py::test_leaky_relu,input_length_4096-num_aie_columns_1-num_channels_2-tile_size_2048-alpha_0.01,5/5,no,308.38,250.8,233.0,502.9,114.02954441722548,0.057766226000000004,0.06532122,0.0325806,0.07031518,0.01594461060328787,,,,,
79c04e6e05d3d74fa72f6036238edff157dcd94b,2026-10-04 18:12:10,commit 79c04e6e05 | peano 22.0.0+0006955e | mlir_aie 1.4.4.dev73+g18ca6c1 | kernels 5726d482c21a | runtime CachedXRTRuntime | xdna 2.21.0_20260625 | xrt 2.21.0 | host docker-runner-5708612c41cc | device NPU Phoenix | pmode default,iron/operators/leaky_relu/test.py::test_leaky_relu,input_length_4096-num_aie_columns_2-num_channels_1-tile_size_2048-alpha_0.01,5/5,no,498.32,541.1,191.8,787.4,255.006641089992,0.043575122,0.03027693,0.0208077,0.08543969,0.02751834376687249,,,,,
79c04e6e05d3d74fa72f6036238edff157dcd94b,2026-10-04 18:12:10,commit 79c04e6e05 | peano 22.0.0+0006955e | mlir_aie 1.4.4.dev73+g18ca6c1 | kernels 5726d482c21a | runtime CachedXRTRuntime | xdna 2.21.0_20260625 | xrt 2.21.0 | host docker-runner-5708612c41cc | device NPU Phoenix | pmode default,iron/operators/leaky_relu/test.py::test_leaky_relu,input_length_4096-num_aie_columns_2-num_channels_2-tile_size_1024-alpha_0.01,5/5,no,420.38,443.2,194.1,685.0,222.16110595691586,0.05126606,0.03696884,0.02391797,0.08442532,0.02993507401972559,,,,,
79c04e6e05d3d74fa72f6036238edff157dcd94b,2026-10-04 18:12:10,commit 79c04e6e05 | peano 22.0.0+0006955e | mlir_aie 1.4.4.dev73+g18ca6c1 | kernels 5726d482c21a | runtime CachedXRTRuntime | xdna 2.21.0_20260625 | xrt 2.21.0 | host docker-runner-5708612c41cc | device NPU Phoenix | pmode default,iron/operators/leaky_relu/test.py::test_leaky_relu,input_length_4096-num_aie_columns_4-num_channels_1-tile_size_1024-alpha_0.01,5/5,no,784.0,496.2,198.0,2425.0,930.0097553251794,0.043631982,0.03301602,0.00675642,0.08275458,0.03040457263216702,,,,,
79c04e6e05d3d74fa72f6036238edff157dcd94b,2026-10-04 18:12:10,commit 79c04e6e05 | peano 22.0.0+0006955e | mlir_aie 1.4.4.dev73+g18ca6c1 | kernels 5726d482c21a | runtime CachedXRTRuntime | xdna 2.21.0_20260625 | xrt 2.21.0 | host docker-runner-5708612c41cc | device NPU Phoenix | pmode default,iron/operators/leaky_relu/test.py::test_leaky_relu,input_length_4096-num_aie_columns_4-num_channels_2-tile_size_512-alpha_0.01,5/5,no,924.1,580.9,456.2,2340.9,797.0784559878658,0.0249656826,0.02820291,0.006998973,0.03591258,0.011024749347627084,,,,,
79c04e6e05d3d74fa72f6036238edff157dcd94b,2026-10-04 18:12:10,commit 79c04e6e05 | peano 22.0.0+0006955e | mlir_aie 1.4.4.dev73+g18ca6c1 | kernels 5726d482c21a | runtime CachedXRTRuntime | xdna 2.21.0_20260625 | xrt 2.21.0 | host docker-runner-5708612c41cc | device NPU Phoenix | pmode default,iron/operators/leaky_relu/test.py::test_leaky_relu,input_length_8192-num_aie_columns_1-num_channels_2-tile_size_4096-alpha_0.01,5/5,no,403.65999999999997,425.3,215.9,591.0,171.7663034474457,0.09618272,0.07704317,0.05544951,0.1518049,0.044906359184472416,,,,,
79c04e6e05d3d74fa72f6036238edff157dcd94b,2026-10-04 18:12:10,commit 79c04e6e05 | peano 22.0.0+0006955e | mlir_aie 1.4.4.dev73+g18ca6c1 | kernels 5726d482c21a | runtime CachedXRTRuntime | xdna 2.21.0_20260625 | xrt 2.21.0 | host docker-runner-5708612c41cc | device NPU Phoenix | pmode default,iron/operators/leaky_relu/test.py::test_leaky_relu,input_length_8192-num_aie_columns_2-num_channels_1-tile_size_4096-alpha_0.01,5/5,no,474.91999999999996,433.2,364.4,682.4,122.04274660953841,0.072093002,0.07563563,0.04801707,0.08991946,0.015345633302515411,,,,,
79c04e6e05d3d74fa72f6036238edff157dcd94b,2026-10-04 18:12:10,commit 79c04e6e05 | peano 22.0.0+0006955e | mlir_aie 1.4.4.dev73+g18ca6c1 | kernels 5726d482c21a | runtime CachedXRTRuntime | xdna 2.21.0_20260625 | xrt 2.21.0 | host docker-runner-5708612c41cc | device NPU Phoenix | pmode default,iron/operators/leaky_relu/test.py::test_leaky_relu,input_length_8192-num_aie_columns_2-num_channels_2-tile_size_2048-alpha_0.01,5/5,no,467.84000000000003,493.5,352.6,529.1,69.57472960781091,0.071516548,0.06639946,0.0619262,0.0929238,0.01249277838283062,,,,,
79c04e6e05d3d74fa72f6036238edff157dcd94b,2026-10-04 18:12:10,commit 79c04e6e05 | peano 22.0.0+0006955e | mlir_aie 1.4.4.dev73+g18ca6c1 | kernels 5726d482c21a | runtime CachedXRTRuntime | xdna 2.21.0_20260625 | xrt 2.21.0 | host docker-runner-5708612c41cc | device NPU Phoenix | pmode default,iron/operators/leaky_relu/test.py::test_leaky_relu,input_length_8192-num_aie_columns_4-num_channels_1-tile_size_2048-alpha_0.01,5/5,no,532.0799999999999,541.1,297.0,739.3,158.49609458910965,0.067332744,0.06055275,0.04432595,0.1103415,0.02518830903535269,,,,,
79c04e6e05d3d74fa72f6036238edff157dcd94b,2026-10-04 18:12:10,commit 79c04e6e05 | peano 22.0.0+0006955e | mlir_aie 1.4.4.dev73+g18ca6c1 | kernels 5726d482c21a | runtime CachedXRTRuntime | xdna 2.21.0_20260625 | xrt 2.21.0 | host docker-runner-5708612c41cc | device NPU Phoenix | pmode default,iron/operators/leaky_relu/test.py::test_leaky_relu,input_length_8192-num_aie_columns_4-num_channels_2-tile_size_1024-alpha_0.01,5/5,no,393.06,291.8,198.8,663.7,194.30772758693877,0.100802632,0.1122884,0.04937185,0.1648422,0.046315044667417406,,,,,
79c04e6e05d3d74fa72f6036238edff157dcd94b,2026-10-04 18:12:10,commit 79c04e6e05 | peano 22.0.0+0006955e | mlir_aie 1.4.4.dev73+g18ca6c1 | kernels 5726d482c21a | runtime CachedXRTRuntime | xdna 2.21.0_20260625 | xrt 2.21.0 | host docker-runner-5708612c41cc | device NPU Phoenix | pmode default,iron/operators/leaky_relu/test.py::test_leaky_relu,input_length_8388608-num_aie_columns_4-num_channels_2-tile_size_4096-alpha_0.01,5/5,yes,2658.7799999999997,3326.0,1397.6,3719.1,1151.4041805552038,15.3133714,10.0885,9.02215,24.00792,7.796656681076177,,,,,
79c04e6e05d3d74fa72f6036238edff157dcd94b,2026-10-04 18:12:10,commit 79c04e6e05 | peano 22.0.0+0006955e | mlir_aie 1.4.4.dev73+g18ca6c1 | kernels 5726d482c21a | runtime CachedXRTRuntime | xdna 2.21.0_20260625 | xrt 2.21.0 | host docker-runner-5708612c41cc | device NPU Phoenix | pmode default,iron/operators/mem_copy/test.py::test_mem_copy,input_length_1024-num_cores_1-num_channels_1-bypass_False-tile_size_1024,5/5,no,405.4,426.4,214.7,569.8,127.46228854057186,0.011204305,0.009605486,0.007187957,0.01908187,0.004582478811806008,,,,,
79c04e6e05d3d74fa72f6036238edff157dcd94b,2026-10-04 18:12:10,commit 79c04e6e05 | peano 22.0.0+0006955e | mlir_aie 1.4.4.dev73+g18ca6c1 | kernels 5726d482c21a | runtime CachedXRTRuntime | xdna 2.21.0_20260625 | xrt 2.21.0 | host docker-runner-5708612c41cc | device NPU Phoenix | pmode default,iron/operators/mem_copy/test.py::test_mem_copy,input_length_1024-num_cores_1-num_channels_1-bypass_True-tile_size_1024,5/5,no,360.52,299.5,226.8,582.8,144.92817876451767,0.0127401874,0.01367645,0.007028056,0.01806339,0.004424589557694114,,,,,
79c04e6e05d3d74fa72f6036238edff157dcd94b,2026-10-04 18:12:10,commit 79c04e6e05 | peano 22.0.0+0006955e | mlir_aie 1.4.4.dev73+g18ca6c1 | kernels 5726d482c21a | runtime CachedXRTRuntime | xdna 2.21.0_20260625 | xrt 2.21.0 | host docker-runner-5708612c41cc | device NPU Phoenix | pmode default,iron/operators/mem_copy/test.py::test_mem_copy,input_length_1024-num_cores_2-num_channels_1-bypass_False-tile_size_512,5/5,no,399.40000000000003,444.6,173.5,552.6,142.59279434810162,0.0120630348,0.009212009,0.007412112,0.02360317,0.006589622097929418,,,,,
79c04e6e05d3d74fa72f6036238edff157dcd94b,2026-10-04 18:12:10,commit 79c04e6e05 | peano 22.0.0+0006955e | mlir_aie 1.4.4.dev73+g18ca6c1 | kernels 5726d482c21a | runtime CachedXRTRuntime | xdna 2.21.0_20260625 | xrt 2.21.0 | host docker-runner-5708612c41cc | device NPU Phoenix | pmode default,iron/operators/mem_copy/test.py::test_mem_copy,input_length_1024-num_cores_2-num_channels_1-bypass_True-tile_size_512,5/5,no,371.6,376.4,247.4,575.6,133.29379205349363,0.0121372902,0.01088094,0.007115521,0.01655913,0.0040149075284015194,,,,,
79c04e6e05d3d74fa72f6036238edff157dcd94b,2026-10-04 18:12:10,commit 79c04e6e05 | peano 22.0.0+0006955e | mlir_aie 1.4.4.dev73+g18ca6c1 | kernels 5726d482c21a | runtime CachedXRTRuntime | xdna 2.21.0_20260625 | xrt 2.21.0 | host docker-runner-5708612c41cc | device NPU Phoenix | pmode default,iron/operators/mem_copy/test.py::test_mem_copy,input_length_1024-num_cores_2-num_channels_2-bypass_False-tile_size_512,5/5,no,515.52,504.8,442.7,581.8,53.41410862309694,0.0080153364,0.008113622,0.007039918,0.009252462,0.0008487105198150897,,,,,
79c04e6e05d3d74fa72f6036238edff157dcd94b,2026-10-04 18:12:10,commit 79c04e6e05 | peano 22.0.0+0006955e | mlir_aie 1.4.4.dev73+g18ca6c1 | kernels 5726d482c21a | runtime CachedXRTRuntime | xdna 2.21.0_20260625 | xrt 2.21.0 | host docker-runner-5708612c41cc | device NPU Phoenix | pmode default,iron/operators/mem_copy/test.py::test_mem_copy,input_length_1024-num_cores_2-num_channels_2-bypass_True-tile_size_512,5/5,no,305.52,337.6,204.4,381.5,72.80286395465498,0.014131674,0.01213324,0.01073578,0.02003777,0.00384994334932087,,,,,
79c04e6e05d3d74fa72f6036238edff157dcd94b,2026-10-04 18:12:10,commit 79c04e6e05 | peano 22.0.0+0006955e | mlir_aie 1.4.4.dev73+g18ca6c1 | kernels 5726d482c21a | runtime CachedXRTRuntime | xdna 2.21.0_20260625 | xrt 2.21.0 | host docker-runner-5708612c41cc | device NPU Phoenix | pmode default,iron/operators/mem_copy/test.py::test_mem_copy,input_length_1024-num_cores_4-num_channels_1-bypass_False-tile_size_256,5/5,no,770.52,346.5,247.6,2345.9,897.1677975718924,0.0105621682,0.01182168,0.001746037,0.01654381,0.006523127667144971,,,,,
79c04e6e05d3d74fa72f6036238edff157dcd94b,2026-10-04 18:12:10,commit 79c04e6e05 | peano 22.0.0+0006955e | mlir_aie 1.4.4.dev73+g18ca6c1 | kernels 5726d482c21a | runtime CachedXRTRuntime | xdna 2.21.0_20260625 | xrt 2.21.0 | host docker-runner-5708612c41cc | device NPU Phoenix | pmode default,iron/operators/mem_copy/test.py::test_mem_copy,input_length_1024-num_cores_4-num_channels_1-bypass_True-tile_size_256,5/5,no,492.84000000000003,335.8,230.6,1172.9,393.01238275657425,0.011747985,0.01219803,0.003492089,0.01776205,0.005918263769233593,,,,,
79c04e6e05d3d74fa72f6036238edff157dcd94b,2026-10-04 18:12:10,commit 79c04e6e05 | peano 22.0.0+0006955e | mlir_aie 1.4.4.dev73+g18ca6c1 | kernels 5726d482c21a | runtime CachedXRTRuntime | xdna 2.21.0_20260625 | xrt 2.21.0 | host docker-runner-5708612c41cc | device NPU Phoenix | pmode default,iron/operators/mem_copy/test.py::test_mem_copy,input_length_1024-num_cores_4-num_channels_2-bypass_False-tile_size_256,5/5,no,788.48,505.6,273.1,2009.6,700.8352352728849,0.008041386,0.00810109,0.002038256,0.0150002,0.0047839331548629,,,,,
79c04e6e05d3d74fa72f6036238edff157dcd94b,2026-10-04 18:12:10,commit 79c04e6e05 | peano 22.0.0+0006955e | mlir_aie 1.4.4.dev73+g18ca6c1 | kernels 5726d482c21a | runtime CachedXRTRuntime | xdna 2.21.0_20260625 | xrt 2.21.0 | host docker-runner-5708612c41cc | device NPU Phoenix | pmode default,iron/operators/mem_copy/test.py::test_mem_copy,input_length_1024-num_cores_4-num_channels_2-bypass_True-tile_size_256,5/5,no,362.02,293.4,239.8,535.2,129.02822171912626,0.0124447784,0.01396037,0.007653543,0.01708368,0.004018633789716886,,,,,
79c04e6e05d3d74fa72f6036238edff157dcd94b,2026-10-04 18:12:10,commit 79c04e6e05 | peano 22.0.0+0006955e | mlir_aie 1.4.4.dev73+g18ca6c1 | kernels 5726d482c21a | runtime CachedXRTRuntime | xdna 2.21.0_20260625 | xrt 2.21.0 | host docker-runner-5708612c41cc | device NPU Phoenix | pmode default,iron/operators/mem_copy/test.py::test_mem_copy,input_length_1024-num_cores_8-num_channels_2-bypass_False-tile_size_128,5/5,no,734.3199999999999,552.1,275.9,1756.3,584.5440633519427,0.0079646128,0.007418422,0.002332157,0.01484386,0.004495011789900857,,,,,
79c04e6e05d3d74fa72f6036238edff157dcd94b,2026-10-04 18:12:10,commit 79c04e6e05 | peano 22.0.0+0006955e | mlir_aie 1.4.4.dev73+g18ca6c1 | kernels 5726d482c21a | runtime CachedXRTRuntime | xdna 2.21.0_20260625 | xrt 2.21.0 | host docker-runner-5708612c41cc | device NPU Phoenix | pmode default,iron/operators/mem_copy/test.py::test_mem_copy,input_length_1024-num_cores_8-num_channels_2-bypass_True-tile_size_128,5/5,no,712.3,415.2,263.3,1968.3,709.1783379376445,0.0092100266,0.009865339,0.002081023,0.01555605,0.004935305069927116,,,,,
79c04e6e05d3d74fa72f6036238edff157dcd94b,2026-10-04 18:12:10,commit 79c04e6e05 | peano 22.0.0+0006955e | mlir_aie 1.4.4.dev73+g18ca6c1 | kernels 5726d482c21a | runtime CachedXRTRuntime | xdna 2.21.0_20260625 | xrt 2.21.0 | host docker-runner-5708612c41cc | device NPU Phoenix | pmode default,iron/operators/mem_copy/test.py::test_mem_copy,input_length_2048-num_cores_1-num_channels_1-bypass_False-tile_size_2048,5/5,no,434.52,464.0,333.9,515.3,73.94465497924782,0.019333448,0.0176543,0.01589815,0.02453591,0.0035487905122900676,,,,,
79c04e6e05d3d74fa72f6036238edff157dcd94b,2026-10-04 18:12:10,commit 79c04e6e05 | peano 22.0.0+0006955e | mlir_aie 1.4.4.dev73+g18ca6c1 | kernels 5726d482c21a | runtime CachedXRTRuntime | xdna 2.21.0_20260625 | xrt 2.21.0 | host docker-runner-5708612c41cc | device NPU Phoenix | pmode default,iron/operators/mem_copy/test.py::test_mem_copy,input_length_2048-num_cores_1-num_channels_1-bypass_True-tile_size_2048,5/5,no,497.72,521.4,272.6,619.6,132.30635661222024,0.01790157,0.01571121,0.01322237,0.03005213,0.006871848077191462,,,,,
79c04e6e05d3d74fa72f6036238edff157dcd94b,2026-10-04 18:12:10,commit 79c04e6e05 | peano 22.0.0+0006955e | mlir_aie 1.4.4.dev73+g18ca6c1 | kernels 5726d482c21a | runtime CachedXRTRuntime | xdna 2.21.0_20260625 | xrt 2.21.0 | host docker-runner-5708612c41cc | device NPU Phoenix | pmode default,iron/operators/mem_copy/test.py::test_mem_copy,input_length_2048-num_cores_2-num_channels_1-bypass_False-tile_size_1024,5/5,no,486.92,501.0,362.3,584.4,91.47358635147086,0.017350226,0.01635087,0.0140178,0.02261347,0.0035278662248772984,,,,,
79c04e6e05d3d74fa72f6036238edff157dcd94b,2026-10-04 18:12:10,commit 79c04e6e05 | peano 22.0.0+0006955e | mlir_aie 1.4.4.dev73+g18ca6c1 | kernels 5726d482c21a | runtime CachedXRTRuntime | xdna 2.21.0_20260625 | xrt 2.21.0 | host docker-runner-5708612c41cc | device NPU Phoenix | pmode default,iron/operators/mem_copy/test.py::test_mem_copy,input_length_2048-num_cores_2-num_channels_1-bypass_True-tile_size_1024,5/5,no,329.3,308.1,220.8,484.1,114.56694549476302,0.027364316,0.02659231,0.01692349,0.03709708,0.009103001668413007,,,,,
79c04e6e05d3d74fa72f6036238edff157dcd94b,2026-10-04 18:12:10,commit 79c04e6e05 | peano 22.0.0+0006955e | mlir_aie 1.4.4.dev73+g18ca6c1 | kernels 5726d482c21a | runtime CachedXRTRuntime | xdna 2.21.0_20260625 | xrt 2.21.0 | host docker-runner-5708612c41cc | device NPU Phoenix | pmode default,iron/operators/mem_copy/test.py::test_mem_copy,input_length_2048-num_cores_2-num_channels_2-bypass_False-tile_size_1024,5/5,no,447.4,462.5,306.3,529.4,88.99949438058621,0.019028188,0.01771278,0.01547482,0.0267445,0.004565454309832703,,,,,
79c04e6e05d3d74fa72f6036238edff157dcd94b,2026-10-04 18:12:10,commit 79c04e6e05 | peano 22.0.0+0006955e | mlir_aie 1.4.4.dev73+g18ca6c1 | kernels 5726d482c21a | runtime CachedXRTRuntime | xdna 2.21.0_20260625 | xrt 2.21.0 | host docker-runner-5708612c41cc | device NPU Phoenix | pmode default,iron/operators/mem_copy/test.py::test_mem_copy,input_length_2048-num_cores_2-num_channels_2-bypass_True-tile_size_1024,5/5,no,350.22,303.5,281.5,447.0,84.37071174287912,0.024443396,0.02699256,0.01832781,0.02909918,0.005461575426708853,,,,,
79c04e6e05d3d74fa72f6036238edff157dcd94b,2026-10-04 18:12:10,commit 79c04e6e05 | peano 22.0.0+0006955e | mlir_aie 1.4.4.dev73+g18ca6c1 | kernels 5726d482c21a | runtime CachedXRTRuntime | xdna 2.21.0_20260625 | xrt 2.21.0 | host docker-runner-5708612c41cc | device NPU Phoenix | pmode default,iron/operators/mem_copy/test.py::test_mem_copy,input_length_2048-num_cores_4-num_channels_1-bypass_False-tile_size_512,5/5,no,790.02,560.5,437.1,1817.0,577.309039423427,0.013366594,0.01461542,0.00450856,0.01874162,0.005314660970681008,,,,,
79c04e6e05d3d74fa72f6036238edff157dcd94b,2026-10-04 18:12:10,commit 79c04e6e05 | peano 22.0.0+0006955e | mlir_aie 1.4.4.dev73+g18ca6c1 | kernels 5726d482c21a | runtime CachedXRTRuntime | xdna 2.21.0_20260625 | xrt 2.21.0 | host docker-runner-5708612c41cc | device NPU Phoenix | pmode default,iron/operators/mem_copy/test.py::test_mem_copy,input_length_2048-num_cores_4-num_channels_1-bypass_True-tile_size_512,5/5,no,411.68,408.7,301.1,527.9,81.13083261005028,0.020552614,0.02004507,0.01551827,0.02720275,0.004237534125400054,,,,,
79c04e6e05d3d74fa72f6036238edff157dcd94b,2026-10-04 18:12:10,commit 79c04e6e05 | peano 22.0.0+0006955e | mlir_aie 1.4.4.dev73+g18ca6c1 | kernels 5726d482c21a | runtime CachedXRTRuntime | xdna 2.21.0_20260625 | xrt 2.21.0 | host docker-runner-5708612c41cc | device NPU Phoenix | pmode default,iron/operators/mem_copy/test.py::test_mem_copy,input_length_2048-num_cores_4-num_channels_2-bypass_False-tile_size_512,5/5,no,778.66,555.1,306.2,2049.4,720.2450159494338,0.0160882572,0.01475653,0.003997236,0.0267576,0.008561846234680297,,,,,
79c04e6e05d3d74fa72f6036238edff157dcd94b,2026-10-04 18:12:10,commit 79c04e6e05 | peano 22.0.0+0006955e | mlir_aie 1.4.4.dev73+g18ca6c1 | kernels 5726d482c21a | runtime CachedXRTRuntime | xdna 2.21.0_20260625 | xrt 2.21.0 | host docker-runner-5708612c41cc | device NPU Phoenix | pmode default,iron/operators/mem_copy/test.py::test_mem_copy,input_length_2048-num_cores_4-num_channels_2-bypass_True-tile_size_512,5/5,no,514.4,422.5,221.2,1039.0,326.7242644800046,0.021239402600000002,0.0193882,0.007884163,0.03703001,0.0115867940915427,,,,,
79c04e6e05d3d74fa72f6036238edff157dcd94b,2026-10-04 18:12:10,commit 79c04e6e05 | peano 22.0.0+0006955e | mlir_aie 1.4.4.dev73+g18ca6c1 | kernels 5726d482c21a | runtime CachedXRTRuntime | xdna 2.21.0_20260625 | xrt 2.21.0 | host docker-runner-5708612c41cc | device NPU Phoenix | pmode default,iron/operators/mem_copy/test.py::test_mem_copy,input_length_2048-num_cores_8-num_channels_2-bypass_False-tile_size_256,5/5,no,473.56,506.3,239.2,663.7,159.63380907564664,0.019537806,0.01617975,0.01234278,0.0342432,0.008672090976052432,,,,,
79c04e6e05d3d74fa72f6036238edff157dcd94b,2026-10-04 18:12:10,commit 79c04e6e05 | peano 22.0.0+0006955e | mlir_aie 1.4.4.dev73+g18ca6c1 | kernels 5726d482c21a | runtime CachedXRTRuntime | xdna 2.21.0_20260625 | xrt 2.21.0 | host docker-runner-5708612c41cc | device NPU Phoenix | pmode default,iron/operators/mem_copy/test.py::test_mem_copy,input_length_2048-num_cores_8-num_channels_2-bypass_True-tile_size_256,5/5,no,512.2,573.7,250.0,666.4,162.73529119401235,0.018081428,0.01428024,0.01229303,0.03277324,0.008426253452678124,,,,,
79c04e6e05d3d74fa72f6036238edff157dcd94b,2026-10-04 18:12:10,commit 79c04e6e05 | peano 22.0.0+0006955e | mlir_aie 1.4.4.dev73+g18ca6c1 | kernels 5726d482c21a | runtime CachedXRTRuntime | xdna 2.21.0_20260625 | xrt 2.21.0 | host docker-runner-5708612c41cc | device NPU Phoenix | pmode default,iron/operators/mem_copy/test.py::test_mem_copy,input_length_4096-num_cores_1-num_channels_1-bypass_False-tile_size_4096,5/5,no,390.52,357.6,232.7,650.6,160.4945076941887,0.047222478,0.04581617,0.02518353,0.07041491,0.016951703507173548,,,,,
79c04e6e05d3d74fa72f6036238edff157dcd94b,2026-10-04 18:12:10,commit 79c04e6e05 | peano 22.0.0+0006955e | mlir_aie 1.4.4.dev73+g18ca6c1 | kernels 5726d482c21a | runtime CachedXRTRuntime | xdna 2.21.0_20260625 | xrt 2.21.0 | host docker-runner-5708612c41cc | device NPU Phoenix | pmode default,iron/operators/mem_copy/test.py::test_mem_copy,input_length_4096-num_cores_1-num_channels_1-bypass_True-tile_size_4096,5/5,no,296.36,255.7,233.8,472.7,100.84353226657622,0.059240712,0.06406983,0.03465826,0.07007999,0.014710033940595444,,,,,
79c04e6e05d3d74fa72f6036238edff157dcd94b,2026-10-04 18:12:10,commit 79c04e6e05 | peano 22.0.0+0006955e | mlir_aie 1.4.4.dev73+g18ca6c1 | kernels 5726d482c21a | runtime CachedXRTRuntime | xdna 2.21.0_20260625 | xrt 2.21.0 | host docker-runner-5708612c41cc | device NPU Phoenix | pmode default,iron/operators/mem_copy/test.py::test_mem_copy,input_length_4096-num_cores_2-num_channels_1-bypass_False-tile_size_2048,5/5,no,484.34000000000003,556.3,232.4,740.2,201.7737668776593,0.04011281,0.02945031,0.02213387,0.07048792,0.019753809562338853,,,,,
79c04e6e05d3d74fa72f6036238edff157dcd94b,2026-10-04 18:12:10,commit 79c04e6e05 | peano 22.0.0+0006955e | mlir_aie 1.4.4.dev73+g18ca6c1 | kernels 5726d482c21a | runtime CachedXRTRuntime | xdna 2.21.0_20260625 | xrt 2.21.0 | host docker-runner-5708612c41cc | device NPU Phoenix | pmode default,iron/operators/mem_copy/test.py::test_mem_copy,input_length_4096-num_cores_2-num_channels_1-bypass_True-tile_size_2048,5/5,no,307.76,291.9,160.2,513.7,134.5338916407312,0.06195657,0.05612689,0.0318918,0.1022581,0.026827880733037785,,,,,
79c04e6e05d3d74fa72f6036238edff157dcd94b,2026-10-04 18:12:10,commit 79c04e6e05 | peano 22.0.0+0006955e | mlir_aie 1.4.4.dev73+g18ca6c1 | kernels 5726d482c21a | runtime CachedXRTRuntime | xdna 2.21.0_20260625 | xrt 2.21.0 | host docker-runner-5708612c41cc | device NPU Phoenix | pmode default,iron/operators/mem_copy/test.py::test_mem_copy,input_length_4096-num_cores_2-num_channels_2-bypass_False-tile_size_2048,5/5,no,395.58,344.7,222.7,562.3,146.15326544419045,0.0465839,0.04752857,0.02913654,0.07357016,0.01811274359684225,,,,,
79c04e6e05d3d74fa72f6036238edff157dcd94b,2026-10-04 18:12:10,commit 79c04e6e05 | peano 22.0.0+0006955e | mlir_aie 1.4.4.dev73+g18ca6c1 | kernels 5726d482c21a | runtime CachedXRTRuntime | xdna 2.21.0_20260625 | xrt 2.21.0 | host docker-runner-5708612c41cc | device NPU Phoenix | pmode default,iron/operators/mem_copy/test.py::test_mem_copy,input_length_4096-num_cores_2-num_channels_2-bypass_True-tile_size_2048,5/5,no,391.46,285.7,231.9,588.3,173.25978471647713,0.048599296,0.05735148,0.02784756,0.07064627,0.019282645098438387,,,,,
79c04e6e05d3d74fa72f6036238edff157dcd94b,2026-10-04 18:12:10,commit 79c04e6e05 | peano 22.0.0+0006955e | mlir_aie 1.4.4.dev73+g18ca6c1 | kernels 5726d482c21a | runtime CachedXRTRuntime | xdna 2.21.0_20260625 | xrt 2.21.0 | host docker-runner-5708612c41cc | device NPU Phoenix | pmode default,iron/operators/mem_copy/test.py::test_mem_copy,input_length_4096-num_cores_4-num_channels_1-bypass_False-tile_size_1024,5/5,no,376.54,306.3,245.6,528.7,133.40372183713617,0.04793849,0.05348201,0.03098717,0.06671499,0.015804307123349317,,,,,
79c04e6e05d3d74fa72f6036238edff157dcd94b,2026-10-04 18:12:10,commit 79c04e6e05 | peano 22.0.0+0006955e | mlir_aie 1.4.4.dev73+g18ca6c1 | kernels 5726d482c21a | runtime CachedXRTRuntime | xdna 2.21.0_20260625 | xrt 2.21.0 | host docker-runner-5708612c41cc | device NPU Phoenix | pmode default,iron/operators/mem_copy/test.py::test_mem_copy,input_length_4096-num_cores_4-num_channels_1-bypass_True-tile_size_1024,5/5,no,426.02,423.6,232.9,605.8,134.60075036937943,0.042428456,0.03867827,0.02704702,0.07033933,0.016501056853967872,,,,,
79c04e6e05d3d74fa72f6036238edff157dcd94b,2026-10-04 18:12:10,commit 79c04e6e05 | peano 22.0.0+0006955e | mlir_aie 1.4.4.dev73+g18ca6c1 | kernels 5726d482c21a | runtime CachedXRTRuntime | xdna 2.21.0_20260625 | xrt 2.21.0 | host docker-runner-5708612c41cc | device NPU Phoenix | pmode default,iron/operators/mem_copy/test.py::test_mem_copy,input_length_4096-num_cores_4-num_channels_2-bypass_False-tile_size_1024,5/5,no,380.71999999999997,334.8,230.2,556.0,137.07277993825033,0.04780082,0.04893668,0.02946837,0.07118124,0.017007925767310663,,,,,
79c04e6e05d3d74fa72f6036238edff157dcd94b,2026-10-04 18:12:10,commit 79c04e6e05 | peano 22.0.0+0006955e | mlir_aie 1.4.4.dev73+g18ca6c1 | kernels 5726d482c21a | runtime CachedXRTRuntime | xdna 2.21.0_20260625 | xrt 2.21.0 | host docker-runner-5708612c41cc | device NPU Phoenix | pmode default,iron/operators/mem_copy/test.py::test_mem_copy,input_length_4096-num_cores_4-num_channels_2-bypass_True-tile_size_1024,5/5,no,671.12,313.8,232.5,1994.6,746.7453963701416,0.0432838416,0.05220994,0.008214248,0.07047276,0.023803454229498137,,,,,
79c04e6e05d3d74fa72f6036238edff157dcd94b,2026-10-04 18:12:10,commit 79c04e6e05 | peano 22.0.0+0006955e | mlir_aie 1.4.4.dev73+g18ca6c1 | kernels 5726d482c21a | runtime CachedXRTRuntime | xdna 2.21.0_20260625 | xrt 2.21.0 | host docker-runner-5708612c41cc | device NPU Phoenix | pmode default,iron/operators/mem_copy/test.py::test_mem_copy,input_length_4096-num_cores_8-num_channels_2-bypass_False-tile_size_512,5/5,no,708.5600000000001,618.2,581.6,1051.8,195.10887473408272,0.024228905999999998,0.02650391,0.01557712,0.02816989,0.00505004017379367,,,,,
79c04e6e05d3d74fa72f6036238edff157dcd94b,2026-10-04 18:12:10,commit 79c04e6e05 | peano 22.0.0+0006955e | mlir_aie 1.4.4.dev73+g18ca6c1 | kernels 5726d482c21a | runtime CachedXRTRuntime | xdna 2.21.0_20260625 | xrt 2.21.0 | host docker-runner-5708612c41cc | device NPU Phoenix | pmode default,iron/operators/mem_copy/test.py::test_mem_copy,input_length_4096-num_cores_8-num_channels_2-bypass_True-tile_size_512,5/5,no,503.66,527.1,248.1,623.1,151.09263052842783,0.036475688,0.03108376,0.02629425,0.06603097,0.016713743696581563,,,,,
79c04e6e05d3d74fa72f6036238edff157dcd94b,2026-10-04 18:12:10,commit 79c04e6e05 | peano 22.0.0+0006955e | mlir_aie 1.4.4.dev73+g18ca6c1 | kernels 5726d482c21a | runtime CachedXRTRuntime | xdna 2.21.0_20260625 | xrt 2.21.0 | host docker-runner-5708612c41cc | device NPU Phoenix | pmode default,iron/operators/mem_copy/test.py::test_mem_copy,input_length_8192-num_cores_1-num_channels_1-bypass_False-tile_size_8192,5/5,no,385.78000000000003,411.5,239.4,522.7,119.11816402211714,0.092573458,0.07962404,0.06269192,0.1368635,0.03145038033935393,,,,,
79c04e6e05d3d74fa72f6036238edff157dcd94b,2026-10-04 18:12:10,commit 79c04e6e05 | peano 22.0.0+0006955e | mlir_aie 1.4.4.dev73+g18ca6c1 | kernels 5726d482c21a | runtime CachedXRTRuntime | xdna 2.21.0_20260625 | xrt 2.21.0 | host docker-runner-5708612c41cc | device NPU Phoenix | pmode default,iron/operators/mem_copy/test.py::test_mem_copy,input_length_8192-num_cores_1-num_channels_1-bypass_True-tile_size_8192,5/5,no,309.48,295.4,228.1,445.3,81.93108079355478,0.111157324,0.1109445,0.07358502,0.1436695,0.025503401449980746,,,,,
79c04e6e05d3d74fa72f6036238edff157dcd94b,2026-10-04 18:12:10,commit 79c04e6e05 | peano 22.0.0+0006955e | mlir_aie 1.4.4.dev73+g18ca6c1 | kernels 5726d482c21a | runtime CachedXRTRuntime | xdna 2.21.0_20260625 | xrt 2.21.0 | host docker-runner-5708612c41cc | device NPU Phoenix | pmode default,iron/operators/mem_copy/test.py::test_mem_copy,input_length_8192-num_cores_2-num_channels_1-bypass_False-tile_size_4096,5/5,no,353.48,330.8,227.5,491.4,123.74585649628838,0.102545014,0.09906222,0.0666782,0.1440174,0.03565429070722035,,,,,
79c04e6e05d3d74fa72f6036238edff157dcd94b,2026-10-04 18:12:10,commit 79c04e6e05 | peano 22.0.0+0006955e | mlir_aie 1.4.4.dev73+g18ca6c1 | kernels 5726d482c21a | runtime CachedXRTRuntime | xdna 2.21.0_20260625 | xrt 2.21.0 | host docker-runner-5708612c41cc | device NPU Phoenix | pmode default,iron/operators/mem_copy/test.py::test_mem_copy,input_length_8192-num_cores_2-num_channels_1-bypass_True-tile_size_4096,5/5,no,313.0,244.9,197.7,604.1,166.197683497695,0.122101912,0.1338283,0.05423846,0.1657276,0.04248075980824401,,,,,
79c04e6e05d3d74fa72f6036238edff157dcd94b,2026-10-04 18:12:10,commit 79c04e6e05 | peano 22.0.0+0006955e | mlir_aie 1.4.4.dev73+g18ca6c1 | kernels 5726d482c21a | runtime CachedXRTRuntime | xdna 2.21.0_20260625 | xrt 2.21.0 | host docker-runner-5708612c41cc | device NPU Phoenix | pmode default,iron/operators/mem_copy/test.py::test_mem_copy,input_length_8192-num_cores_2-num_channels_2-bypass_False-tile_size_4096,5/5,no,337.34,283.8,231.3,468.4,107.64426598755736,0.105052192,0.1154681,0.06995865,0.141678,0.031292139758229545,,,,,
79c04e6e05d3d74fa72f6036238edff157dcd94b,2026-10-04 18:12:10,commit 79c04e6e05 | peano 22.0.0+0006955e | mlir_aie 1.4.4.dev73+g18ca6c1 | kernels 5726d482c21a | runtime CachedXRTRuntime | xdna 2.21.0_20260625 | xrt 2.21.0 | host docker-runner-5708612c41cc | device NPU Phoenix | pmode default,iron/operators/mem_copy/test.py::test_mem_copy,input_length_8192-num_cores_2-num_channels_2-bypass_True-tile_size_4096,5/5,no,318.04,265.3,228.8,526.9,124.38666729195697,0.113389526,0.1234902,0.06218651,0.1432412,0.033921648356201387,,,,,
79c04e6e05d3d74fa72f6036238edff157dcd94b,2026-10-04 18:12:10,commit 79c04e6e05 | peano 22.0.0+0006955e | mlir_aie 1.4.4.dev73+g18ca6c1 | kernels 5726d482c21a | runtime CachedXRTRuntime | xdna 2.21.0_20260625 | xrt 2.21.0 | host docker-runner-5708612c41cc | device NPU Phoenix | pmode default,iron/operators/mem_copy/test.py::test_mem_copy,input_length_8192-num_cores_4-num_channels_1-bypass_False-tile_size_2048,5/5,no,325.86,269.8,205.5,501.9,131.30199160713443,0.11368178599999999,0.1214588,0.06528205,0.1594185,0.04144024063231269,,,,,
79c04e6e05d3d74fa72f6036238edff157dcd94b,2026-10-04 18:12:10,commit 79c04e6e05 | peano 22.0.0+0006955e | mlir_aie 1.4.4.dev73+g18ca6c1 | kernels 5726d482c21a | runtime CachedXRTRuntime | xdna 2.21.0_20260625 | xrt 2.21.0 | host docker-runner-5708612c41cc | device NPU Phoenix | pmode default,iron/operators/mem_copy/test.py::test_mem_copy,input_length_8192-num_cores_4-num_channels_1-bypass_True-tile_size_2048,5/5,no,382.1,391.4,234.5,514.6,120.00989542533567,0.093696448,0.08371207,0.06367429,0.1397589,0.032204563256780394,,,,,
79c04e6e05d3d74fa72f6036238edff157dcd94b,2026-10-04 18:12:10,commit 79c04e6e05 | peano 22.0.0+0006955e | mlir_aie 1.4.4.dev73+g18ca6c1 | kernels 5726d482c21a | runtime CachedXRTRuntime | xdna 2.21.0_20260625 | xrt 2.21.0 | host docker-runner-5708612c41cc | device NPU Phoenix | pmode default,iron/operators/mem_copy/test.py::test_mem_copy,input_length_8192-num_cores_4-num_channels_2-bypass_False-tile_size_2048,5/5,no,326.68,291.8,182.9,532.5,131.2158793744111,0.11338904600000001,0.1123119,0.06153245,0.1791727,0.043577555482198396,,,,,
79c04e6e05d3d74fa72f6036238edff157dcd94b,2026-10-04 18:12:10,commit 79c04e6e05 | peano 22.0.0+0006955e | mlir_aie 1.4.4.dev73+g18ca6c1 | kernels 5726d482c21a | runtime CachedXRTRuntime | xdna 2.21.0_20260625 | xrt 2.21.0 | host docker-runner-5708612c41cc | device NPU Phoenix | pmode default,iron/operators/mem_copy/test.py::test_mem_copy,input_length_8192-num_cores_4-num_channels_2-bypass_True-tile_size_2048,5/5,no,347.02,294.9,184.7,556.3,167.3467418266636,0.114125886,0.1111292,0.05890802,0.1773659,0.05258682389651784,,,,,
79c04e6e05d3d74fa72f6036238edff157dcd94b,2026-10-04 18:12:10,commit 79c04e6e05 | peano 22.0.0+0006955e | mlir_aie 1.4.4.dev73+g18ca6c1 | kernels 5726d482c21a | runtime CachedXRTRuntime | xdna 2.21.0_20260625 | xrt 2.21.0 | host docker-runner-5708612c41cc | device NPU Phoenix | pmode default,iron/operators/mem_copy/test.py::test_mem_copy,input_length_8192-num_cores_8-num_channels_2-bypass_False-tile_size_1024,5/5,no,432.8,370.1,264.8,613.4,152.6388384389766,0.083752434,0.08853441,0.05341645,0.123742,0.029179873506456983,,,,,
79c04e6e05d3d74fa72f6036238edff157dcd94b,2026-10-04 18:12:10,commit 79c04e6e05 | peano 22.0.0+0006955e | mlir_aie 1.4.4.dev73+g18ca6c1 | kernels 5726d482c21a | runtime CachedXRTRuntime | xdna 2.21.0_20260625 | xrt 2.21.0 | host docker-runner-5708612c41cc | device NPU Phoenix | pmode default,iron/operators/mem_copy/test.py::test_mem_copy,input_length_8192-num_cores_8-num_channels_2-bypass_True-tile_size_1024,5/5,no,451.44,460.5,265.9,599.8,128.50364975361595,0.078565544,0.07116269,0.0546299,0.1232204,0.027058057395829987,,,,,
79c04e6e05d3d74fa72f6036238edff157dcd94b,2026-10-04 18:12:10,commit 79c04e6e05 | peano 22.0.0+0006955e | mlir_aie 1.4.4.dev73+g18ca6c1 | kernels 5726d482c21a | runtime CachedXRTRuntime | xdna 2.21.0_20260625 | xrt 2.21.0 | host docker-runner-5708612c41cc | device NPU Phoenix | pmode default,iron/operators/mem_copy/test.py::test_mem_copy,input_length_8388608-num_cores_8-num_channels_2-bypass_False-tile_size_4096,5/5,yes,3273.94,3848.1,1586.1,4265.1,1088.8675966342282,11.679426399999999,8.719831,7.867144,21.15579,5.5284739089173875,,,,,
79c04e6e05d3d74fa72f6036238edff157dcd94b,2026-10-04 18:12:10,commit 79c04e6e05 | peano 22.0.0+0006955e | mlir_aie 1.4.4.dev73+g18ca6c1 | kernels 5726d482c21a | runtime CachedXRTRuntime | xdna 2.21.0_20260625 | xrt 2.21.0 | host docker-runner-5708612c41cc | device NPU Phoenix | pmode default,iron/operators/mha/test.py::test_arg_spec_matches_design_shapes,seq_len_16384-dim_64-num_heads_1-num_pipelines_8-num_kv_heads_0,5/5,no,,,,,,,,,,,,,,,
79c04e6e05d3d74fa72f6036238edff157dcd94b,2026-10-04 18:12:10,commit 79c04e6e05 | peano 22.0.0+0006955e | mlir_aie 1.4.4.dev73+g18ca6c1 | kernels 5726d482c21a | runtime CachedXRTRuntime | xdna 2.21.0_20260625 | xrt 2.21.0 | host docker-runner-5708612c41cc | device NPU Phoenix | pmode default,iron/operators/mha/test.py::test_arg_spec_matches_design_shapes,seq_len_16384-dim_64-num_heads_8-num_pipelines_8-num_kv_heads_2,5/5,no,,,,,,,,,,,,,,,
79c04e6e05d3d74fa72f6036238edff157dcd94b,2026-10-04 18:12:10,commit 79c04e6e05 | peano 22.0.0+0006955e | mlir_aie 1.4.4.dev73+g18ca6c1 | kernels 5726d482c21a | runtime CachedXRTRuntime | xdna 2.21.0_20260625 | xrt 2.21.0 | host docker-runner-5708612c41cc | device NPU Phoenix | pmode default,iron/operators/relu/test.py::test_relu,input_length_1024-num_aie_columns_1-num_channels_1-tile_size_1024,5/5,no,769.54,489.4,314.9,2044.4,718.0496591462181,0.0079971718,0.008369244,0.002003505,0.01300929,0.003970334473750694,,,,,
79c04e6e05d3d74fa72f6036238edff157dcd94b,2026-10-04 18:12:10,commit 79c04e6e05 | peano 22.0.0+0006955e | mlir_aie 1.4.4.dev73+g18ca6c1 | kernels 5726d482c21a | runtime CachedXRTRuntime | xdna 2.21.0_20260625 | xrt 2.21.0 | host docker-runner-5708612c41cc | device NPU Phoenix | pmode default,iron/operators/relu/test.py::test_relu,input_length_1024-num_aie_columns_1-num_channels_2-tile_size_512,5/5,no,401.54,483.3,191.1,507.0,135.47779522859088,0.0116963914,0.008474909,0.008078194,0.02143728,0.005686961881649621,,,,,
79c04e6e05d3d74fa72f6036238edff157dcd94b,2026-10-04 18:12:10,commit 79c04e6e05 | peano 22.0.0+0006955e | mlir_aie 1.4.4.dev73+g18ca6c1 | kernels 5726d482c21a | runtime CachedXRTRuntime | xdna 2.21.0_20260625 | xrt 2.21.0 | host docker-runner-5708612c41cc | device NPU Phoenix | pmode default,iron/operators/relu/test.py::test_relu,input_length_1024-num_aie_columns_2-num_channels_1-tile_size_512,5/5,no,430.28000000000003,351.1,253.1,700.4,182.13167489484084,0.0108612668,0.01166719,0.005848271,0.01618096,0.004114109528529801,,,,,
79c04e6e05d3d74fa72f6036238edff157dcd94b,2026-10-04 18:12:10,commit 79c04e6e05 | peano 22.0.0+0006955e | mlir_aie 1.4.4.dev73+g18ca6c1 | kernels 5726d482c21a | runtime CachedXRTRuntime | xdna 2.21.0_20260625 | xrt 2.21.0 | host docker-runner-5708612c41cc | device NPU Phoenix | pmode default,iron/operators/relu/test.py::test_relu,input_length_1024-num_aie_columns_2-num_channels_2-tile_size_256,5/5,no,692.28,467.9,294.6,1786.5,616.1413652726134,0.0085921124,0.008753072,0.002292776,0.01390294,0.004145426398185632,,,,,
79c04e6e05d3d74fa72f6036238edff157dcd94b,2026-10-04 18:12:10,commit 79c04e6e05 | peano 22.0.0+0006955e | mlir_aie 1.4.4.dev73+g18ca6c1 | kernels 5726d482c21a | runtime CachedXRTRuntime | xdna 2.21.0_20260625 | xrt 2.21.0 | host docker-runner-5708612c41cc | device NPU Phoenix | pmode default,iron/operators/relu/test.py::test_relu,input_length_1024-num_aie_columns_4-num_channels_1-tile_size_256,5/5,no,459.54,399.1,391.1,642.9,107.227482484669,0.009237058,0.01026253,0.006370933,0.01047206,0.001747569093186161,,,,,
79c04e6e05d3d74fa72f6036238edff157dcd94b,2026-10-04 18:12:10,commit 79c04e6e05 | peano 22.0.0+0006955e | mlir_aie 1.4.4.dev73+g18ca6c1 | kernels 5726d482c21a | runtime CachedXRTRuntime | xdna 2.21.0_20260625 | xrt 2.21.0 | host docker-runner-5708612c41cc | device NPU Phoenix | pmode default,iron/operators/relu/test.py::test_relu,input_length_1024-num_aie_columns_4-num_channels_2-tile_size_128,5/5,no,573.92,583.0,340.4,981.4,254.174304366118,0.008203401400000001,0.007025765,0.004173557,0.01203181,0.0031770632333292174,,,,,
79c04e6e05d3d74fa72f6036238edff157dcd94b,2026-10-04 18:12:10,commit 79c04e6e05 | peano 22.0.0+0006955e | mlir_aie 1.4.4.dev73+g18ca6c1 | kernels 5726d482c21a | runtime CachedXRTRuntime | xdna 2.21.0_20260625 | xrt 2.21.0 | host docker-runner-5708612c41cc | device NPU Phoenix | pmode default,iron/operators/relu/test.py::test_relu,input_length_2048-num_aie_columns_1-num_channels_1-tile_size_2048,5/5,no,302.7,260.9,200.9,520.4,125.316619009611,0.029968618,0.03139407,0.01574056,0.04077691,0.009096775275396771,,,,,
79c04e6e05d3d74fa72f6036238edff157dcd94b,2026-10-04 18:12:10,commit 79c04e6e05 | peano 22.0.0+0006955e | mlir_aie 1.4.4.dev73+g18ca6c1 | kernels 5726d482c21a | runtime CachedXRTRuntime | xdna 2.21.0_20260625 | xrt 2.21.0 | host docker-runner-5708612c41cc | device NPU Phoenix | pmode default,iron/operators/relu/test.py::test_relu,input_length_2048-num_aie_columns_1-num_channels_2-tile_size_1024,5/5,no,483.7,327.9,243.1,1220.4,415.3976227664285,0.023940677,0.02498346,0.006712355,0.0336971,0.010833815961521592,,,,,
79c04e6e05d3d74fa72f6036238edff157dcd94b,2026-10-04 18:12:10,commit 79c04e6e05 | peano 22.0.0+0006955e | mlir_aie 1.4.4.dev73+g18ca6c1 | kernels 5726d482c21a | runtime CachedXRTRuntime | xdna 2.21.0_20260625 | xrt 2.21.0 | host docker-runner-5708612c41cc | device NPU Phoenix | pmode default,iron/operators/relu/test.py::test_relu,input_length_2048-num_aie_columns_2-num_channels_1-tile_size_1024,5/5,no,491.14,399.2,271.9,1028.0,305.866642509444,0.0205081812,0.0205215,0.007968686,0.03012629,0.00817767361164269,,,,,
79c04e6e05d3d74fa72f6036238edff157dcd94b,2026-10-04 18:12:10,commit 79c04e6e05 | peano 22.0.0+0006955e | mlir_aie 1.4.4.dev73+g18ca6c1 | kernels 5726d482c21a | runtime CachedXRTRuntime | xdna 2.21.0_20260625 | xrt 2.21.0 | host docker-runner-5708612c41cc | device NPU Phoenix | pmode default,iron/operators/relu/test.py::test_relu,input_length_2048-num_aie_columns_2-num_channels_2-tile_size_512,5/5,no,439.56,464.1,245.4,578.5,126.20864867353583,0.020340204,0.01765163,0.01416056,0.03337788,0.007634977963820851,,,,,
79c04e6e05d3d74fa72f6036238edff157dcd94b,2026-10-04 18:12:10,commit 79c04e6e05 | peano 22.0.0+0006955e | mlir_aie 1.4.4.dev73+g18ca6c1 | kernels 5726d482c21a | runtime CachedXRTRuntime | xdna 2.21.0_20260625 | xrt 2.21.0 | host docker-runner-5708612c41cc | device NPU Phoenix | pmode default,iron/operators/relu/test.py::test_relu,input_length_2048-num_aie_columns_4-num_channels_1-tile_size_512,5/5,no,335.78000000000003,292.8,232.3,457.8,105.15727269190658,0.02633147,0.02797709,0.01789381,0.03526368,0.007793145197219797,,,,,
79c04e6e05d3d74fa72f6036238edff157dcd94b,2026-10-04 18:12:10,commit 79c04e6e05 | peano 22.0.0+0006955e | mlir_aie 1.4.4.dev73+g18ca6c1 | kernels 5726d482c21a | runtime CachedXRTRuntime | xdna 2.21.0_20260625 | xrt 2.21.0 | host docker-runner-5708612c41cc | device NPU Phoenix | pmode default,iron/operators/relu/test.py::test_relu,input_length_2048-num_aie_columns_4-num_channels_2-tile_size_256,5/5,no,590.58,579.0,350.3,965.2,257.180981023092,0.0161231414,0.01414731,0.008487747,0.02338634,0.006718703865513035,,,,,
79c04e6e05d3d74fa72f6036238edff157dcd94b,2026-10-04 18:12:10,commit 79c04e6e05 | peano 22.0.0+0006955e | mlir_aie 1.4.4.dev73+g18ca6c1 | kernels 5726d482c21a | runtime CachedXRTRuntime | xdna 2.21.0_20260625 | xrt 2.21.0 | host docker-runner-5708612c41cc | device NPU Phoenix | pmode default,iron/operators/relu/test.py::test_relu,input_length_4096-num_aie_columns_1-num_channels_1-tile_size_4096,5/5,no,666.5799999999999,499.2,148.2,1816.3,666.6475320587334,0.047929248,0.03281788,0.00902065,0.1105168,0.03941774394769657,,,,,
79c04e6e05d3d74fa72f6036238edff157dcd94b,2026-10-04 18:12:10,commit 79c04e6e05 | peano 22.0.0+0006955e | mlir_aie 1.4.4.dev73+g18ca6c1 | kernels 5726d482c21a | runtime CachedXRTRuntime | xdna 2.21.0_20260625 | xrt 2.21.0 | host docker-runner-5708612c41cc | device NPU Phoenix | pmode default,iron/operators/relu/test.py::test_relu,input_length_4096-num_aie_columns_1-num_channels_2-tile_size_2048,5/5,no,392.15999999999997,407.9,241.7,527.4,127.80059859014746,0.0459517,0.04016897,0.03106661,0.0677795,0.016247341082038628,,,,,
79c04e6e05d3d74fa72f6036238edff157dcd94b,2026-10-04 18:12:10,commit 79c04e6e05 | peano 22.0.0+0006955e | mlir_aie 1.4.4.dev73+g18ca6c1 | kernels 5726d482c21a | runtime CachedXRTRuntime | xdna 2.21.0_20260625 | xrt 2.21.0 | host docker-runner-5708612c41cc | device NPU Phoenix | pmode default,iron/operators/relu/test.py::test_relu,input_length_4096-num_aie_columns_2-num_channels_1-tile_size_2048,5/5,no,295.14,321.8,167.3,396.1,103.81061121099327,0.062461508,0.05091598,0.04136058,0.09792893,0.025093155629991416,,,,,
79c04e6e05d3d74fa72f6036238edff157dcd94b,2026-10-04 18:12:10,commit 79c04e6e05 | peano 22.0.0+0006955e | mlir_aie 1.4.4.dev73+g18ca6c1 | kernels 5726d482c21a | runtime CachedXRTRuntime | xdna 2.21.0_20260625 | xrt 2.21.0 | host docker-runner-5708612c41cc | device NPU Phoenix | pmode default,iron/operators/relu/test.py::test_relu,input_length_4096-num_aie_columns_2-num_channels_2-tile_size_1024,5/5,no,381.6,309.6,248.6,587.1,138.8626839723329,0.047272002,0.05291767,0.02790452,0.06590295,0.015266568159251445,,,,,
79c04e6e05d3d74fa72f6036238edff157dcd94b,2026-10-04 18:12:10,commit 79c04e6e05 | peano 22.0.0+0006955e | mlir_aie 1.4.4.dev73+g18ca6c1 | kernels 5726d482c21a | runtime CachedXRTRuntime | xdna 2.21.0_20260625 | xrt 2.21.0 | host docker-runner-5708612c41cc | device NPU Phoenix | pmode default,iron/operators/relu/test.py::test_relu,input_length_4096-num_aie_columns_4-num_channels_1-tile_size_1024,5/5,no,455.76,511.5,237.2,588.2,135.63872234727074,0.039857402,0.03203047,0.02785603,0.06907368,0.01680192360252748,,,,,
79c04e6e05d3d74fa72f6036238edff157dcd94b,2026-10-04 18:12:10,commit 79c04e6e05 | peano 22.0.0+0006955e | mlir_aie 1.4.4.dev73+g18ca6c1 | kernels 5726d482c21a | runtime CachedXRTRuntime | xdna 2.21.0_20260625 | xrt 2.21.0 | host docker-runner-5708612c41cc | device NPU Phoenix | pmode default,iron/operators/relu/test.py::test_relu,input_length_4096-num_aie_columns_4-num_channels_2-tile_size_512,5/5,no,884.62,631.2,260.4,2421.6,880.172325172747,0.032335544,0.02595826,0.00676587,0.06290892,0.021571127862664713,,,,,
79c04e6e05d3d74fa72f6036238edff157dcd94b,2026-10-04 18:12:10,commit 79c04e6e05 | peano 22.0.0+0006955e | mlir_aie 1.4.4.dev73+g18ca6c1 | kernels 5726d482c21a | runtime CachedXRTRuntime | xdna 2.21.0_20260625 | xrt 2.21.0 | host docker-runner-5708612c41cc | device NPU Phoenix | pmode default,iron/operators/relu/test.py::test_relu,input_length_8192-num_aie_columns_1-num_channels_2-tile_size_4096,5/5,no,559.9399999999999,462.2,285.4,993.3,270.1684992740641,0.069292214,0.07090185,0.03298806,0.1148155,0.030433229176547796,,,,,
79c04e6e05d3d74fa72f6036238edff157dcd94b,2026-10-04 18:12:10,commit 79c04e6e05 | peano 22.0.0+0006955e | mlir_aie 1.4.4.dev73+g18ca6c1 | kernels 5726d482c21a | runtime CachedXRTRuntime | xdna 2.21.0_20260625 | xrt 2.21.0 | host docker-runner-5708612c41cc | device NPU Phoenix | pmode default,iron/operators/relu/test.py::test_relu,input_length_8192-num_aie_columns_2-num_channels_1-tile_size_4096,5/5,no,405.14,391.0,256.5,579.0,150.649387652257,0.090887098,0.08379791,0.05659716,0.1277694,0.03417155698907382,,,,,
79c04e6e05d3d74fa72f6036238edff157dcd94b,2026-10-04 18:12:10,commit 79c04e6e05 | peano 22.0.0+0006955e | mlir_aie 1.4.4.dev73+g18ca6c1 | kernels 5726d482c21a | runtime CachedXRTRuntime | xdna 2.21.0_20260625 | xrt 2.21.0 | host docker-runner-5708612c41cc | device NPU Phoenix | pmode default,iron/operators/relu/test.py::test_relu,input_length_8192-num_aie_columns_2-num_channels_2-tile_size_2048,5/5,no,307.71999999999997,239.8,200.6,497.4,122.03152051826609,0.118668176,0.1366409,0.0658844,0.163328,0.03941216844079859,,,,,
79c04e6e05d3d74fa72f6036238edff157dcd94b,2026-10-04 18:12:10,commit 79c04e6e05 | peano 22.0.0+0006955e | mlir_aie 1.4.4.dev73+g18ca6c1 | kernels 5726d482c21a | runtime CachedXRTRuntime | xdna 2.21.0_20260625 | xrt 2.21.0 | host docker-runner-5708612c41cc | device NPU Phoenix | pmode default,iron/operators/relu/test.py::test_relu,input_length_8192-num_aie_columns_4-num_channels_1-tile_size_2048,5/5,no,455.06,471.0,328.9,567.9,106.2553198668189,0.075454516,0.06956876,0.05769735,0.09963846,0.018580833559295178,,,,,
79c04e6e05d3d74fa72f6036238edff157dcd94b,2026-10-04 18:12:10,commit 79c04e6e05 | peano 22.0.0+0006955e | mlir_aie 1.4.4.dev73+g18ca6c1 | kernels 5726d482c21a | runtime CachedXRTRuntime | xdna 2.21.0_20260625 | xrt 2.21.0 | host docker-runner-5708612c41cc | device NPU Phoenix | pmode default,iron/operators/relu/test.py::test_relu,input_length_8192-num_aie_columns_4-num_channels_2-tile_size_1024,5/5,no,467.44,417.9,382.8,618.6,104.76961868786199,0.07273943,0.07841373,0.05296746,0.08559189,0.014813156172408026,,,,,
79c04e6e05d3d74fa72f6036238edff157dcd94b,2026-10-04 18:12:10,commit 79c04e6e05 | peano 22.0.0+0006955e | mlir_aie 1.4.4.dev73+g18ca6c1 | kernels 5726d482c21a | runtime CachedXRTRuntime | xdna 2.21.0_20260625 | xrt 2.21.0 | host docker-runner-5708612c41cc | device NPU Phoenix | pmode default,iron/operators/relu/test.py::test_relu,input_length_8388608-num_aie_columns_4-num_channels_2-tile_size_4096,5/5,yes,2506.32,1596.3,1440.7,4128.0,1339.6715519111392,16.5520734,21.02047,8.128579,23.29003,7.428343057321855,,,,,
79c04e6e05d3d74fa72f6036238edff157dcd94b,2026-10-04 18:12:10,commit 79c04e6e05 | peano 22.0.0+0006955e | mlir_aie 1.4.4.dev73+g18ca6c1 | kernels 5726d482c21a | runtime CachedXRTRuntime | xdna 2.21.0_20260625 | xrt 2.21.0 | host docker-runner-5708612c41cc | device NPU Phoenix | pmode default,iron/operators/repeat/test.py::test_cols_without_a_legal_split_is_rejected,"cols_1031-why_prime > 1023: the only divisors are 1 and cols, neither legal",5/5,no,,,,,,,,,,,,,,,
79c04e6e05d3d74fa72f6036238edff157dcd94b,2026-10-04 18:12:10,commit 79c04e6e05 | peano 22.0.0+0006955e | mlir_aie 1.4.4.dev73+g18ca6c1 | kernels 5726d482c21a | runtime CachedXRTRuntime | xdna 2.21.0_20260625 | xrt 2.21.0 | host docker-runner-5708612c41cc | device NPU Phoenix | pmode default,iron/operators/repeat/test.py::test_cols_without_a_legal_split_is_rejected,cols_2062-why_2 x 1031: the only word-aligned chunk leaves a 1031-wide chunk count,5/5,no,,,,,,,,,,,,,,,
79c04e6e05d3d74fa72f6036238edff157dcd94b,2026-10-04 18:12:10,commit 79c04e6e05 | peano 22.0.0+0006955e | mlir_aie 1.4.4.dev73+g18ca6c1 | kernels 5726d482c21a | runtime CachedXRTRuntime | xdna 2.21.0_20260625 | xrt 2.21.0 | host docker-runner-5708612c41cc | device NPU Phoenix | pmode default,iron/operators/repeat/test.py::test_cols_without_a_legal_split_is_rejected,"cols_513-why_odd: every divisor is odd, so no chunk is a whole 32-bit word",5/5,no,,,,,,,,,,,,,,,
79c04e6e05d3d74fa72f6036238edff157dcd94b,2026-10-04 18:12:10,commit 79c04e6e05 | peano 22.0.0+0006955e | mlir_aie 1.4.4.dev73+g18ca6c1 | kernels 5726d482c21a | runtime CachedXRTRuntime | xdna 2.21.0_20260625 | xrt 2.21.0 | host docker-runner-5708612c41cc | device NPU Phoenix | pmode default,iron/operators/repeat/test.py::test_repeat,rows_4-cols_1024-repeat_2-transfer_size_None,5/5,no,335.6,293.7,280.5,417.6,69.40208930572624,0.075646322,0.08368235,0.05884832,0.08762185,0.014586115060302041,,,,,
79c04e6e05d3d74fa72f6036238edff157dcd94b,2026-10-04 18:12:10,commit 79c04e6e05 | peano 22.0.0+0006955e | mlir_aie 1.4.4.dev73+g18ca6c1 | kernels 5726d482c21a | runtime CachedXRTRuntime | xdna 2.21.0_20260625 | xrt 2.21.0 | host docker-runner-5708612c41cc | device NPU Phoenix | pmode default,iron/operators/repeat/test.py::test_repeat,rows_4-cols_2048-repeat_2-transfer_size_None,5/5,no,424.8,449.1,325.2,481.8,63.518147013274884,0.11809301999999999,0.1094443,0.1020246,0.1511476,0.02007920687121381,,,,,
79c04e6e05d3d74fa72f6036238edff157dcd94b,2026-10-04 18:12:10,commit 79c04e6e05 | peano 22.0.0+0006955e | mlir_aie 1.4.4.dev73+g18ca6c1 | kernels 5726d482c21a | runtime CachedXRTRuntime | xdna 2.21.0_20260625 | xrt 2.21.0 | host docker-runner-5708612c41cc | device NPU Phoenix | pmode default,iron/operators/repeat/test.py::test_repeat,rows_8-cols_131072-repeat_4-transfer_size_64,5/5,yes,3716.68,3960.5,2942.8,4030.3,464.5176175345774,2.8622044,2.647617,2.601749,3.563148,0.41036655717151227,,,,,
79c04e6e05d3d74fa72f6036238edff157dcd94b,2026-10-04 18:12:10,commit 79c04e6e05 | peano 22.0.0+0006955e | mlir_aie 1.4.4.dev73+g18ca6c1 | kernels 5726d482c21a | runtime CachedXRTRuntime | xdna 2.21.0_20260625 | xrt 2.21.0 | host docker-runner-5708612c41cc | device NPU Phoenix | pmode default,iron/operators/repeat/test.py::test_repeat,rows_8-cols_512-repeat_4-transfer_size_64,5/5,no,361.86,287.6,253.6,541.0,123.45014378282433,0.123063458,0.1423997,0.07571766,0.1615091,0.03664009366451483,,,,,
79c04e6e05d3d74fa72f6036238edff157dcd94b,2026-10-04 18:12:10,commit 79c04e6e05 | peano 22.0.0+0006955e | mlir_aie 1.4.4.dev73+g18ca6c1 | kernels 5726d482c21a | runtime CachedXRTRuntime | xdna 2.21.0_20260625 | xrt 2.21.0 | host docker-runner-5708612c41cc | device NPU Phoenix | pmode default,iron/operators/repeat/test.py::test_repeat,rows_8-cols_64-repeat_4-transfer_size_None,5/5,no,420.38,434.4,255.4,580.7,140.26694906498824,0.013449021799999999,0.01178724,0.008816915,0.02004377,0.004844541126172963,,,,,
79c04e6e05d3d74fa72f6036238edff157dcd94b,2026-10-04 18:12:10,commit 79c04e6e05 | peano 22.0.0+0006955e | mlir_aie 1.4.4.dev73+g18ca6c1 | kernels 5726d482c21a | runtime CachedXRTRuntime | xdna 2.21.0_20260625 | xrt 2.21.0 | host docker-runner-5708612c41cc | device NPU Phoenix | pmode default,iron/operators/rms_norm/test.py::test_rms_norm,input_length_1024-num_aie_columns_1-num_channels_1-tile_size_1024-weighted_False,5/5,no,275.02,222.4,183.4,483.1,119.95431213591282,0.016646347,0.01842074,0.008479295,0.02232931,0.0051853969836643185,,,,,
79c04e6e05d3d74fa72f6036238edff157dcd94b,2026-10-04 18:12:10,commit 79c04e6e05 | peano 22.0.0+0006955e | mlir_aie 1.4.4.dev73+g18ca6c1 | kernels 5726d482c21a | runtime CachedXRTRuntime | xdna 2.21.0_20260625 | xrt 2.21.0 | host docker-runner-5708612c41cc | device NPU Phoenix | pmode default,iron/operators/rms_norm/test.py::test_rms_norm,input_length_1024-num_aie_columns_1-num_channels_1-tile_size_1024-weighted_True,5/5,no,465.32,396.7,265.8,650.6,170.86847866122062,0.0148080048,0.01548949,0.009443242,0.02311243,0.005644849272423773,,,,,
79c04e6e05d3d74fa72f6036238edff157dcd94b,2026-10-04 18:12:10,commit 79c04e6e05 | peano 22.0.0+0006955e | mlir_aie 1.4.4.dev73+g18ca6c1 | kernels 5726d482c21a | runtime CachedXRTRuntime | xdna 2.21.0_20260625 | xrt 2.21.0 | host docker-runner-5708612c41cc | device NPU Phoenix | pmode default,iron/operators/rms_norm/test.py::test_rms_norm,input_length_1024-num_aie_columns_1-num_channels_2-tile_size_512-weighted_False,5/5,no,357.24,278.2,211.9,538.9,145.2552856181144,0.0130382476,0.01472359,0.007600471,0.01932905,0.004938389040457455,,,,,
79c04e6e05d3d74fa72f6036238edff157dcd94b,2026-10-04 18:12:10,commit 79c04e6e05 | peano 22.0.0+0006955e | mlir_aie 1.4.4.dev73+g18ca6c1 | kernels 5726d482c21a | runtime CachedXRTRuntime | xdna 2.21.0_20260625 | xrt 2.21.0 | host docker-runner-5708612c41cc | device NPU Phoenix | pmode default,iron/operators/rms_norm/test.py::test_rms_norm,input_length_1024-num_aie_columns_1-num_channels_2-tile_size_512-weighted_True,5/5,no,334.9,266.9,218.9,483.4,119.69354619193133,0.016853864,0.01918307,0.01059099,0.02338519,0.0055427515580512895,,,,,
79c04e6e05d3d74fa72f6036238edff157dcd94b,2026-10-04 18:12:10,commit 79c04e6e05 | peano 22.0.0+0006955e | mlir_aie 1.4.4.dev73+g18ca6c1 | kernels 5726d482c21a | runtime CachedXRTRuntime | xdna 2.21.0_20260625 | xrt 2.21.0 | host docker-runner-5708612c41cc | device NPU Phoenix | pmode default,iron/operators/rms_norm/test.py::test_rms_norm,input_length_1024-num_aie_columns_2-num_channels_1-tile_size_512-weighted_False,5/5,no,353.78,243.5,190.9,598.4,188.88898062089274,0.014335137999999999,0.01682011,0.006845309,0.02146076,0.006562176727430502,,,,,
79c04e6e05d3d74fa72f6036238edff157dcd94b,2026-10-04 18:12:10,commit 79c04e6e05 | peano 22.0.0+0006955e | mlir_aie 1.4.4.dev73+g18ca6c1 | kernels 5726d482c21a | runtime CachedXRTRuntime | xdna 2.21.0_20260625 | xrt 2.21.0 | host docker-runner-5708612c41cc | device NPU Phoenix | pmode default,iron/operators/rms_norm/test.py::test_rms_norm,input_length_1024-num_aie_columns_2-num_channels_1-tile_size_512-weighted_True,5/5,no,431.46,501.8,231.8,625.6,168.6804908695727,0.0137445514,0.010204,0.00818379,0.02208362,0.006121547820332682,,,,,
79c04e6e05d3d74fa72f6036238edff157dcd94b,2026-10-04 18:12:10,commit 79c04e6e05 | peano 22.0.0+0006955e | mlir_aie 1.4.4.dev73+g18ca6c1 | kernels 5726d482c21a | runtime CachedXRTRuntime | xdna 2.21.0_20260625 | xrt 2.21.0 | host docker-runner-5708612c41cc | device NPU Phoenix | pmode default,iron/operators/rms_norm/test.py::test_rms_norm,input_length_1024-num_aie_columns_2-num_channels_2-tile_size_256-weighted_False,5/5,no,366.0,430.1,218.9,461.8,108.02858418029925,0.0121917202,0.00952226,0.008869852,0.01870901,0.004290266595034183,,,,,
79c04e6e05d3d74fa72f6036238edff157dcd94b,2026-10-04 18:12:10,commit 79c04e6e05 | peano 22.0.0+0006955e | mlir_aie 1.4.4.dev73+g18ca6c1 | kernels 5726d482c21a | runtime CachedXRTRuntime | xdna 2.21.0_20260625 | xrt 2.21.0 | host docker-runner-5708612c41cc | device NPU Phoenix | pmode default,iron/operators/rms_norm/test.py::test_rms_norm,input_length_1024-num_aie_columns_2-num_channels_2-tile_size_256-weighted_True,5/5,no,710.8199999999999,484.5,260.8,1840.1,645.2548697995235,0.0100380176,0.009511405,0.002504168,0.01766864,0.005712146424270504,,,,,
79c04e6e05d3d74fa72f6036238edff157dcd94b,2026-10-04 18:12:10,commit 79c04e6e05 | peano 22.0.0+0006955e | mlir_aie 1.4.4.dev73+g18ca6c1 | kernels 5726d482c21a | runtime CachedXRTRuntime | xdna 2.21.0_20260625 | xrt 2.21.0 | host docker-runner-5708612c41cc | device NPU Phoenix | pmode default,iron/operators/rms_norm/test.py::test_rms_norm,input_length_1024-num_aie_columns_4-num_channels_1-tile_size_256-weighted_False,5/5,no,480.09999999999997,555.5,195.4,747.3,252.74217099645242,0.011510605,0.00737359,0.005481315,0.02095698,0.007232263343874447,,,,,
79c04e6e05d3d74fa72f6036238edff157dcd94b,2026-10-04 18:12:10,commit 79c04e6e05 | peano 22.0.0+0006955e | mlir_aie 1.4.4.dev73+g18ca6c1 | kernels 5726d482c21a | runtime CachedXRTRuntime | xdna 2.21.0_20260625 | xrt 2.21.0 | host docker-runner-5708612c41cc | device NPU Phoenix | pmode default,iron/operators/rms_norm/test.py::test_rms_norm,input_length_1024-num_aie_columns_4-num_channels_1-tile_size_256-weighted_True,5/5,no,426.88,365.4,287.5,641.8,147.13091789287523,0.0117768462,0.01260918,0.007179382,0.01602721,0.003637018402222925,,,,,
79c04e6e05d3d74fa72f6036238edff157dcd94b,2026-10-04 18:12:10,commit 79c04e6e05 | peano 22.0.0+0006955e | mlir_aie 1.4.4.dev73+g18ca6c1 | kernels 5726d482c21a | runtime CachedXRTRuntime | xdna 2.21.0_20260625 | xrt 2.21.0 | host docker-runner-5708612c41cc | device NPU Phoenix | pmode default,iron/operators/rms_norm/test.py::test_rms_norm,input_length_1024-num_aie_columns_4-num_channels_2-tile_size_128-weighted_False,5/5,no,461.7,478.6,349.5,554.6,86.99514354261393,0.0091462912,0.008558116,0.007385197,0.01172071,0.0018329782668642584,,,,,
79c04e6e05d3d74fa72f6036238edff157dcd94b,2026-10-04 18:12:10,commit 79c04e6e05 | peano 22.0.0+0006955e | mlir_aie 1.4.4.dev73+g18ca6c1 | kernels 5726d482c21a | runtime CachedXRTRuntime | xdna 2.21.0_20260625 | xrt 2.21.0 | host docker-runner-5708612c41cc | device NPU Phoenix | pmode default,iron/operators/rms_norm/test.py::test_rms_norm,input_length_2048-num_aie_columns_1-num_channels_1-tile_size_2048-weighted_False,5/5,no,383.74,310.0,192.8,666.4,189.20398515887555,0.025699121999999998,0.02642299,0.01229229,0.04248236,0.011779048063153065,,,,,
79c04e6e05d3d74fa72f6036238edff157dcd94b,2026-10-04 18:12:10,commit 79c04e6e05 | peano 22.0.0+0006955e | mlir_aie 1.4.4.dev73+g18ca6c1 | kernels 5726d482c21a | runtime CachedXRTRuntime | xdna 2.21.0_20260625 | xrt 2.21.0 | host docker-runner-5708612c41cc | device NPU Phoenix | pmode default,iron/operators/rms_norm/test.py::test_rms_norm,input_length_2048-num_aie_columns_1-num_channels_1-tile_size_2048-weighted_True,5/5,no,434.8,453.3,235.8,636.6,159.82269863820972,0.032019326,0.0271071,0.019302,0.05210666,0.01327048413546695,,,,,
79c04e6e05d3d74fa72f6036238edff157dcd94b,2026-10-04 18:12:10,commit 79c04e6e05 | peano 22.0.0+0006955e | mlir_aie 1.4.4.dev73+g18ca6c1 | kernels 5726d482c21a | runtime CachedXRTRuntime | xdna 2.21.0_20260625 | xrt 2.21.0 | host docker-runner-5708612c41cc | device NPU Phoenix | pmode default,iron/operators/rms_norm/test.py::test_rms_norm,input_length_2048-num_aie_columns_1-num_channels_2-tile_size_1024-weighted_False,5/5,no,364.14,379.5,200.0,534.4,141.83195338145774,0.025834592,0.02158601,0.01533035,0.04095672,0.010998875992071645,,,,,
79c04e6e05d3d74fa72f6036238edff157dcd94b,2026-10-04 18:12:10,commit 79c04e6e05 | peano 22.0.0+0006955e | mlir_aie 1.4.4.dev73+g18ca6c1 | kernels 5726d482c21a | runtime CachedXRTRuntime | xdna 2.21.0_20260625 | xrt 2.21.0 | host docker-runner-5708612c41cc | device NPU Phoenix | pmode default,iron/operators/rms_norm/test.py::test_rms_norm,input_length_2048-num_aie_columns_1-num_channels_2-tile_size_1024-weighted_True,5/5,no,758.8199999999999,573.8,247.6,1824.3,612.1748091844355,0.0200979798,0.01784501,0.005613229,0.04136271,0.013013024042530436,,,,,
79c04e6e05d3d74fa72f6036238edff157dcd94b,2026-10-04 18:12:10,commit 79c04e6e05 | peano 22.0.0+0006955e | mlir_aie 1.4.4.dev73+g18ca6c1 | kernels 5726d482c21a | runtime CachedXRTRuntime | xdna 2.21.0_20260625 | xrt 2.21.0 | host docker-runner-5708612c41cc | device NPU Phoenix | pmode default,iron/operators/rms_norm/test.py::test_rms_norm,input_length_2048-num_aie_columns_2-num_channels_1-tile_size_1024-weighted_False,5/5,no,785.18,469.2,249.2,2375.2,899.9604780211183,0.0200236026,0.01746014,0.003448973,0.03287333,0.012525602083066658,,,,,
79c04e6e05d3d74fa72f6036238edff157dcd94b,2026-10-04 18:12:10,commit 79c04e6e05 | peano 22.0.0+0006955e | mlir_aie 1.4.4.dev73+g18ca6c1 | kernels 5726d482c21a | runtime CachedXRTRuntime | xdna 2.21.0_20260625 | xrt 2.21.0 | host docker-runner-5708612c41cc | device NPU Phoenix | pmode default,iron/operators/rms_norm/test.py::test_rms_norm,input_length_2048-num_aie_columns_2-num_channels_1-tile_size_1024-weighted_True,5/5,no,422.58,404.0,262.8,611.7,137.1547556594375,0.026427035999999998,0.02534653,0.01674103,0.03897033,0.00872744206414915,,,,,
79c04e6e05d3d74fa72f6036238edff157dcd94b,2026-10-04 18:12:10,commit 79c04e6e05 | peano 22.0.0+0006955e | mlir_aie 1.4.4.dev73+g18ca6c1 | kernels 5726d482c21a | runtime CachedXRTRuntime | xdna 2.21.0_20260625 | xrt 2.21.0 | host docker-runner-5708612c41cc | device NPU Phoenix | pmode default,iron/operators/rms_norm/test.py::test_rms_norm,input_length_2048-num_aie_columns_2-num_channels_2-tile_size_512-weighted_False,5/5,no,325.8,278.9,225.3,496.3,119.37541622964085,0.0277544,0.02936885,0.01650635,0.03636638,0.009055785989034856,,,,,
79c04e6e05d3d74fa72f6036238edff157dcd94b,2026-10-04 18:12:10,commit 79c04e6e05 | peano 22.0.0+0006955e | mlir_aie 1.4.4.dev73+g18ca6c1 | kernels 5726d482c21a | runtime CachedXRTRuntime | xdna 2.21.0_20260625 | xrt 2.21.0 | host docker-runner-5708612c41cc | device NPU Phoenix | pmode default,iron/operators/rms_norm/test.py::test_rms_norm,input_length_2048-num_aie_columns_2-num_channels_2-tile_size_512-weighted_True,5/5,no,364.36,357.6,216.1,534.6,120.05878976568106,0.027736054,0.02576943,0.01724048,0.04264179,0.00968597783245605,,,,,
79c04e6e05d3d74fa72f6036238edff157dcd94b,2026-10-04 18:12:10,commit 79c04e6e05 | peano 22.0.0+0006955e | mlir_aie 1.4.4.dev73+g18ca6c1 | kernels 5726d482c21a | runtime CachedXRTRuntime | xdna 2.21.0_20260625 | xrt 2.21.0 | host docker-runner-5708612c41cc | device NPU Phoenix | pmode default,iron/operators/rms_norm/test.py::test_rms_norm,input_length_2048-num_aie_columns_4-num_channels_1-tile_size_512-weighted_False,5/5,no,405.32,397.6,186.3,580.1,143.48293278296202,0.023387436,0.02060471,0.01412068,0.04397445,0.011817788466928996,,,,,
79c04e6e05d3d74fa72f6036238edff157dcd94b,2026-10-04 18:12:10,commit 79c04e6e05 | peano 22.0.0+0006955e | mlir_aie 1.4.4.dev73+g18ca6c1 | kernels 5726d482c21a | runtime CachedXRTRuntime | xdna 2.21.0_20260625 | xrt 2.21.0 | host docker-runner-5708612c41cc | device NPU Phoenix | pmode default,iron/operators/rms_norm/test.py::test_rms_norm,input_length_2048-num_aie_columns_4-num_channels_1-tile_size_512-weighted_True,5/5,no,443.74,443.5,341.4,556.6,80.81063048881627,0.021334458,0.02078044,0.01655684,0.02699607,0.003933336078740285,,,,,
79c04e6e05d3d74fa72f6036238edff157dcd94b,2026-10-04 18:12:10,commit 79c04e6e05 | peano 22.0.0+0006955e | mlir_aie 1.4.4.dev73+g18ca6c1 | kernels 5726d482c21a | runtime CachedXRTRuntime | xdna 2.21.0_20260625 | xrt 2.21.0 | host docker-runner-5708612c41cc | device NPU Phoenix | pmode default,iron/operators/rms_norm/test.py::test_rms_norm,input_length_2048-num_aie_columns_4-num_channels_2-tile_size_256-weighted_False,5/5,no,441.04,423.2,305.7,642.4,141.98839037048066,0.020127676,0.01935517,0.0127518,0.02679708,0.006152830007754968,,,,,
79c04e6e05d3d74fa72f6036238edff157dcd94b,2026-10-04 18:12:10,commit 79c04e6e05 | peano 22.0.0+0006955e | mlir_aie 1.4.4.dev73+g18ca6c1 | kernels 5726d482c21a | runtime CachedXRTRuntime | xdna 2.21.0_20260625 | xrt 2.21.0 | host docker-runner-5708612c41cc | device NPU Phoenix | pmode default,iron/operators/rms_norm/test.py::test_rms_norm,input_length_4096-num_aie_columns_1-num_channels_1-tile_size_4096-weighted_False,5/5,no,384.14,437.9,273.2,491.9,103.02224517064263,0.045479362,0.03741724,0.03330724,0.05996764,0.01323090102267869,,,,,
79c04e6e05d3d74fa72f6036238edff157dcd94b,2026-10-04 18:12:10,commit 79c04e6e05 | peano 22.0.0+0006955e | mlir_aie 1.4.4.dev73+g18ca6c1 | kernels 5726d482c21a | runtime CachedXRTRuntime | xdna 2.21.0_20260625 | xrt 2.21.0 | host docker-runner-5708612c41cc | device NPU Phoenix | pmode default,iron/operators/rms_norm/test.py::test_rms_norm,input_length_4096-num_aie_columns_1-num_channels_1-tile_size_4096-weighted_True,5/5,no,643.5400000000001,351.5,269.6,1773.4,641.8707136176257,0.061948644,0.06991929,0.01385814,0.0911549,0.03288886007563397,,,,,
79c04e6e05d3d74fa72f6036238edff157dcd94b,2026-10-04 18:12:10,commit 79c04e6e05 | peano 22.0.0+0006955e | mlir_aie 1.4.4.dev73+g18ca6c1 | kernels 5726d482c21a | runtime CachedXRTRuntime | xdna 2.21.0_20260625 | xrt 2.21.0 | host docker-runner-5708612c41cc | device NPU Phoenix | pmode default,iron/operators/rms_norm/test.py::test_rms_norm,input_length_4096-num_aie_columns_1-num_channels_2-tile_size_2048-weighted_False,5/5,no,351.26,261.8,231.2,548.6,146.44878968431252,0.052936978,0.06258643,0.02986337,0.07086658,0.019020241381919156,,,,,
79c04e6e05d3d74fa72f6036238edff157dcd94b,2026-10-04 18:12:10,commit 79c04e6e05 | peano 22.0.0+0006955e | mlir_aie 1.4.4.dev73+g18ca6c1 | kernels 5726d482c21a | runtime CachedXRTRuntime | xdna 2.21.0_20260625 | xrt 2.21.0 | host docker-runner-5708612c41cc | device NPU Phoenix | pmode default,iron/operators/rms_norm/test.py::test_rms_norm,input_length_4096-num_aie_columns_1-num_channels_2-tile_size_2048-weighted_True,5/5,no,411.46,329.2,238.7,628.3,165.60206218522762,0.056543772,0.06221898,0.03259683,0.08579843,0.021667059178385743,,,,,
79c04e6e05d3d74fa72f6036238edff157dcd94b,2026-10-04 18:12:10,commit 79c04e6e05 | peano 22.0.0+0006955e | mlir_aie 1.4.4.dev73+g18ca6c1 | kernels 5726d482c21a | runtime CachedXRTRuntime | xdna 2.21.0_20260625 | xrt 2.21.0 | host docker-runner-5708612c41cc | device NPU Phoenix | pmode default,iron/operators/rms_norm/test.py::test_rms_norm,input_length_4096-num_aie_columns_2-num_channels_1-tile_size_2048-weighted_False,5/5,no,400.24,403.8,264.5,557.6,132.49604899769653,0.044935416,0.04057052,0.02938365,0.06193673,0.015303431145244193,,,,,
79c04e6e05d3d74fa72f6036238edff157dcd94b,2026-10-04 18:12:10,commit 79c04e6e05 | peano 22.0.0+0006955e | mlir_aie 1.4.4.dev73+g18ca6c1 | kernels 5726d482c21a | runtime CachedXRTRuntime | xdna 2.21.0_20260625 | xrt 2.21.0 | host docker-runner-5708612c41cc | device NPU Phoenix | pmode default,iron/operators/rms_norm/test.py::test_rms_norm,input_length_4096-num_aie_columns_2-num_channels_1-tile_size_2048-weighted_True,5/5,no,500.96,519.3,369.9,656.0,108.3714584196411,0.042447884,0.03943641,0.0312198,0.05536691,0.009211709580177287,,,,,
79c04e6e05d3d74fa72f6036238edff157dcd94b,2026-10-04 18:12:10,commit 79c04e6e05 | peano 22.0.0+0006955e | mlir_aie 1.4.4.dev73+g18ca6c1 | kernels 5726d482c21a | runtime CachedXRTRuntime | xdna 2.21.0_20260625 | xrt 2.21.0 | host docker-runner-5708612c41cc | device NPU Phoenix | pmode default,iron/operators/rms_norm/test.py::test_rms_norm,input_length_4096-num_aie_columns_2-num_channels_2-tile_size_1024-weighted_False,5/5,no,380.24,365.8,203.4,497.0,121.19590752166509,0.047863220000000005,0.04478852,0.03296613,0.08055341,0.01943299068098758,,,,,
79c04e6e05d3d74fa72f6036238edff157dcd94b,2026-10-04 18:12:10,commit 79c04e6e05 | peano 22.0.0+0006955e | mlir_aie 1.4.4.dev73+g18ca6c1 | kernels 5726d482c21a | runtime CachedXRTRuntime | xdna 2.21.0_20260625 | xrt 2.21.0 | host docker-runner-5708612c41cc | device NPU Phoenix | pmode default,iron/operators/rms_norm/test.py::test_rms_norm,input_length_4096-num_aie_columns_2-num_channels_2-tile_size_1024-weighted_True,5/5,no,794.8000000000001,528.7,504.1,1835.2,582.5806424865145,0.029690638,0.03486188,0.01004341,0.03656432,0.011176038578938424,,,,,
79c04e6e05d3d74fa72f6036238edff157dcd94b,2026-10-04 18:12:10,commit 79c04e6e05 | peano 22.0.0+0006955e | mlir_aie 1.4.4.dev73+g18ca6c1 | kernels 5726d482c21a | runtime CachedXRTRuntime | xdna 2.21.0_20260625 | xrt 2.21.0 | host docker-runner-5708612c41cc | device NPU Phoenix | pmode default,iron/operators/rms_norm/test.py::test_rms_norm,input_length_4096-num_aie_columns_4-num_channels_1-tile_size_1024-weighted_False,5/5,no,903.52,572.6,417.9,2399.8,841.9610602634781,0.026943157,0.02861399,0.006827335,0.03920874,0.012598036554123027,,,,,
79c04e6e05d3d74fa72f6036238edff157dcd94b,2026-10-04 18:12:10,commit 79c04e6e05 | peano 22.0.0+0006955e | mlir_aie 1.4.4.dev73+g18ca6c1 | kernels 5726d482c21a | runtime CachedXRTRuntime | xdna 2.21.0_20260625 | xrt 2.21.0 | host docker-runner-5708612c41cc | device NPU Phoenix | pmode default,iron/operators/rms_norm/test.py::test_rms_norm,input_length_4096-num_aie_columns_4-num_channels_1-tile_size_1024-weighted_True,5/5,no,491.08,520.1,361.3,568.3,86.87031713997594,0.038624034,0.03544009,0.03243249,0.05101436,0.007756767065841929,,,,,
79c04e6e05d3d74fa72f6036238edff157dcd94b,2026-10-04 18:12:10,commit 79c04e6e05 | peano 22.0.0+0006955e | mlir_aie 1.4.4.dev73+g18ca6c1 | kernels 5726d482c21a | runtime CachedXRTRuntime | xdna 2.21.0_20260625 | xrt 2.21.0 | host docker-runner-5708612c41cc | device NPU Phoenix | pmode default,iron/operators/rms_norm/test.py::test_rms_norm,input_length_4096-num_aie_columns_4-num_channels_2-tile_size_512-weighted_False,5/5,no,743.1600000000001,485.7,252.9,1961.4,691.8862319774835,0.034622586000000004,0.03373526,0.00835317,0.06479321,0.020387305591434344,,,,,
79c04e6e05d3d74fa72f6036238edff157dcd94b,2026-10-04 18:12:10,commit 79c04e6e05 | peano 22.0.0+0006955e | mlir_aie 1.4.4.dev73+g18ca6c1 | kernels 5726d482c21a | runtime CachedXRTRuntime | xdna 2.21.0_20260625 | xrt 2.21.0 | host docker-runner-5708612c41cc | device NPU Phoenix | pmode default,iron/operators/rms_norm/test.py::test_rms_norm,input_length_8192-num_aie_columns_1-num_channels_1-tile_size_8192-weighted_False,5/5,no,387.14,454.7,248.3,510.4,120.49449365012492,0.092576776,0.07207207,0.06419924,0.1319604,0.0320413325732971,,,,,
79c04e6e05d3d74fa72f6036238edff157dcd94b,2026-10-04 18:12:10,commit 79c04e6e05 | peano 22.0.0+0006955e | mlir_aie 1.4.4.dev73+g18ca6c1 | kernels 5726d482c21a | runtime CachedXRTRuntime | xdna 2.21.0_20260625 | xrt 2.21.0 | host docker-runner-5708612c41cc | device NPU Phoenix | pmode default,iron/operators/rms_norm/test.py::test_rms_norm,input_length_8192-num_aie_columns_1-num_channels_2-tile_size_4096-weighted_False,5/5,no,421.26,475.1,225.3,585.2,176.27513437805118,0.09237461,0.06896581,0.05599157,0.1454391,0.04402306717851279,,,,,
79c04e6e05d3d74fa72f6036238edff157dcd94b,2026-10-04 18:12:10,commit 79c04e6e05 | peano 22.0.0+0006955e | mlir_aie 1.4.4.dev73+g18ca6c1 | kernels 5726d482c21a | runtime CachedXRTRuntime | xdna 2.21.0_20260625 | xrt 2.21.0 | host docker-runner-5708612c41cc | device NPU Phoenix | pmode default,iron/operators/rms_norm/test.py::test_rms_norm,input_length_8192-num_aie_columns_1-num_channels_2-tile_size_4096-weighted_True,5/5,no,447.0,437.9,285.2,580.4,116.03850653985512,0.09747214800000001,0.09354076,0.0705719,0.1435954,0.0288156598455097,,,,,
79c04e6e05d3d74fa72f6036238edff157dcd94b,2026-10-04 18:12:10,commit 79c04e6e05 | peano 22.0.0+0006955e | mlir_aie 1.4.4.dev73+g18ca6c1 | kernels 5726d482c21a | runtime CachedXRTRuntime | xdna 2.21.0_20260625 | xrt 2.21.0 | host docker-runner-5708612c41cc | device NPU Phoenix | pmode default,iron/operators/rms_norm/test.py::test_rms_norm,input_length_8192-num_aie_columns_2-num_channels_1-tile_size_4096-weighted_False,5/5,no,337.04,264.9,232.3,509.5,122.1559167621446,0.10691109,0.1236864,0.06431164,0.1410851,0.03376807599064981,,,,,
79c04e6e05d3d74fa72f6036238edff157dcd94b,2026-10-04 18:12:10,commit 79c04e6e05 | peano 22.0.0+0006955e | mlir_aie 1.4.4.dev73+g18ca6c1 | kernels 5726d482c21a | runtime CachedXRTRuntime | xdna 2.21.0_20260625 | xrt 2.21.0 | host docker-runner-5708612c41cc | device NPU Phoenix | pmode default,iron/operators/rms_norm/test.py::test_rms_norm,input_length_8192-num_aie_columns_2-num_channels_1-tile_size_4096-weighted_True,5/5,no,750.62,405.8,176.2,2421.0,942.7854485512597,0.119803394,0.1009404,0.01691887,0.2324341,0.0828191840039956,,,,,
79c04e6e05d3d74fa72f6036238edff157dcd94b,2026-10-04 18:12:10,commit 79c04e6e05 | peano 22.0.0+0006955e | mlir_aie 1.4.4.dev73+g18ca6c1 | kernels 5726d482c21a | runtime CachedXRTRuntime | xdna 2.21.0_20260625 | xrt 2.21.0 | host docker-runner-5708612c41cc | device NPU Phoenix | pmode default,iron/operators/rms_norm/test.py::test_rms_norm,input_length_8192-num_aie_columns_2-num_channels_2-tile_size_2048-weighted_False,5/5,no,410.06,419.3,242.3,530.5,105.08812016588745,0.085631254,0.07814016,0.06176244,0.1352284,0.028612722581140018,,,,,
79c04e6e05d3d74fa72f6036238edff157dcd94b,2026-10-04 18:12:10,commit 79c04e6e05 | peano 22.0.0+0006955e | mlir_aie 1.4.4.dev73+g18ca6c1 | kernels 5726d482c21a | runtime CachedXRTRuntime | xdna 2.21.0_20260625 | xrt 2.21.0 | host docker-runner-5708612c41cc | device NPU Phoenix | pmode default,iron/operators/rms_norm/test.py::test_rms_norm,input_length_8192-num_aie_columns_2-num_channels_2-tile_size_2048-weighted_True,5/5,no,391.56,417.5,270.3,520.0,110.0078315393954,0.10080636,0.08830229,0.07089381,0.1363727,0.02989204686702719,,,,,
79c04e6e05d3d74fa72f6036238edff157dcd94b,2026-10-04 18:12:10,commit 79c04e6e05 | peano 22.0.0+0006955e | mlir_aie 1.4.4.dev73+g18ca6c1 | kernels 5726d482c21a | runtime CachedXRTRuntime | xdna 2.21.0_20260625 | xrt 2.21.0 | host docker-runner-5708612c41cc | device NPU Phoenix | pmode default,iron/operators/rms_norm/test.py::test_rms_norm,input_length_8192-num_aie_columns_4-num_channels_1-tile_size_2048-weighted_False,5/5,no,896.6,637.0,216.3,2377.9,848.1371203997618,0.064448462,0.0514396,0.01378014,0.1514604,0.05153873746143593,,,,,
79c04e6e05d3d74fa72f6036238edff157dcd94b,2026-10-04 18:12:10,commit 79c04e6e05 | peano 22.0.0+0006955e | mlir_aie 1.4.4.dev73+g18ca6c1 | kernels 5726d482c21a | runtime CachedXRTRuntime | xdna 2.21.0_20260625 | xrt 2.21.0 | host docker-runner-5708612c41cc | device NPU Phoenix | pmode default,iron/operators/rms_norm/test.py::test_rms_norm,input_length_8192-num_aie_columns_4-num_channels_1-tile_size_2048-weighted_True,5/5,no,479.44,467.1,352.8,584.1,86.21155954974948,0.079119706,0.07892286,0.06311367,0.1044978,0.015711652593012933,,,,,
79c04e6e05d3d74fa72f6036238edff157dcd94b,2026-10-04 18:12:10,commit 79c04e6e05 | peano 22.0.0+0006955e | mlir_aie 1.4.4.dev73+g18ca6c1 | kernels 5726d482c21a | runtime CachedXRTRuntime | xdna 2.21.0_20260625 | xrt 2.21.0 | host docker-runner-5708612c41cc | device NPU Phoenix | pmode default,iron/operators/rms_norm/test.py::test_rms_norm,input_length_8192-num_aie_columns_4-num_channels_2-tile_size_1024-weighted_False,5/5,no,499.2,466.8,381.8,648.4,120.78137273603078,0.068719374,0.07019739,0.05053359,0.08582549,0.016010868945859246,,,,,
79c04e6e05d3d74fa72f6036238edff157dcd94b,2026-10-04 18:12:10,commit 79c04e6e05 | peano 22.0.0+0006955e | mlir_aie 1.4.4.dev73+g18ca6c1 | kernels 5726d482c21a | runtime CachedXRTRuntime | xdna 2.21.0_20260625 | xrt 2.21.0 | host docker-runner-5708612c41cc | device NPU Phoenix | pmode default,iron/operators/rms_norm/test.py::test_rms_norm,input_length_8388608-num_aie_columns_2-num_channels_2-tile_size_4096-weighted_True,5/5,yes,2843.2200000000003,3353.3,1453.5,4075.6,1293.8860023201426,14.6034938,10.00869,8.234937,23.09082,7.745117827469135,,,,,
79c04e6e05d3d74fa72f6036238edff157dcd94b,2026-10-04 18:12:10,commit 79c04e6e05 | peano 22.0.0+0006955e | mlir_aie 1.4.4.dev73+g18ca6c1 | kernels 5726d482c21a | runtime CachedXRTRuntime | xdna 2.21.0_20260625 | xrt 2.21.0 | host docker-runner-5708612c41cc | device NPU Phoenix | pmode default,iron/operators/rms_norm/test.py::test_rms_norm,input_length_8388608-num_aie_columns_4-num_channels_2-tile_size_4096-weighted_False,5/5,yes,3122.06,3868.2,1411.6,4086.0,1219.0933426116312,12.7971164,8.674321,8.212015,23.77107,6.752995462514344,,,,,
79c04e6e05d3d74fa72f6036238edff157dcd94b,2026-10-04 18:12:10,commit 79c04e6e05 | peano 22.0.0+0006955e | mlir_aie 1.4.4.dev73+g18ca6c1 | kernels 5726d482c21a | runtime CachedXRTRuntime | xdna 2.21.0_20260625 | xrt 2.21.0 | host docker-runner-5708612c41cc | device NPU Phoenix | pmode default,iron/operators/rope/test.py::test_rope,rows_32-cols_128-angle_rows_16-aie_columns_1-method_type_0,5/5,no,507.90000000000003,577.6,258.7,606.1,145.46516765191592,0.044733079999999995,0.0354597,0.03379148,0.07915404,0.01945304906303251,,,,,
79c04e6e05d3d74fa72f6036238edff157dcd94b,2026-10-04 18:12:10,commit 79c04e6e05 | peano 22.0.0+0006955e | mlir_aie 1.4.4.dev73+g18ca6c1 | kernels 5726d482c21a | runtime CachedXRTRuntime | xdna 2.21.0_20260625 | xrt 2.21.0 | host docker-runner-5708612c41cc | device NPU Phoenix | pmode default,iron/operators/rope/test.py::test_rope,rows_32-cols_128-angle_rows_16-aie_columns_1-method_type_1,5/5,no,436.88,466.8,201.9,644.6,207.66053308223977,0.058722170000000004,0.04387431,0.03177051,0.1014464,0.03194619204515697,,,,,
79c04e6e05d3d74fa72f6036238edff157dcd94b,2026-10-04 18:12:10,commit 79c04e6e05 | peano 22.0.0+0006955e | mlir_aie 1.4.4.dev73+g18ca6c1 | kernels 5726d482c21a | runtime CachedXRTRuntime | xdna 2.21.0_20260625 | xrt 2.21.0 | host docker-runner-5708612c41cc | device NPU Phoenix | pmode default,iron/operators/rope/test.py::test_rope,rows_32-cols_128-angle_rows_16-aie_columns_2-method_type_0,5/5,no,352.56,284.2,227.0,594.7,146.33110742422477,0.06492941399999999,0.07205305,0.03443585,0.09023338,0.021380767114779348,,,,,
79c04e6e05d3d74fa72f6036238edff157dcd94b,2026-10-04 18:12:10,commit 79c04e6e05 | peano 22.0.0+0006955e | mlir_aie 1.4.4.dev73+g18ca6c1 | kernels 5726d482c21a | runtime CachedXRTRuntime | xdna 2.21.0_20260625 | xrt 2.21.0 | host docker-runner-5708612c41cc | device NPU Phoenix | pmode default,iron/operators/rope/test.py::test_rope,rows_32-cols_128-angle_rows_16-aie_columns_2-method_type_1,5/5,no,379.59999999999997,390.9,253.8,490.7,100.81944256937746,0.05740208,0.05238709,0.04174029,0.08069123,0.01645975896474186,,,,,
79c04e6e05d3d74fa72f6036238edff157dcd94b,2026-10-04 18:12:10,commit 79c04e6e05 | peano 22.0.0+0006955e | mlir_aie 1.4.4.dev73+g18ca6c1 | kernels 5726d482c21a | runtime CachedXRTRuntime | xdna 2.21.0_20260625 | xrt 2.21.0 | host docker-runner-5708612c41cc | device NPU Phoenix | pmode default,iron/operators/rope/test.py::test_rope,rows_32-cols_128-angle_rows_16-aie_columns_4-method_type_0,5/5,no,443.32,448.1,230.0,604.9,138.28301414128924,0.051422694,0.04570368,0.03385807,0.08904619,0.02175588464946737,,,,,
79c04e6e05d3d74fa72f6036238edff157dcd94b,2026-10-04 18:12:10,commit 79c04e6e05 | peano 22.0.0+0006955e | mlir_aie 1.4.4.dev73+g18ca6c1 | kernels 5726d482c21a | runtime CachedXRTRuntime | xdna 2.21.0_20260625 | xrt 2.21.0 | host docker-runner-5708612c41cc | device NPU Phoenix | pmode default,iron/operators/rope/test.py::test_rope,rows_32-cols_128-angle_rows_16-aie_columns_4-method_type_1,5/5,no,434.9,454.6,335.9,527.9,78.66565324205983,0.04840935,0.04505,0.03879795,0.06096653,0.009172478162516932,,,,,
79c04e6e05d3d74fa72f6036238edff157dcd94b,2026-10-04 18:12:10,commit 79c04e6e05 | peano 22.0.0+0006955e | mlir_aie 1.4.4.dev73+g18ca6c1 | kernels 5726d482c21a | runtime CachedXRTRuntime | xdna 2.21.0_20260625 | xrt 2.21.0 | host docker-runner-5708612c41cc | device NPU Phoenix | pmode default,iron/operators/rope/test.py::test_rope,rows_32-cols_128-angle_rows_32-aie_columns_1-method_type_0,5/5,no,396.1,412.2,323.7,433.6,43.90478333849286,0.062735644,0.05962357,0.05668472,0.07593177,0.007788438398358811,,,,,
79c04e6e05d3d74fa72f6036238edff157dcd94b,2026-10-04 18:12:10,commit 79c04e6e05 | peano 22.0.0+0006955e | mlir_aie 1.4.4.dev73+g18ca6c1 | kernels 5726d482c21a | runtime CachedXRTRuntime | xdna 2.21.0_20260625 | xrt 2.21.0 | host docker-runner-5708612c41cc | device NPU Phoenix | pmode default,iron/operators/rope/test.py::test_rope,rows_32-cols_128-angle_rows_32-aie_columns_1-method_type_1,5/5,no,536.44,425.8,248.9,988.7,281.93991913171857,0.056214358,0.05771981,0.02485711,0.09873528,0.02755488667591957,,,,,
79c04e6e05d3d74fa72f6036238edff157dcd94b,2026-10-04 18:12:10,commit 79c04e6e05 | peano 22.0.0+0006955e | mlir_aie 1.4.4.dev73+g18ca6c1 | kernels 5726d482c21a | runtime CachedXRTRuntime | xdna 2.21.0_20260625 | xrt 2.21.0 | host docker-runner-5708612c41cc | device NPU Phoenix | pmode default,iron/operators/rope/test.py::test_rope,rows_32-cols_128-angle_rows_32-aie_columns_2-method_type_0,5/5,no,604.0,287.4,230.3,1767.1,657.715679454276,0.070805286,0.08551416,0.01390773,0.1067158,0.03811532059093338,,,,,
79c04e6e05d3d74fa72f6036238edff157dcd94b,2026-10-04 18:12:10,commit 79c04e6e05 | peano 22.0.0+0006955e | mlir_aie 1.4.4.dev73+g18ca6c1 | kernels 5726d482c21a | runtime CachedXRTRuntime | xdna 2.21.0_20260625 | xrt 2.21.0 | host docker-runner-5708612c41cc | device NPU Phoenix | pmode default,iron/operators/rope/test.py::test_rope,rows_32-cols_128-angle_rows_32-aie_columns_2-method_type_1,5/5,no,274.48,231.6,215.4,375.0,69.79335211895184,0.093850996,0.1061112,0.06553146,0.1141127,0.021343388124135308,,,,,
79c04e6e05d3d74fa72f6036238edff157dcd94b,2026-10-04 18:12:10,commit 79c04e6e05 | peano 22.0.0+0006955e | mlir_aie 1.4.4.dev73+g18ca6c1 | kernels 5726d482c21a | runtime CachedXRTRuntime | xdna 2.21.0_20260625 | xrt 2.21.0 | host docker-runner-5708612c41cc | device NPU Phoenix | pmode default,iron/operators/rope/test.py::test_rope,rows_32-cols_128-angle_rows_32-aie_columns_4-method_type_0,5/5,no,465.92,510.9,233.7,567.2,135.6779348309813,0.058776334,0.04810419,0.04332802,0.1051695,0.02619389411038725,,,,,
79c04e6e05d3d74fa72f6036238edff157dcd94b,2026-10-04 18:12:10,commit 79c04e6e05 | peano 22.0.0+0006955e | mlir_aie 1.4.4.dev73+g18ca6c1 | kernels 5726d482c21a | runtime CachedXRTRuntime | xdna 2.21.0_20260625 | xrt 2.21.0 | host docker-runner-5708612c41cc | device NPU Phoenix | pmode default,iron/operators/rope/test.py::test_rope,rows_32-cols_128-angle_rows_32-aie_columns_4-method_type_1,5/5,no,438.42,455.1,228.2,643.7,175.3913538347886,0.065145622,0.05399574,0.03817744,0.1076908,0.029331935097531837,,,,,
79c04e6e05d3d74fa72f6036238edff157dcd94b,2026-10-04 18:12:10,commit 79c04e6e05 | peano 22.0.0+0006955e | mlir_aie 1.4.4.dev73+g18ca6c1 | kernels 5726d482c21a | runtime CachedXRTRuntime | xdna 2.21.0_20260625 | xrt 2.21.0 | host docker-runner-5708612c41cc | device NPU Phoenix | pmode default,iron/operators/rope/test.py::test_rope,rows_32-cols_128-angle_rows_8-aie_columns_1-method_type_0,5/5,no,354.38,324.5,241.7,456.2,97.49670250834129,0.055333092,0.05679581,0.04040085,0.07624563,0.015339395294222648,,,,,
79c04e6e05d3d74fa72f6036238edff157dcd94b,2026-10-04 18:12:10,commit 79c04e6e05 | peano 22.0.0+0006955e | mlir_aie 1.4.4.dev73+g18ca6c1 | kernels 5726d482c21a | runtime CachedXRTRuntime | xdna 2.21.0_20260625 | xrt 2.21.0 | host docker-runner-5708612c41cc | device NPU Phoenix | pmode default,iron/operators/rope/test.py::test_rope,rows_32-cols_128-angle_rows_8-aie_columns_1-method_type_1,5/5,no,373.58,391.1,258.0,505.1,95.54185993584174,0.05208592,0.0471303,0.03649099,0.0714402,0.013709891539182575,,,,,
79c04e6e05d3d74fa72f6036238edff157dcd94b,2026-10-04 18:12:10,commit 79c04e6e05 | peano 22.0.0+0006955e | mlir_aie 1.4.4.dev73+g18ca6c1 | kernels 5726d482c21a | runtime CachedXRTRuntime | xdna 2.21.0_20260625 | xrt 2.21.0 | host docker-runner-5708612c41cc | device NPU Phoenix | pmode default,iron/operators/rope/test.py::test_rope,rows_32-cols_128-angle_rows_8-aie_columns_2-method_type_0,5/5,no,430.46,389.2,293.9,612.7,130.51958856815327,0.045961258,0.0473571,0.03008211,0.06272524,0.013204561243908107,,,,,
79c04e6e05d3d74fa72f6036238edff157dcd94b,2026-10-04 18:12:10,commit 79c04e6e05 | peano 22.0.0+0006955e | mlir_aie 1.4.4.dev73+g18ca6c1 | kernels 5726d482c21a | runtime CachedXRTRuntime | xdna 2.21.0_20260625 | xrt 2.21.0 | host docker-runner-5708612c41cc | device NPU Phoenix | pmode default,iron/operators/rope/test.py::test_rope,rows_32-cols_128-angle_rows_8-aie_columns_2-method_type_1,5/5,no,509.72,425.0,243.4,964.1,277.9806593991747,0.044511276,0.04337043,0.01911906,0.07573093,0.021179679803201228,,,,,
79c04e6e05d3d74fa72f6036238edff157dcd94b,2026-10-04 18:12:10,commit 79c04e6e05 | peano 22.0.0+0006955e | mlir_aie 1.4.4.dev73+g18ca6c1 | kernels 5726d482c21a | runtime CachedXRTRuntime | xdna 2.21.0_20260625 | xrt 2.21.0 | host docker-runner-5708612c41cc | device NPU Phoenix | pmode default,iron/operators/rope/test.py::test_rope,rows_32-cols_128-angle_rows_8-aie_columns_4-method_type_0,5/5,no,374.0,384.7,224.5,537.3,146.5970668192239,0.05655083,0.04790967,0.03430735,0.08211598,0.023534836220754758,,,,,
79c04e6e05d3d74fa72f6036238edff157dcd94b,2026-10-04 18:12:10,commit 79c04e6e05 | peano 22.0.0+0006955e | mlir_aie 1.4.4.dev73+g18ca6c1 | kernels 5726d482c21a | runtime CachedXRTRuntime | xdna 2.21.0_20260625 | xrt 2.21.0 | host docker-runner-5708612c41cc | device NPU Phoenix | pmode default,iron/operators/rope/test.py::test_rope,rows_32-cols_128-angle_rows_8-aie_columns_4-method_type_1,5/5,no,473.36,511.9,188.6,627.1,177.71314807858198,0.047243733999999996,0.03600886,0.0293915,0.09773324,0.0287293109094054,,,,,
79c04e6e05d3d74fa72f6036238edff157dcd94b,2026-10-04 18:12:10,commit 79c04e6e05 | peano 22.0.0+0006955e | mlir_aie 1.4.4.dev73+g18ca6c1 | kernels 5726d482c21a | runtime CachedXRTRuntime | xdna 2.21.0_20260625 | xrt 2.21.0 | host docker-runner-5708612c41cc | device NPU Phoenix | pmode default,iron/operators/rope/test.py::test_rope,rows_32-cols_512-angle_rows_32-aie_columns_1-method_type_0,5/5,no,426.52,419.5,237.9,699.2,182.8359702028023,0.2664686,0.2343249,0.1405958,0.4131323,0.11030725081500763,,,,,
79c04e6e05d3d74fa72f6036238edff157dcd94b,2026-10-04 18:12:10,commit 79c04e6e05 | peano 22.0.0+0006955e | mlir_aie 1.4.4.dev73+g18ca6c1 | kernels 5726d482c21a | runtime CachedXRTRuntime | xdna 2.21.0_20260625 | xrt 2.21.0 | host docker-runner-5708612c41cc | device NPU Phoenix | pmode default,iron/operators/rope/test.py::test_rope,rows_32-cols_512-angle_rows_32-aie_columns_2-method_type_0,5/5,no,312.12,293.2,189.8,437.6,90.35815956514388,0.33937338,0.3353346,0.2246266,0.5179974,0.10983567604358797,,,,,
79c04e6e05d3d74fa72f6036238edff157dcd94b,2026-10-04 18:12:10,commit 79c04e6e05 | peano 22.0.0+0006955e | mlir_aie 1.4.4.dev73+g18ca6c1 | kernels 5726d482c21a | runtime CachedXRTRuntime | xdna 2.21.0_20260625 | xrt 2.21.0 | host docker-runner-5708612c41cc | device NPU Phoenix | pmode default,iron/operators/rope/test.py::test_rope,rows_32-cols_512-angle_rows_32-aie_columns_4-method_type_0,5/5,no,357.7,340.5,225.2,543.3,117.21772476891026,0.29799604,0.2887125,0.1809414,0.4365884,0.09294900083875565,,,,,
79c04e6e05d3d74fa72f6036238edff157dcd94b,2026-10-04 18:12:10,commit 79c04e6e05 | peano 22.0.0+0006955e | mlir_aie 1.4.4.dev73+g18ca6c1 | kernels 5726d482c21a | runtime CachedXRTRuntime | xdna 2.21.0_20260625 | xrt 2.21.0 | host docker-runner-5708612c41cc | device NPU Phoenix | pmode default,iron/operators/rope/test.py::test_rope,rows_32-cols_512-angle_rows_8-aie_columns_1-method_type_0,5/5,no,425.52,444.3,258.3,580.9,119.27871562018095,0.18640764,0.1659509,0.1269175,0.2854179,0.06066114771588154,,,,,
79c04e6e05d3d74fa72f6036238edff157dcd94b,2026-10-04 18:12:10,commit 79c04e6e05 | peano 22.0.0+0006955e | mlir_aie 1.4.4.dev73+g18ca6c1 | kernels 5726d482c21a | runtime CachedXRTRuntime | xdna 2.21.0_20260625 | xrt 2.21.0 | host docker-runner-5708612c41cc | device NPU Phoenix | pmode default,iron/operators/rope/test.py::test_rope,rows_32-cols_512-angle_rows_8-aie_columns_2-method_type_0,5/5,no,375.54,304.1,184.9,605.7,171.88079590227642,0.23408058,0.2424211,0.1217176,0.398728,0.10947112613583092,,,,,
79c04e6e05d3d74fa72f6036238edff157dcd94b,2026-10-04 18:12:10,commit 79c04e6e05 | peano 22.0.0+0006955e | mlir_aie 1.4.4.dev73+g18ca6c1 | kernels 5726d482c21a | runtime CachedXRTRuntime | xdna 2.21.0_20260625 | xrt 2.21.0 | host docker-runner-5708612c41cc | device NPU Phoenix | pmode default,iron/operators/rope/test.py::test_rope,rows_32-cols_512-angle_rows_8-aie_columns_4-method_type_0,5/5,no,470.8,505.1,259.0,636.5,137.37161278808662,0.17142886000000002,0.1459784,0.1158338,0.2847114,0.0657548214809226,,,,,
79c04e6e05d3d74fa72f6036238edff157dcd94b,2026-10-04 18:12:10,commit 79c04e6e05 | peano 22.0.0+0006955e | mlir_aie 1.4.4.dev73+g18ca6c1 | kernels 5726d482c21a | runtime CachedXRTRuntime | xdna 2.21.0_20260625 | xrt 2.21.0 | host docker-runner-5708612c41cc | device NPU Phoenix | pmode default,iron/operators/rope/test.py::test_rope,rows_4096-cols_512-angle_rows_8-aie_columns_4-method_type_0,5/5,yes,797.58,740.3,504.9,1260.7,289.16574313012944,11.5636142,11.34192,6.660358,16.63128,3.7350875573708042,,,,,
79c04e6e05d3d74fa72f6036238edff157dcd94b,2026-10-04 18:12:10,commit 79c04e6e05 | peano 22.0.0+0006955e | mlir_aie 1.4.4.dev73+g18ca6c1 | kernels 5726d482c21a | runtime CachedXRTRuntime | xdna 2.21.0_20260625 | xrt 2.21.0 | host docker-runner-5708612c41cc | device NPU Phoenix | pmode default,iron/operators/rope/test.py::test_rope,rows_64-cols_128-angle_rows_16-aie_columns_1-method_type_0,5/5,no,364.66,356.1,273.8,508.8,97.81553046423662,0.106753248,0.1035069,0.07245611,0.1346261,0.026829724428315882,,,,,
79c04e6e05d3d74fa72f6036238edff157dcd94b,2026-10-04 18:12:10,commit 79c04e6e05 | peano 22.0.0+0006955e | mlir_aie 1.4.4.dev73+g18ca6c1 | kernels 5726d482c21a | runtime CachedXRTRuntime | xdna 2.21.0_20260625 | xrt 2.21.0 | host docker-runner-5708612c41cc | device NPU Phoenix | pmode default,iron/operators/rope/test.py::test_rope,rows_64-cols_128-angle_rows_16-aie_columns_1-method_type_1,5/5,no,439.12,309.2,179.2,990.8,340.55357434623994,0.126710568,0.1192423,0.03720536,0.2057166,0.07643145144284334,,,,,
79c04e6e05d3d74fa72f6036238edff157dcd94b,2026-10-04 18:12:10,commit 79c04e6e05 | peano 22.0.0+0006955e | mlir_aie 1.4.4.dev73+g18ca6c1 | kernels 5726d482c21a | runtime CachedXRTRuntime | xdna 2.21.0_20260625 | xrt 2.21.0 | host docker-runner-5708612c41cc | device NPU Phoenix | pmode default,iron/operators/rope/test.py::test_rope,rows_64-cols_128-angle_rows_16-aie_columns_2-method_type_0,5/5,no,485.04,511.0,406.3,584.5,75.52448609557035,0.07750004,0.07213935,0.06307253,0.09072764,0.012096675052436928,,,,,
79c04e6e05d3d74fa72f6036238edff157dcd94b,2026-10-04 18:12:10,commit 79c04e6e05 | peano 22.0.0+0006955e | mlir_aie 1.4.4.dev73+g18ca6c1 | kernels 5726d482c21a | runtime CachedXRTRuntime | xdna 2.21.0_20260625 | xrt 2.21.0 | host docker-runner-5708612c41cc | device NPU Phoenix | pmode default,iron/operators/rope/test.py::test_rope,rows_64-cols_128-angle_rows_16-aie_columns_2-method_type_1,5/5,no,411.44,426.3,221.7,561.7,122.90145646004365,0.09860128,0.08648385,0.06562502,0.1662803,0.03913299976149221,,,,,
79c04e6e05d3d74fa72f6036238edff157dcd94b,2026-10-04 18:12:10,commit 79c04e6e05 | peano 22.0.0+0006955e | mlir_aie 1.4.4.dev73+g18ca6c1 | kernels 5726d482c21a | runtime CachedXRTRuntime | xdna 2.21.0_20260625 | xrt 2.21.0 | host docker-runner-5708612c41cc | device NPU Phoenix | pmode default,iron/operators/rope/test.py::test_rope,rows_64-cols_128-angle_rows_16-aie_columns_4-method_type_0,5/5,no,821.74,595.0,416.3,2005.3,667.8027350947284,0.061487682,0.06195214,0.01838307,0.08854855,0.027189151969669263,,,,,
79c04e6e05d3d74fa72f6036238edff157dcd94b,2026-10-04 18:12:10,commit 79c04e6e05 | peano 22.0.0+0006955e | mlir_aie 1.4.4.dev73+g18ca6c1 | kernels 5726d482c21a | runtime CachedXRTRuntime | xdna 2.21.0_20260625 | xrt 2.21.0 | host docker-runner-5708612c41cc | device NPU Phoenix | pmode default,iron/operators/rope/test.py::test_rope,rows_64-cols_128-angle_rows_16-aie_columns_4-method_type_1,5/5,no,572.12,584.9,446.3,663.7,86.64520759972822,0.06573592,0.06302928,0.05553907,0.0825973,0.010820365103597475,,,,,
79c04e6e05d3d74fa72f6036238edff157dcd94b,2026-10-04 18:12:10,commit 79c04e6e05 | peano 22.0.0+0006955e | mlir_aie 1.4.4.dev73+g18ca6c1 | kernels 5726d482c21a | runtime CachedXRTRuntime | xdna 2.21.0_20260625 | xrt 2.21.0 | host docker-runner-5708612c41cc | device NPU Phoenix | pmode default,iron/operators/rope/test.py::test_rope,rows_64-cols_128-angle_rows_32-aie_columns_1-method_type_0,5/5,no,383.16,447.8,176.1,585.1,172.39870359141335,0.131350076,0.09147717,0.07000979,0.2326466,0.07010185319939931,,,,,
79c04e6e05d3d74fa72f6036238edff157dcd94b,2026-10-04 18:12:10,commit 79c04e6e05 | peano 22.0.0+0006955e | mlir_aie 1.4.4.dev73+g18ca6c1 | kernels 5726d482c21a | runtime CachedXRTRuntime | xdna 2.21.0_20260625 | xrt 2.21.0 | host docker-runner-5708612c41cc | device NPU Phoenix | pmode default,iron/operators/rope/test.py::test_rope,rows_64-cols_128-angle_rows_32-aie_columns_1-method_type_1,5/5,no,372.7,283.5,243.5,803.9,241.90991091726687,0.134626004,0.1444986,0.05095402,0.1682149,0.048281692269586826,,,,,
79c04e6e05d3d74fa72f6036238edff157dcd94b,2026-10-04 18:12:10,commit 79c04e6e05 | peano 22.0.0+0006955e | mlir_aie 1.4.4.dev73+g18ca6c1 | kernels 5726d482c21a | runtime CachedXRTRuntime | xdna 2.21.0_20260625 | xrt 2.21.0 | host docker-runner-5708612c41cc | device NPU Phoenix | pmode default,iron/operators/rope/test.py::test_rope,rows_64-cols_128-angle_rows_32-aie_columns_2-method_type_0,5/5,no,429.08,442.9,230.0,569.7,125.44637101167974,0.104994618,0.09249119,0.07190102,0.1780537,0.04201889374173624,,,,,
79c04e6e05d3d74fa72f6036238edff157dcd94b,2026-10-04 18:12:10,commit 79c04e6e05 | peano 22.0.0+0006955e | mlir_aie 1.4.4.dev73+g18ca6c1 | kernels 5726d482c21a | runtime CachedXRTRuntime | xdna 2.21.0_20260625 | xrt 2.21.0 | host docker-runner-5708612c41cc | device NPU Phoenix | pmode default,iron/operators/rope/test.py::test_rope,rows_64-cols_128-angle_rows_32-aie_columns_2-method_type_1,5/5,no,462.44,360.6,317.9,661.2,168.7198950924283,0.097851944,0.1135762,0.06195125,0.1288464,0.03190820816157545,,,,,
79c04e6e05d3d74fa72f6036238edff157dcd94b,2026-10-04 18:12:10,commit 79c04e6e05 | peano 22.0.0+0006955e | mlir_aie 1.4.4.dev73+g18ca6c1 | kernels 5726d482c21a | runtime CachedXRTRuntime | xdna 2.21.0_20260625 | xrt 2.21.0 | host docker-runner-5708612c41cc | device NPU Phoenix | pmode default,iron/operators/rope/test.py::test_rope,rows_64-cols_128-angle_rows_32-aie_columns_4-method_type_0,5/5,no,518.22,509.0,342.8,628.4,114.5231504980543,0.08284563,0.08046709,0.06517809,0.1194814,0.021898504269268027,,,,,
79c04e6e05d3d74fa72f6036238edff157dcd94b,2026-10-04 18:12:10,commit 79c04e6e05 | peano 22.0.0+0006955e | mlir_aie 1.4.4.dev73+g18ca6c1 | kernels 5726d482c21a | runtime CachedXRTRuntime | xdna 2.21.0_20260625 | xrt 2.21.0 | host docker-runner-5708612c41cc | device NPU Phoenix | pmode default,iron/operators/rope/test.py::test_rope,rows_64-cols_128-angle_rows_32-aie_columns_4-method_type_1,5/5,no,558.84,558.4,430.7,660.2,91.70933976427919,0.075007742,0.07334968,0.06203776,0.09509658,0.013174931738340053,,,,,
79c04e6e05d3d74fa72f6036238edff157dcd94b,2026-10-04 18:12:10,commit 79c04e6e05 | peano 22.0.0+0006955e | mlir_aie 1.4.4.dev73+g18ca6c1 | kernels 5726d482c21a | runtime CachedXRTRuntime | xdna 2.21.0_20260625 | xrt 2.21.0 | host docker-runner-5708612c41cc | device NPU Phoenix | pmode default,iron/operators/rope/test.py::test_rope,rows_64-cols_128-angle_rows_8-aie_columns_1-method_type_0,5/5,no,391.82,408.4,243.6,602.9,140.8843213420145,0.09829965,0.08523953,0.05775004,0.142924,0.03409952366620537,,,,,
79c04e6e05d3d74fa72f6036238edff157dcd94b,2026-10-04 18:12:10,commit 79c04e6e05 | peano 22.0.0+0006955e | mlir_aie 1.4.4.dev73+g18ca6c1 | kernels 5726d482c21a | runtime CachedXRTRuntime | xdna 2.21.0_20260625 | xrt 2.21.0 | host docker-runner-5708612c41cc | device NPU Phoenix | pmode default,iron/operators/rope/test.py::test_rope,rows_64-cols_128-angle_rows_8-aie_columns_1-method_type_1,5/5,no,297.68,245.4,242.1,419.1,78.73624959318295,0.12281424,0.1418508,0.0830677,0.143781,0.027918162178105495,,,,,
79c04e6e05d3d74fa72f6036238edff157dcd94b,2026-10-04 18:12:10,commit 79c04e6e05 | peano 22.0.0+0006955e | mlir_aie 1.4.4.dev73+g18ca6c1 | kernels 5726d482c21a | runtime CachedXRTRuntime | xdna 2.21.0_20260625 | xrt 2.21.0 | host docker-runner-5708612c41cc | device NPU Phoenix | pmode default,iron/operators/rope/test.py::test_rope,rows_64-cols_128-angle_rows_8-aie_columns_2-method_type_0,5/5,no,412.14,431.8,183.5,600.9,150.25273042444186,0.09881232399999999,0.08062768,0.05794352,0.1897578,0.05208190531651545,,,,,
79c04e6e05d3d74fa72f6036238edff157dcd94b,2026-10-04 18:12:10,commit 79c04e6e05 | peano 22.0.0+0006955e | mlir_aie 1.4.4.dev73+g18ca6c1 | kernels 5726d482c21a | runtime CachedXRTRuntime | xdna 2.21.0_20260625 | xrt 2.21.0 | host docker-runner-5708612c41cc | device NPU Phoenix | pmode default,iron/operators/rope/test.py::test_rope,rows_64-cols_128-angle_rows_8-aie_columns_2-method_type_1,5/5,no,473.38,414.5,181.6,1041.2,340.3326637277122,0.104624778,0.08399923,0.03343677,0.191716,0.06236826785302258,,,,,
79c04e6e05d3d74fa72f6036238edff157dcd94b,2026-10-04 18:12:10,commit 79c04e6e05 | peano 22.0.0+0006955e | mlir_aie 1.4.4.dev73+g18ca6c1 | kernels 5726d482c21a | runtime CachedXRTRuntime | xdna 2.21.0_20260625 | xrt 2.21.0 | host docker-runner-5708612c41cc | device NPU Phoenix | pmode default,iron/operators/rope/test.py::test_rope,rows_64-cols_128-angle_rows_8-aie_columns_4-method_type_0,5/5,no,474.47999999999996,517.4,250.7,649.6,150.7570131038686,0.081665456,0.06729121,0.05359911,0.1388574,0.0338199507683317,,,,,
79c04e6e05d3d74fa72f6036238edff157dcd94b,2026-10-04 18:12:10,commit 79c04e6e05 | peano 22.0.0+0006955e | mlir_aie 1.4.4.dev73+g18ca6c1 | kernels 5726d482c21a | runtime CachedXRTRuntime | xdna 2.21.0_20260625 | xrt 2.21.0 | host docker-runner-5708612c41cc | device NPU Phoenix | pmode default,iron/operators/rope/test.py::test_rope,rows_64-cols_128-angle_rows_8-aie_columns_4-method_type_1,5/5,no,729.86,567.7,210.2,1357.8,439.80409047665756,0.07033626800000001,0.06132395,0.02564101,0.1656524,0.05563103916494568,,,,,
79c04e6e05d3d74fa72f6036238edff157dcd94b,2026-10-04 18:12:10,commit 79c04e6e05 | peano 22.0.0+0006955e | mlir_aie 1.4.4.dev73+g18ca6c1 | kernels 5726d482c21a | runtime CachedXRTRuntime | xdna 2.21.0_20260625 | xrt 2.21.0 | host docker-runner-5708612c41cc | device NPU Phoenix | pmode default,iron/operators/sigmoid/test.py::test_sigmoid,input_length_1024-num_aie_columns_1-num_channels_1-tile_size_1024,5/5,no,403.58000000000004,355.5,224.2,615.2,180.95722422716372,0.011987748999999999,0.01152313,0.006658127,0.0182725,0.005249754569086254,,,,,
79c04e6e05d3d74fa72f6036238edff157dcd94b,2026-10-04 18:12:10,commit 79c04e6e05 | peano 22.0.0+0006955e | mlir_aie 1.4.4.dev73+g18ca6c1 | kernels 5726d482c21a | runtime CachedXRTRuntime | xdna 2.21.0_20260625 | xrt 2.21.0 | host docker-runner-5708612c41cc | device NPU Phoenix | pmode default,iron/operators/sigmoid/test.py::test_sigmoid,input_length_1024-num_aie_columns_1-num_channels_2-tile_size_512,5/5,no,526.7,556.2,398.8,626.1,105.40960582413729,0.0080495892,0.007364827,0.00654242,0.0102703,0.001711332221318146,,,,,
79c04e6e05d3d74fa72f6036238edff157dcd94b,2026-10-04 18:12:10,commit 79c04e6e05 | peano 22.0.0+0006955e | mlir_aie 1.4.4.dev73+g18ca6c1 | kernels 5726d482c21a | runtime CachedXRTRuntime | xdna 2.21.0_20260625 | xrt 2.21.0 | host docker-runner-5708612c41cc | device NPU Phoenix | pmode default,iron/operators/sigmoid/test.py::test_sigmoid,input_length_1024-num_aie_columns_2-num_channels_1-tile_size_512,5/5,no,334.22,334.6,200.1,437.2,100.99679202826196,0.0133392606,0.01224331,0.009368453,0.02046905,0.004595875564904559,,,,,
79c04e6e05d3d74fa72f6036238edff157dcd94b,2026-10-04 18:12:10,commit 79c04e6e05 | peano 22.0.0+0006955e | mlir_aie 1.4.4.dev73+g18ca6c1 | kernels 5726d482c21a | runtime CachedXRTRuntime | xdna 2.21.0_20260625 | xrt 2.21.0 | host docker-runner-5708612c41cc | device NPU Phoenix | pmode default,iron/operators/sigmoid/test.py::test_sigmoid,input_length_1024-num_aie_columns_2-num_channels_2-tile_size_256,5/5,no,476.48,455.9,376.8,576.2,79.97641527350424,0.008794962199999999,0.008984072,0.007108581,0.01086994,0.0014917054135187683,,,,,
79c04e6e05d3d74fa72f6036238edff157dcd94b,2026-10-04 18:12:10,commit 79c04e6e05 | peano 22.0.0+0006955e | mlir_aie 1.4.4.dev73+g18ca6c1 | kernels 5726d482c21a | runtime CachedXRTRuntime | xdna 2.21.0_20260625 | xrt 2.21.0 | host docker-runner-5708612c41cc | device NPU Phoenix | pmode default,iron/operators/sigmoid/test.py::test_sigmoid,input_length_1024-num_aie_columns_4-num_channels_1-tile_size_256,5/5,no,414.72,476.1,256.3,566.1,132.75820878574703,0.0108496494,0.00860403,0.007235662,0.01598239,0.0038452080445363153,,,,,
79c04e6e05d3d74fa72f6036238edff157dcd94b,2026-10-04 18:12:10,commit 79c04e6e05 | peano 22.0.0+0006955e | mlir_aie 1.4.4.dev73+g18ca6c1 | kernels 5726d482c21a | runtime CachedXRTRuntime | xdna 2.21.0_20260625 | xrt 2.21.0 | host docker-runner-5708612c41cc | device NPU Phoenix | pmode default,iron/operators/sigmoid/test.py::test_sigmoid,input_length_1024-num_aie_columns_4-num_channels_2-tile_size_128,5/5,no,769.72,444.9,336.2,2038.6,717.1359752515557,0.0080111654,0.009207039,0.002009256,0.01218279,0.003910333371096869,,,,,
79c04e6e05d3d74fa72f6036238edff157dcd94b,2026-10-04 18:12:10,commit 79c04e6e05 | peano 22.0.0+0006955e | mlir_aie 1.4.4.dev73+g18ca6c1 | kernels 5726d482c21a | runtime CachedXRTRuntime | xdna 2.21.0_20260625 | xrt 2.21.0 | host docker-runner-5708612c41cc | device NPU Phoenix | pmode default,iron/operators/sigmoid/test.py::test_sigmoid,input_length_2048-num_aie_columns_1-num_channels_1-tile_size_2048,5/5,no,323.16,239.7,217.2,528.6,136.1277084211734,0.02863877,0.03417306,0.01549769,0.03771136,0.00991570178439731,,,,,
79c04e6e05d3d74fa72f6036238edff157dcd94b,2026-10-04 18:12:10,commit 79c04e6e05 | peano 22.0.0+0006955e | mlir_aie 1.4.4.dev73+g18ca6c1 | kernels 5726d482c21a | runtime CachedXRTRuntime | xdna 2.21.0_20260625 | xrt 2.21.0 | host docker-runner-5708612c41cc | device NPU Phoenix | pmode default,iron/operators/sigmoid/test.py::test_sigmoid,input_length_2048-num_aie_columns_1-num_channels_2-tile_size_1024,5/5,no,384.32,342.2,220.2,609.5,176.17178264409998,0.025303068,0.02393614,0.01344059,0.03720187,0.01116622156551042,,,,,
79c04e6e05d3d74fa72f6036238edff157dcd94b,2026-10-04 18:12:10,commit 79c04e6e05 | peano 22.0.0+0006955e | mlir_aie 1.4.4.dev73+g18ca6c1 | kernels 5726d482c21a | runtime CachedXRTRuntime | xdna 2.21.0_20260625 | xrt 2.21.0 | host docker-runner-5708612c41cc | device NPU Phoenix | pmode default,iron/operators/sigmoid/test.py::test_sigmoid,input_length_2048-num_aie_columns_2-num_channels_1-tile_size_1024,5/5,no,698.8399999999999,419.2,231.2,2077.2,774.6651683146725,0.0204682324,0.01954343,0.003943812,0.03543636,0.011353270041992254,,,,,
79c04e6e05d3d74fa72f6036238edff157dcd94b,2026-10-04 18:12:10,commit 79c04e6e05 | peano 22.0.0+0006955e | mlir_aie 1.4.4.dev73+g18ca6c1 | kernels 5726d482c21a | runtime CachedXRTRuntime | xdna 2.21.0_20260625 | xrt 2.21.0 | host docker-runner-5708612c41cc | device NPU Phoenix | pmode default,iron/operators/sigmoid/test.py::test_sigmoid,input_length_2048-num_aie_columns_2-num_channels_2-tile_size_512,5/5,no,864.42,553.0,285.6,2416.6,874.8395635772309,0.0155308682,0.01481372,0.003389821,0.02868076,0.008968379627783728,,,,,
79c04e6e05d3d74fa72f6036238edff157dcd94b,2026-10-04 18:12:10,commit 79c04e6e05 | peano 22.0.0+0006955e | mlir_aie 1.4.4.dev73+g18ca6c1 | kernels 5726d482c21a | runtime CachedXRTRuntime | xdna 2.21.0_20260625 | xrt 2.21.0 | host docker-runner-5708612c41cc | device NPU Phoenix | pmode default,iron/operators/sigmoid/test.py::test_sigmoid,input_length_2048-num_aie_columns_4-num_channels_1-tile_size_512,5/5,no,515.52,506.1,432.8,589.0,70.4655731545554,0.016133142,0.01618614,0.01390907,0.01892992,0.002216690860126869,,,,,
79c04e6e05d3d74fa72f6036238edff157dcd94b,2026-10-04 18:12:10,commit 79c04e6e05 | peano 22.0.0+0006955e | mlir_aie 1.4.4.dev73+g18ca6c1 | kernels 5726d482c21a | runtime CachedXRTRuntime | xdna 2.21.0_20260625 | xrt 2.21.0 | host docker-runner-5708612c41cc | device NPU Phoenix | pmode default,iron/operators/sigmoid/test.py::test_sigmoid,input_length_2048-num_aie_columns_4-num_channels_2-tile_size_256,5/5,no,560.74,582.0,463.4,633.1,70.52281900207906,0.014806567999999999,0.014075,0.01293928,0.0176791,0.001970019503791777,,,,,
79c04e6e05d3d74fa72f6036238edff157dcd94b,2026-10-04 18:12:10,commit 79c04e6e05 | peano 22.0.0+0006955e | mlir_aie 1.4.4.dev73+g18ca6c1 | kernels 5726d482c21a | runtime CachedXRTRuntime | xdna 2.21.0_20260625 | xrt 2.21.0 | host docker-runner-5708612c41cc | device NPU Phoenix | pmode default,iron/operators/sigmoid/test.py::test_sigmoid,input_length_4096-num_aie_columns_1-num_channels_1-tile_size_4096,5/5,no,316.65999999999997,278.4,212.3,448.2,108.11749627141761,0.056673928,0.05885396,0.0365516,0.07716654,0.01828070990009606,,,,,
79c04e6e05d3d74fa72f6036238edff157dcd94b,2026-10-04 18:12:10,commit 79c04e6e05 | peano 22.0.0+0006955e | mlir_aie 1.4.4.dev73+g18ca6c1 | kernels 5726d482c21a | runtime CachedXRTRuntime | xdna 2.21.0_20260625 | xrt 2.21.0 | host docker-runner-5708612c41cc | device NPU Phoenix | pmode default,iron/operators/sigmoid/test.py::test_sigmoid,input_length_4096-num_aie_columns_1-num_channels_2-tile_size_2048,5/5,no,584.94,607.7,173.9,1038.2,310.0923942956357,0.03940246,0.02696094,0.01578095,0.09420586,0.03128201471527609,,,,,
79c04e6e05d3d74fa72f6036238edff157dcd94b,2026-10-04 18:12:10,commit 79c04e6e05 | peano 22.0.0+0006955e | mlir_aie 1.4.4.dev73+g18ca6c1 | kernels 5726d482c21a | runtime CachedXRTRuntime | xdna 2.21.0_20260625 | xrt 2.21.0 | host docker-runner-5708612c41cc | device NPU Phoenix | pmode default,iron/operators/sigmoid/test.py::test_sigmoid,input_length_4096-num_aie_columns_2-num_channels_1-tile_size_2048,5/5,no,396.08,349.6,206.1,579.4,155.90826469433875,0.047546752,0.04686258,0.02827606,0.07950002,0.020592899510177533,,,,,
79c04e6e05d3d74fa72f6036238edff157dcd94b,2026-10-04 18:12:10,commit 79c04e6e05 | peano 22.0.0+0006955e | mlir_aie 1.4.4.dev73+g18ca6c1 | kernels 5726d482c21a | runtime CachedXRTRuntime | xdna 2.21.0_20260625 | xrt 2.21.0 | host docker-runner-5708612c41cc | device NPU Phoenix | pmode default,iron/operators/sigmoid/test.py::test_sigmoid,input_length_4096-num_aie_columns_2-num_channels_2-tile_size_1024,5/5,no,472.98,528.5,317.4,601.4,143.99195116394526,0.03770297,0.03100012,0.02724482,0.05161664,0.012627819804625816,,,,,
79c04e6e05d3d74fa72f6036238edff157dcd94b,2026-10-04 18:12:10,commit 79c04e6e05 | peano 22.0.0+0006955e | mlir_aie 1.4.4.dev73+g18ca6c1 | kernels 5726d482c21a | runtime CachedXRTRuntime | xdna 2.21.0_20260625 | xrt 2.21.0 | host docker-runner-5708612c41cc | device NPU Phoenix | pmode default,iron/operators/sigmoid/test.py::test_sigmoid,input_length_4096-num_aie_columns_4-num_channels_1-tile_size_1024,5/5,no,463.2,505.8,344.4,544.7,95.3665297680481,0.036715684,0.03239276,0.03008088,0.04756734,0.008191324655959498,,,,,
79c04e6e05d3d74fa72f6036238edff157dcd94b,2026-10-04 18:12:10,commit 79c04e6e05 | peano 22.0.0+0006955e | mlir_aie 1.4.4.dev73+g18ca6c1 | kernels 5726d482c21a | runtime CachedXRTRuntime | xdna 2.21.0_20260625 | xrt 2.21.0 | host docker-runner-5708612c41cc | device NPU Phoenix | pmode default,iron/operators/sigmoid/test.py::test_sigmoid,input_length_4096-num_aie_columns_4-num_channels_2-tile_size_512,5/5,no,564.12,508.6,444.8,806.5,145.28563934539434,0.030364804,0.03221151,0.02031499,0.03683809,0.006497708177640788,,,,,
79c04e6e05d3d74fa72f6036238edff157dcd94b,2026-10-04 18:12:10,commit 79c04e6e05 | peano 22.0.0+0006955e | mlir_aie 1.4.4.dev73+g18ca6c1 | kernels 5726d482c21a | runtime CachedXRTRuntime | xdna 2.21.0_20260625 | xrt 2.21.0 | host docker-runner-5708612c41cc | device NPU Phoenix | pmode default,iron/operators/sigmoid/test.py::test_sigmoid,input_length_8192-num_aie_columns_1-num_channels_2-tile_size_4096,5/5,no,444.54,297.7,239.2,732.4,237.22294998587302,0.091412148,0.1100816,0.04473881,0.1369671,0.041991433728159014,,,,,
79c04e6e05d3d74fa72f6036238edff157dcd94b,2026-10-04 18:12:10,commit 79c04e6e05 | peano 22.0.0+0006955e | mlir_aie 1.4.4.dev73+g18ca6c1 | kernels 5726d482c21a | runtime CachedXRTRuntime | xdna 2.21.0_20260625 | xrt 2.21.0 | host docker-runner-5708612c41cc | device NPU Phoenix | pmode default,iron/operators/sigmoid/test.py::test_sigmoid,input_length_8192-num_aie_columns_2-num_channels_1-tile_size_4096,5/5,no,739.3000000000001,495.7,223.4,1840.9,634.9514036522795,0.069740158,0.06609876,0.01779956,0.1467049,0.047504488948969026,,,,,
79c04e6e05d3d74fa72f6036238edff157dcd94b,2026-10-04 18:12:10,commit 79c04e6e05 | peano 22.0.0+0006955e | mlir_aie 1.4.4.dev73+g18ca6c1 | kernels 5726d482c21a | runtime CachedXRTRuntime | xdna 2.21.0_20260625 | xrt 2.21.0 | host docker-runner-5708612c41cc | device NPU Phoenix | pmode default,iron/operators/sigmoid/test.py::test_sigmoid,input_length_8192-num_aie_columns_2-num_channels_2-tile_size_2048,5/5,no,473.78,522.9,227.2,586.0,144.727198549547,0.07815465,0.06266542,0.05591589,0.1442457,0.03732092836287905,,,,,
79c04e6e05d3d74fa72f6036238edff157dcd94b,2026-10-04 18:12:10,commit 79c04e6e05 | peano 22.0.0+0006955e | mlir_aie 1.4.4.dev73+g18ca6c1 | kernels 5726d482c21a | runtime CachedXRTRuntime | xdna 2.21.0_20260625 | xrt 2.21.0 | host docker-runner-5708612c41cc | device NPU Phoenix | pmode default,iron/operators/sigmoid/test.py::test_sigmoid,input_length_8192-num_aie_columns_4-num_channels_1-tile_size_2048,5/5,no,896.4399999999999,569.4,391.3,2393.6,840.6644830132886,0.054318622,0.05754921,0.0136897,0.08374651,0.02540639838150953,,,,,
79c04e6e05d3d74fa72f6036238edff157dcd94b,2026-10-04 18:12:10,commit 79c04e6e05 | peano 22.0.0+0006955e | mlir_aie 1.4.4.dev73+g18ca6c1 | kernels 5726d482c21a | runtime CachedXRTRuntime | xdna 2.21.0_20260625 | xrt 2.21.0 | host docker-runner-5708612c41cc | device NPU Phoenix | pmode default,iron/operators/sigmoid/test.py::test_sigmoid,input_length_8192-num_aie_columns_4-num_channels_2-tile_size_1024,5/5,no,529.14,500.2,387.0,812.4,169.8858675699659,0.06630894400000001,0.06551215,0.04033585,0.08467884,0.017486021857586135,,,,,
79c04e6e05d3d74fa72f6036238edff157dcd94b,2026-10-04 18:12:10,commit 79c04e6e05 | peano 22.0.0+0006955e | mlir_aie 1.4.4.dev73+g18ca6c1 | kernels 5726d482c21a | runtime CachedXRTRuntime | xdna 2.21.0_20260625 | xrt 2.21.0 | host docker-runner-5708612c41cc | device NPU Phoenix | pmode default,iron/operators/sigmoid/test.py::test_sigmoid,input_length_8388608-num_aie_columns_4-num_channels_2-tile_size_4096,5/5,yes,3487.88,3442.6,2361.3,4482.3,811.695507564259,10.0947252,9.746775,7.485944,14.21025,2.6019651171660048,,,,,
79c04e6e05d3d74fa72f6036238edff157dcd94b,2026-10-04 18:12:10,commit 79c04e6e05 | peano 22.0.0+0006955e | mlir_aie 1.4.4.dev73+g18ca6c1 | kernels 5726d482c21a | runtime CachedXRTRuntime | xdna 2.21.0_20260625 | xrt 2.21.0 | host docker-runner-5708612c41cc | device NPU Phoenix | pmode default,iron/operators/silu/test.py::test_silu,input_length_1024-num_aie_columns_1-num_channels_1-tile_size_1024,5/5,no,344.68,325.0,227.8,463.8,100.00345994014408,0.012744562800000001,0.01260222,0.008830765,0.01798005,0.00378092745354056,,,,,
79c04e6e05d3d74fa72f6036238edff157dcd94b,2026-10-04 18:12:10,commit 79c04e6e05 | peano 22.0.0+0006955e | mlir_aie 1.4.4.dev73+g18ca6c1 | kernels 5726d482c21a | runtime CachedXRTRuntime | xdna 2.21.0_20260625 | xrt 2.21.0 | host docker-runner-5708612c41cc | device NPU Phoenix | pmode default,iron/operators/silu/test.py::test_silu,input_length_1024-num_aie_columns_2-num_channels_1-tile_size_512,5/5,no,386.64,412.9,243.5,477.6,99.73122881023778,0.0112961306,0.009919189,0.008576232,0.0168208,0.003458728085038169,,,,,
79c04e6e05d3d74fa72f6036238edff157dcd94b,2026-10-04 18:12:10,commit 79c04e6e05 | peano 22.0.0+0006955e | mlir_aie 1.4.4.dev73+g18ca6c1 | kernels 5726d482c21a | runtime CachedXRTRuntime | xdna 2.21.0_20260625 | xrt 2.21.0 | host docker-runner-5708612c41cc | device NPU Phoenix | pmode default,iron/operators/silu/test.py::test_silu,input_length_1024-num_aie_columns_4-num_channels_1-tile_size_256,5/5,no,535.14,517.3,444.9,743.0,122.22717782882823,0.007926004,0.007917669,0.005512875,0.009205984,0.0015055771805002228,,,,,
79c04e6e05d3d74fa72f6036238edff157dcd94b,2026-10-04 18:12:10,commit 79c04e6e05 | peano 22.0.0+0006955e | mlir_aie 1.4.4.dev73+g18ca6c1 | kernels 5726d482c21a | runtime CachedXRTRuntime | xdna 2.21.0_20260625 | xrt 2.21.0 | host docker-runner-5708612c41cc | device NPU Phoenix | pmode default,iron/operators/silu/test.py::test_silu,input_length_2048-num_aie_columns_1-num_channels_1-tile_size_2048,5/5,no,390.0,416.6,259.5,574.4,131.2845192701714,0.023034726,0.0196647,0.01426234,0.03156743,0.007714635031210486,,,,,
79c04e6e05d3d74fa72f6036238edff157dcd94b,2026-10-04 18:12:10,commit 79c04e6e05 | peano 22.0.0+0006955e | mlir_aie 1.4.4.dev73+g18ca6c1 | kernels 5726d482c21a | runtime CachedXRTRuntime | xdna 2.21.0_20260625 | xrt 2.21.0 | host docker-runner-5708612c41cc | device NPU Phoenix | pmode default,iron/operators/silu/test.py::test_silu,input_length_2048-num_aie_columns_2-num_channels_1-tile_size_1024,5/5,no,464.58000000000004,499.3,229.6,612.2,147.06555341071547,0.019864496,0.01640635,0.0133812,0.03567447,0.009074611344119923,,,,,
79c04e6e05d3d74fa72f6036238edff157dcd94b,2026-10-04 18:12:10,commit 79c04e6e05 | peano 22.0.0+0006955e | mlir_aie 1.4.4.dev73+g18ca6c1 | kernels 5726d482c21a | runtime CachedXRTRuntime | xdna 2.21.0_20260625 | xrt 2.21.0 | host docker-runner-5708612c41cc | device NPU Phoenix | pmode default,iron/operators/silu/test.py::test_silu,input_length_2048-num_aie_columns_4-num_channels_1-tile_size_512,5/5,no,303.74,270.9,225.2,500.3,113.37337870946601,0.029325918,0.0302434,0.01637283,0.03638415,0.008049227056181853,,,,,
79c04e6e05d3d74fa72f6036238edff157dcd94b,2026-10-04 18:12:10,commit 79c04e6e05 | peano 22.0.0+0006955e | mlir_aie 1.4.4.dev73+g18ca6c1 | kernels 5726d482c21a | runtime CachedXRTRuntime | xdna 2.21.0_20260625 | xrt 2.21.0 | host docker-runner-5708612c41cc | device NPU Phoenix | pmode default,iron/operators/silu/test.py::test_silu,input_length_4096-num_aie_columns_1-num_channels_1-tile_size_4096,5/5,no,381.22,426.7,258.5,499.8,101.58586023655063,0.045758948,0.03839763,0.03278308,0.06337712,0.01317533048163005,,,,,
79c04e6e05d3d74fa72f6036238edff157dcd94b,2026-10-04 18:12:10,commit 79c04e6e05 | peano 22.0.0+0006955e | mlir_aie 1.4.4.dev73+g18ca6c1 | kernels 5726d482c21a | runtime CachedXRTRuntime | xdna 2.21.0_20260625 | xrt 2.21.0 | host docker-runner-5708612c41cc | device NPU Phoenix | pmode default,iron/operators/silu/test.py::test_silu,input_length_4096-num_aie_columns_2-num_channels_1-tile_size_2048,5/5,no,354.14,396.4,242.8,454.1,97.59519967703329,0.049530368,0.04133553,0.03608143,0.06746635,0.014882956387862592,,,,,
79c04e6e05d3d74fa72f6036238edff157dcd94b,2026-10-04 18:12:10,commit 79c04e6e05 | peano 22.0.0+0006955e | mlir_aie 1.4.4.dev73+g18ca6c1 | kernels 5726d482c21a | runtime CachedXRTRuntime | xdna 2.21.0_20260625 | xrt 2.21.0 | host docker-runner-5708612c41cc | device NPU Phoenix | pmode default,iron/operators/silu/test.py::test_silu,input_length_4096-num_aie_columns_4-num_channels_1-tile_size_1024,5/5,no,466.16,596.1,231.3,618.0,193.3900669631199,0.042104010000000004,0.02748338,0.02650991,0.07082676,0.021116448716781193,,,,,
79c04e6e05d3d74fa72f6036238edff157dcd94b,2026-10-04 18:12:10,commit 79c04e6e05 | peano 22.0.0+0006955e | mlir_aie 1.4.4.dev73+g18ca6c1 | kernels 5726d482c21a | runtime CachedXRTRuntime | xdna 2.21.0_20260625 | xrt 2.21.0 | host docker-runner-5708612c41cc | device NPU Phoenix | pmode default,iron/operators/silu/test.py::test_silu,input_length_8192-num_aie_columns_2-num_channels_1-tile_size_4096,5/5,no,375.78,298.2,224.3,591.4,160.0824537543075,0.100021232,0.1098893,0.05540723,0.1461018,0.03845374291946975,,,,,
79c04e6e05d3d74fa72f6036238edff157dcd94b,2026-10-04 18:12:10,commit 79c04e6e05 | peano 22.0.0+0006955e | mlir_aie 1.4.4.dev73+g18ca6c1 | kernels 5726d482c21a | runtime CachedXRTRuntime | xdna 2.21.0_20260625 | xrt 2.21.0 | host docker-runner-5708612c41cc | device NPU Phoenix | pmode default,iron/operators/silu/test.py::test_silu,input_length_8192-num_aie_columns_4-num_channels_1-tile_size_2048,5/5,no,383.44,365.1,226.8,576.4,142.4288348614844,0.095747798,0.08975149,0.0568499,0.1445014,0.03576823149103852,,,,,
79c04e6e05d3d74fa72f6036238edff157dcd94b,2026-10-04 18:12:10,commit 79c04e6e05 | peano 22.0.0+0006955e | mlir_aie 1.4.4.dev73+g18ca6c1 | kernels 5726d482c21a | runtime CachedXRTRuntime | xdna 2.21.0_20260625 | xrt 2.21.0 | host docker-runner-5708612c41cc | device NPU Phoenix | pmode default,iron/operators/silu/test.py::test_silu,input_length_8388608-num_aie_columns_4-num_channels_1-tile_size_4096,5/5,yes,4431.08,4460.3,3887.0,5238.5,520.4235938156532,7.6524224,7.522887,6.405392,8.632511,0.8542659935311715,,,,,
79c04e6e05d3d74fa72f6036238edff157dcd94b,2026-10-04 18:12:10,commit 79c04e6e05 | peano 22.0.0+0006955e | mlir_aie 1.4.4.dev73+g18ca6c1 | kernels 5726d482c21a | runtime CachedXRTRuntime | xdna 2.21.0_20260625 | xrt 2.21.0 | host docker-runner-5708612c41cc | device NPU Phoenix | pmode default,iron/operators/softmax/test.py::test_softmax,input_length_2097152-num_aie_columns_2-num_channels_2-tile_size_512,5/5,yes,2131.48,1976.5,1618.5,3068.7,591.1164200053995,4.154767,4.244066,2.733617,5.182936,1.0052201157249092,,,,,
79c04e6e05d3d74fa72f6036238edff157dcd94b,2026-10-04 18:12:10,commit 79c04e6e05 | peano 22.0.0+0006955e | mlir_aie 1.4.4.dev73+g18ca6c1 | kernels 5726d482c21a | runtime CachedXRTRuntime | xdna 2.21.0_20260625 | xrt 2.21.0 | host docker-runner-5708612c41cc | device NPU Phoenix | pmode default,iron/operators/softmax/test.py::test_softmax,input_length_32768-num_aie_columns_2-num_channels_2-tile_size_1024,5/5,no,365.08,331.6,244.1,471.9,95.95643282240121,0.3807075,0.3952428,0.2777314,0.5369625,0.10524194334097504,,,,,
79c04e6e05d3d74fa72f6036238edff157dcd94b,2026-10-04 18:12:10,commit 79c04e6e05 | peano 22.0.0+0006955e | mlir_aie 1.4.4.dev73+g18ca6c1 | kernels 5726d482c21a | runtime CachedXRTRuntime | xdna 2.21.0_20260625 | xrt 2.21.0 | host docker-runner-5708612c41cc | device NPU Phoenix | pmode default,iron/operators/softmax/test.py::test_softmax,input_length_32768-num_aie_columns_2-num_channels_2-tile_size_2048,5/5,no,524.8199999999999,532.4,471.2,577.6,39.6510025093944,0.25090214,0.2462038,0.2269303,0.2781504,0.019154746035852325,,,,,
79c04e6e05d3d74fa72f6036238edff157dcd94b,2026-10-04 18:12:10,commit 79c04e6e05 | peano 22.0.0+0006955e | mlir_aie 1.4.4.dev73+g18ca6c1 | kernels 5726d482c21a | runtime CachedXRTRuntime | xdna 2.21.0_20260625 | xrt 2.21.0 | host docker-runner-5708612c41cc | device NPU Phoenix | pmode default,iron/operators/softmax/test.py::test_softmax,input_length_32768-num_aie_columns_2-num_channels_2-tile_size_512,5/5,no,566.04,541.5,427.0,769.7,141.72245058564295,0.24289116,0.2420719,0.1702855,0.3069573,0.0573303222711856,,,,,
79c04e6e05d3d74fa72f6036238edff157dcd94b,2026-10-04 18:12:10,commit 79c04e6e05 | peano 22.0.0+0006955e | mlir_aie 1.4.4.dev73+g18ca6c1 | kernels 5726d482c21a | runtime CachedXRTRuntime | xdna 2.21.0_20260625 | xrt 2.21.0 | host docker-runner-5708612c41cc | device NPU Phoenix | pmode default,iron/operators/strided_copy/test.py::test_strided_copy,bench_flat_4mi,5/5,yes,2018.7,2013.2,1337.1,3265.2,764.5584542727913,9.1700144,8.33378,5.138213,12.5476,2.9489227311601938,,,,,
79c04e6e05d3d74fa72f6036238edff157dcd94b,2026-10-04 18:12:10,commit 79c04e6e05 | peano 22.0.0+0006955e | mlir_aie 1.4.4.dev73+g18ca6c1 | kernels 5726d482c21a | runtime CachedXRTRuntime | xdna 2.21.0_20260625 | xrt 2.21.0 | host docker-runner-5708612c41cc | device NPU Phoenix | pmode default,iron/operators/strided_copy/test.py::test_strided_copy,chunked_transfer,5/5,no,413.9,470.4,219.5,586.9,168.70093360737513,0.011645598,0.008707002,0.006979102,0.01865694,0.005435107091486422,,,,,
79c04e6e05d3d74fa72f6036238edff157dcd94b,2026-10-04 18:12:10,commit 79c04e6e05 | peano 22.0.0+0006955e | mlir_aie 1.4.4.dev73+g18ca6c1 | kernels 5726d482c21a | runtime CachedXRTRuntime | xdna 2.21.0_20260625 | xrt 2.21.0 | host docker-runner-5708612c41cc | device NPU Phoenix | pmode default,iron/operators/strided_copy/test.py::test_strided_copy,contiguous,5/5,no,369.6,297.8,273.4,642.7,155.7252548561087,0.012253715,0.0137523,0.006372925,0.0149804,0.0035307078391591676,,,,,
79c04e6e05d3d74fa72f6036238edff157dcd94b,2026-10-04 18:12:10,commit 79c04e6e05 | peano 22.0.0+0006955e | mlir_aie 1.4.4.dev73+g18ca6c1 | kernels 5726d482c21a | runtime CachedXRTRuntime | xdna 2.21.0_20260625 | xrt 2.21.0 | host docker-runner-5708612c41cc | device NPU Phoenix | pmode default,iron/operators/strided_copy/test.py::test_strided_copy,four_channels,5/5,no,362.26,357.5,229.8,492.7,110.57044360949267,0.0122526974,0.01145856,0.008314101,0.01782164,0.0039520426164479545,,,,,
79c04e6e05d3d74fa72f6036238edff157dcd94b,2026-10-04 18:12:10,commit 79c04e6e05 | peano 22.0.0+0006955e | mlir_aie 1.4.4.dev73+g18ca6c1 | kernels 5726d482c21a | runtime CachedXRTRuntime | xdna 2.21.0_20260625 | xrt 2.21.0 | host docker-runner-5708612c41cc | device NPU Phoenix | pmode default,iron/operators/strided_copy/test.py::test_strided_copy,kv_llama_full,5/5,no,323.12,269.1,173.5,529.5,140.46964796709642,7.5249794,7.796838,3.962591,12.09003,3.141335375578482,,,,,
79c04e6e05d3d74fa72f6036238edff157dcd94b,2026-10-04 18:12:10,commit 79c04e6e05 | peano 22.0.0+0006955e | mlir_aie 1.4.4.dev73+g18ca6c1 | kernels 5726d482c21a | runtime CachedXRTRuntime | xdna 2.21.0_20260625 | xrt 2.21.0 | host docker-runner-5708612c41cc | device NPU Phoenix | pmode default,iron/operators/strided_copy/test.py::test_strided_copy,kv_slot0,5/5,no,335.88,296.9,221.3,524.2,126.5889489647497,0.43637048,0.4449205,0.2519872,0.596893,0.14659752365134615,,,,,
79c04e6e05d3d74fa72f6036238edff157dcd94b,2026-10-04 18:12:10,commit 79c04e6e05 | peano 22.0.0+0006955e | mlir_aie 1.4.4.dev73+g18ca6c1 | kernels 5726d482c21a | runtime CachedXRTRuntime | xdna 2.21.0_20260625 | xrt 2.21.0 | host docker-runner-5708612c41cc | device NPU Phoenix | pmode default,iron/operators/strided_copy/test.py::test_strided_copy,kv_slot5,5/5,no,267.0,259.4,199.3,334.8,54.10411259784232,0.51173442,0.5091817,0.3945873,0.6626834,0.10630757043662038,,,,,
79c04e6e05d3d74fa72f6036238edff157dcd94b,2026-10-04 18:12:10,commit 79c04e6e05 | peano 22.0.0+0006955e | mlir_aie 1.4.4.dev73+g18ca6c1 | kernels 5726d482c21a | runtime CachedXRTRuntime | xdna 2.21.0_20260625 | xrt 2.21.0 | host docker-runner-5708612c41cc | device NPU Phoenix | pmode default,iron/operators/strided_copy/test.py::test_strided_copy,kv_slot5_four_channels,5/5,no,335.14,312.5,230.6,459.4,97.22192653923291,0.42150444,0.4226558,0.2875309,0.5727765,0.11977965116219867,,,,,
79c04e6e05d3d74fa72f6036238edff157dcd94b,2026-10-04 18:12:10,commit 79c04e6e05 | peano 22.0.0+0006955e | mlir_aie 1.4.4.dev73+g18ca6c1 | kernels 5726d482c21a | runtime CachedXRTRuntime | xdna 2.21.0_20260625 | xrt 2.21.0 | host docker-runner-5708612c41cc | device NPU Phoenix | pmode default,iron/operators/strided_copy/test.py::test_strided_copy,kv_slot5_two_channels,5/5,no,427.38,436.3,273.8,577.2,114.04243508448951,0.32924058,0.3027419,0.22887,0.4823927,0.0972624674739285,,,,,
79c04e6e05d3d74fa72f6036238edff157dcd94b,2026-10-04 18:12:10,commit 79c04e6e05 | peano 22.0.0+0006955e | mlir_aie 1.4.4.dev73+g18ca6c1 | kernels 5726d482c21a | runtime CachedXRTRuntime | xdna 2.21.0_20260625 | xrt 2.21.0 | host docker-runner-5708612c41cc | device NPU Phoenix | pmode default,iron/operators/strided_copy/test.py::test_strided_copy,kv_slot_last,5/5,no,358.86,300.6,209.7,598.6,155.69008638959644,0.4213966,0.4393885,0.2206686,0.6297933,0.16070070247746274,,,,,
79c04e6e05d3d74fa72f6036238edff157dcd94b,2026-10-04 18:12:10,commit 79c04e6e05 | peano 22.0.0+0006955e | mlir_aie 1.4.4.dev73+g18ca6c1 | kernels 5726d482c21a | runtime CachedXRTRuntime | xdna 2.21.0_20260625 | xrt 2.21.0 | host docker-runner-5708612c41cc | device NPU Phoenix | pmode default,iron/operators/strided_copy/test.py::test_strided_copy,two_channels,5/5,no,379.58,278.4,263.1,545.3,149.51490561144732,0.0121078464,0.01471455,0.007511792,0.01556728,0.004180479940589931,,,,,
79c04e6e05d3d74fa72f6036238edff157dcd94b,2026-10-04 18:12:10,commit 79c04e6e05 | peano 22.0.0+0006955e | mlir_aie 1.4.4.dev73+g18ca6c1 | kernels 5726d482c21a | runtime CachedXRTRuntime | xdna 2.21.0_20260625 | xrt 2.21.0 | host docker-runner-5708612c41cc | device NPU Phoenix | pmode default,iron/operators/strided_copy/test.py::test_strided_copy,two_channels_chunked,5/5,no,348.53999999999996,290.9,264.7,585.0,134.1554061527153,0.0127900856,0.01407812,0.007002188,0.01547482,0.003410352605439326,,,,,
79c04e6e05d3d74fa72f6036238edff157dcd94b,2026-10-04 18:12:10,commit 79c04e6e05 | peano 22.0.0+0006955e | mlir_aie 1.4.4.dev73+g18ca6c1 | kernels 5726d482c21a | runtime CachedXRTRuntime | xdna 2.21.0_20260625 | xrt 2.21.0 | host docker-runner-5708612c41cc | device NPU Phoenix | pmode default,iron/operators/strided_copy/test.py::test_transfer_size_not_dividing_per_channel_share_is_rejected,iter0,1/1,no,,,,,,,,,,,,,,,
79c04e6e05d3d74fa72f6036238edff157dcd94b,2026-10-04 18:12:10,commit 79c04e6e05 | peano 22.0.0+0006955e | mlir_aie 1.4.4.dev73+g18ca6c1 | kernels 5726d482c21a | runtime CachedXRTRuntime | xdna 2.21.0_20260625 | xrt 2.21.0 | host docker-runner-5708612c41cc | device NPU Phoenix | pmode default,iron/operators/strided_copy/test.py::test_transfer_size_not_dividing_per_channel_share_is_rejected,iter1,1/1,no,,,,,,,,,,,,,,,
79c04e6e05d3d74fa72f6036238edff157dcd94b,2026-10-04 18:12:10,commit 79c04e6e05 | peano 22.0.0+0006955e | mlir_aie 1.4.4.dev73+g18ca6c1 | kernels 5726d482c21a | runtime CachedXRTRuntime | xdna 2.21.0_20260625 | xrt 2.21.0 | host docker-runner-5708612c41cc | device NPU Phoenix | pmode default,iron/operators/strided_copy/test.py::test_transfer_size_not_dividing_per_channel_share_is_rejected,iter2,1/1,no,,,,,,,,,,,,,,,
79c04e6e05d3d74fa72f6036238edff157dcd94b,2026-10-04 18:12:10,commit 79c04e6e05 | peano 22.0.0+0006955e | mlir_aie 1.4.4.dev73+g18ca6c1 | kernels 5726d482c21a | runtime CachedXRTRuntime | xdna 2.21.0_20260625 | xrt 2.21.0 | host docker-runner-5708612c41cc | device NPU Phoenix | pmode default,iron/operators/strided_copy/test.py::test_transfer_size_not_dividing_per_channel_share_is_rejected,iter3,1/1,no,,,,,,,,,,,,,,,
79c04e6e05d3d74fa72f6036238edff157dcd94b,2026-10-04 18:12:10,commit 79c04e6e05 | peano 22.0.0+0006955e | mlir_aie 1.4.4.dev73+g18ca6c1 | kernels 5726d482c21a | runtime CachedXRTRuntime | xdna 2.21.0_20260625 | xrt 2.21.0 | host docker-runner-5708612c41cc | device NPU Phoenix | pmode default,iron/operators/strided_copy/test.py::test_transfer_size_not_dividing_per_channel_share_is_rejected,iter4,1/1,no,,,,,,,,,,,,,,,
79c04e6e05d3d74fa72f6036238edff157dcd94b,2026-10-04 18:12:10,commit 79c04e6e05 | peano 22.0.0+0006955e | mlir_aie 1.4.4.dev73+g18ca6c1 | kernels 5726d482c21a | runtime CachedXRTRuntime | xdna 2.21.0_20260625 | xrt 2.21.0 | host docker-runner-5708612c41cc | device NPU Phoenix | pmode default,iron/operators/swiglu_decode/test.py::test_swiglu_decode,embedding_dim_1024-hidden_dim_3584,5/5,yes,8910.672,6099.59,5545.31,20786.99,6645.3707490041525,0.00058,0.0007,0.0002,0.0007,0.000216794833886788,,,,,
79c04e6e05d3d74fa72f6036238edff157dcd94b,2026-10-04 18:12:10,commit 79c04e6e05 | peano 22.0.0+0006955e | mlir_aie 1.4.4.dev73+g18ca6c1 | kernels 5726d482c21a | runtime CachedXRTRuntime | xdna 2.21.0_20260625 | xrt 2.21.0 | host docker-runner-5708612c41cc | device NPU Phoenix | pmode default,iron/operators/swiglu_decode/test.py::test_swiglu_decode,embedding_dim_2048-hidden_dim_2048,5/5,yes,13956.354,12842.77,5479.04,22734.3,8250.824167992552,0.00082,0.0006,0.0004,0.0015,0.0005019960159204453,,,,,
79c04e6e05d3d74fa72f6036238edff157dcd94b,2026-10-04 18:12:10,commit 79c04e6e05 | peano 22.0.0+0006955e | mlir_aie 1.4.4.dev73+g18ca6c1 | kernels 5726d482c21a | runtime CachedXRTRuntime | xdna 2.21.0_20260625 | xrt 2.21.0 | host docker-runner-5708612c41cc | device NPU Phoenix | pmode default,iron/operators/swiglu_prefill/test.py::test_swiglu_prefill,seq_len_256-embedding_dim_2048-hidden_dim_2048-prio_accuracy_False-b_col_maj_False,5/5,yes,22854.192,23254.74,14964.69,30278.66,7128.610358349655,0.09984,0.0902,0.0693,0.1401,0.03272007029332302,,,,,
79c04e6e05d3d74fa72f6036238edff157dcd94b,2026-10-04 18:12:10,commit 79c04e6e05 | peano 22.0.0+0006955e | mlir_aie 1.4.4.dev73+g18ca6c1 | kernels 5726d482c21a | runtime CachedXRTRuntime | xdna 2.21.0_20260625 | xrt 2.21.0 | host docker-runner-5708612c41cc | device NPU Phoenix | pmode default,iron/operators/swiglu_prefill/test.py::test_swiglu_prefill,seq_len_256-embedding_dim_2048-hidden_dim_2048-prio_accuracy_False-b_col_maj_True,5/5,yes,21666.0,24706.41,13158.43,26574.27,5678.2586648108945,0.1038,0.0849,0.0789,0.1594,0.03391268199361412,,,,,
79c04e6e05d3d74fa72f6036238edff157dcd94b,2026-10-04 18:12:10,commit 79c04e6e05 | peano 22.0.0+0006955e | mlir_aie 1.4.4.dev73+g18ca6c1 | kernels 5726d482c21a | runtime CachedXRTRuntime | xdna 2.21.0_20260625 | xrt 2.21.0 | host docker-runner-5708612c41cc | device NPU Phoenix | pmode default,iron/operators/swiglu_prefill/test.py::test_weight_layout_reaches_both_gemms,b_col_maj_False,5/5,no,,,,,,,,,,,,,,,
79c04e6e05d3d74fa72f6036238edff157dcd94b,2026-10-04 18:12:10,commit 79c04e6e05 | peano 22.0.0+0006955e | mlir_aie 1.4.4.dev73+g18ca6c1 | kernels 5726d482c21a | runtime CachedXRTRuntime | xdna 2.21.0_20260625 | xrt 2.21.0 | host docker-runner-5708612c41cc | device NPU Phoenix | pmode default,iron/operators/swiglu_prefill/test.py::test_weight_layout_reaches_both_gemms,b_col_maj_True,5/5,no,,,,,,,,,,,,,,,
79c04e6e05d3d74fa72f6036238edff157dcd94b,2026-10-04 18:12:10,commit 79c04e6e05 | peano 22.0.0+0006955e | mlir_aie 1.4.4.dev73+g18ca6c1 | kernels 5726d482c21a | runtime CachedXRTRuntime | xdna 2.21.0_20260625 | xrt 2.21.0 | host docker-runner-5708612c41cc | device NPU Phoenix | pmode default,iron/operators/tanh/test.py::test_tanh,input_length_1024-num_aie_columns_1-num_channels_1-tile_size_1024,5/5,no,309.4,266.1,196.6,589.3,160.65595227068306,0.0154014826,0.01539381,0.006950513,0.02083312,0.0054273268973790215,,,,,
79c04e6e05d3d74fa72f6036238edff157dcd94b,2026-10-04 18:12:10,commit 79c04e6e05 | peano 22.0.0+0006955e | mlir_aie 1.4.4.dev73+g18ca6c1 | kernels 5726d482c21a | runtime CachedXRTRuntime | xdna 2.21.0_20260625 | xrt 2.21.0 | host docker-runner-5708612c41cc | device NPU Phoenix | pmode default,iron/operators/tanh/test.py::test_tanh,input_length_1024-num_aie_columns_1-num_channels_2-tile_size_512,5/5,no,390.06,316.9,282.0,549.7,126.11143088554664,0.0113523506,0.01292701,0.007451961,0.01452585,0.0033029065228152915,,,,,
79c04e6e05d3d74fa72f6036238edff157dcd94b,2026-10-04 18:12:10,commit 79c04e6e05 | peano 22.0.0+0006955e | mlir_aie 1.4.4.dev73+g18ca6c1 | kernels 5726d482c21a | runtime CachedXRTRuntime | xdna 2.21.0_20260625 | xrt 2.21.0 | host docker-runner-5708612c41cc | device NPU Phoenix | pmode default,iron/operators/tanh/test.py::test_tanh,input_length_1024-num_aie_columns_2-num_channels_1-tile_size_512,5/5,no,439.82,497.8,218.2,566.1,151.1473850253454,0.0106202926,0.008228931,0.007234883,0.0187734,0.004896303324368222,,,,,
79c04e6e05d3d74fa72f6036238edff157dcd94b,2026-10-04 18:12:10,commit 79c04e6e05 | peano 22.0.0+0006955e | mlir_aie 1.4.4.dev73+g18ca6c1 | kernels 5726d482c21a | runtime CachedXRTRuntime | xdna 2.21.0_20260625 | xrt 2.21.0 | host docker-runner-5708612c41cc | device NPU Phoenix | pmode default,iron/operators/tanh/test.py::test_tanh,input_length_1024-num_aie_columns_2-num_channels_2-tile_size_256,5/5,no,347.34,382.0,224.3,506.3,119.72348558240358,0.0130479974,0.01072142,0.008089857,0.01826028,0.004644795991970885,,,,,
79c04e6e05d3d74fa72f6036238edff157dcd94b,2026-10-04 18:12:10,commit 79c04e6e05 | peano 22.0.0+0006955e | mlir_aie 1.4.4.dev73+g18ca6c1 | kernels 5726d482c21a | runtime CachedXRTRuntime | xdna 2.21.0_20260625 | xrt 2.21.0 | host docker-runner-5708612c41cc | device NPU Phoenix | pmode default,iron/operators/tanh/test.py::test_tanh,input_length_1024-num_aie_columns_4-num_channels_1-tile_size_256,5/5,no,530.26,540.9,390.7,729.3,141.54147095462866,0.0081724776,0.007572732,0.005616013,0.01048278,0.002130386544452274,,,,,
79c04e6e05d3d74fa72f6036238edff157dcd94b,2026-10-04 18:12:10,commit 79c04e6e05 | peano 22.0.0+0006955e | mlir_aie 1.4.4.dev73+g18ca6c1 | kernels 5726d482c21a | runtime CachedXRTRuntime | xdna 2.21.0_20260625 | xrt 2.21.0 | host docker-runner-5708612c41cc | device NPU Phoenix | pmode default,iron/operators/tanh/test.py::test_tanh,input_length_1024-num_aie_columns_4-num_channels_2-tile_size_128,5/5,no,413.1,422.5,351.8,483.7,49.92208929922704,0.01003089,0.009694789,0.008467534,0.01164357,0.001205136816528107,,,,,
79c04e6e05d3d74fa72f6036238edff157dcd94b,2026-10-04 18:12:10,commit 79c04e6e05 | peano 22.0.0+0006955e | mlir_aie 1.4.4.dev73+g18ca6c1 | kernels 5726d482c21a | runtime CachedXRTRuntime | xdna 2.21.0_20260625 | xrt 2.21.0 | host docker-runner-5708612c41cc | device NPU Phoenix | pmode default,iron/operators/tanh/test.py::test_tanh,input_length_2048-num_aie_columns_1-num_channels_1-tile_size_2048,5/5,no,666.46,379.4,214.7,1972.1,738.5736137989226,0.0223142348,0.02159347,0.004153924,0.03815841,0.013253217079154975,,,,,
79c04e6e05d3d74fa72f6036238edff157dcd94b,2026-10-04 18:12:10,commit 79c04e6e05 | peano 22.0.0+0006955e | mlir_aie 1.4.4.dev73+g18ca6c1 | kernels 5726d482c21a | runtime CachedXRTRuntime | xdna 2.21.0_20260625 | xrt 2.21.0 | host docker-runner-5708612c41cc | device NPU Phoenix | pmode default,iron/operators/tanh/test.py::test_tanh,input_length_2048-num_aie_columns_1-num_channels_2-tile_size_1024,5/5,no,420.58,436.8,271.5,608.9,140.1439509932555,0.021365768,0.01875278,0.01345386,0.03016967,0.007236761510501089,,,,,
79c04e6e05d3d74fa72f6036238edff157dcd94b,2026-10-04 18:12:10,commit 79c04e6e05 | peano 22.0.0+0006955e | mlir_aie 1.4.4.dev73+g18ca6c1 | kernels 5726d482c21a | runtime CachedXRTRuntime | xdna 2.21.0_20260625 | xrt 2.21.0 | host docker-runner-5708612c41cc | device NPU Phoenix | pmode default,iron/operators/tanh/test.py::test_tanh,input_length_2048-num_aie_columns_2-num_channels_1-tile_size_1024,5/5,no,309.64,274.9,192.2,527.8,127.64201110919554,0.029464438,0.0298035,0.01551974,0.04261739,0.009647441985794472,,,,,
79c04e6e05d3d74fa72f6036238edff157dcd94b,2026-10-04 18:12:10,commit 79c04e6e05 | peano 22.0.0+0006955e | mlir_aie 1.4.4.dev73+g18ca6c1 | kernels 5726d482c21a | runtime CachedXRTRuntime | xdna 2.21.0_20260625 | xrt 2.21.0 | host docker-runner-5708612c41cc | device NPU Phoenix | pmode default,iron/operators/tanh/test.py::test_tanh,input_length_2048-num_aie_columns_2-num_channels_2-tile_size_512,5/5,no,472.5,484.0,223.9,626.7,150.91486010330462,0.019715484000000002,0.01692524,0.01307167,0.0365827,0.009564834641588428,,,,,
79c04e6e05d3d74fa72f6036238edff157dcd94b,2026-10-04 18:12:10,commit 79c04e6e05 | peano 22.0.0+0006955e | mlir_aie 1.4.4.dev73+g18ca6c1 | kernels 5726d482c21a | runtime CachedXRTRuntime | xdna 2.21.0_20260625 | xrt 2.21.0 | host docker-runner-5708612c41cc | device NPU Phoenix | pmode default,iron/operators/tanh/test.py::test_tanh,input_length_2048-num_aie_columns_4-num_channels_1-tile_size_512,5/5,no,610.08,326.6,207.7,1787.2,664.6575035309539,0.0234854244,0.02508459,0.004583622,0.03943562,0.013195977353566002,,,,,
79c04e6e05d3d74fa72f6036238edff157dcd94b,2026-10-04 18:12:10,commit 79c04e6e05 | peano 22.0.0+0006955e | mlir_aie 1.4.4.dev73+g18ca6c1 | kernels 5726d482c21a | runtime CachedXRTRuntime | xdna 2.21.0_20260625 | xrt 2.21.0 | host docker-runner-5708612c41cc | device NPU Phoenix | pmode default,iron/operators/tanh/test.py::test_tanh,input_length_2048-num_aie_columns_4-num_channels_2-tile_size_256,5/5,no,537.46,574.2,380.7,617.5,94.17437549567293,0.015710774,0.01426628,0.01326549,0.02151961,0.0033650459090969333,,,,,
79c04e6e05d3d74fa72f6036238edff157dcd94b,2026-10-04 18:12:10,commit 79c04e6e05 | peano 22.0.0+0006955e | mlir_aie 1.4.4.dev73+g18ca6c1 | kernels 5726d482c21a | runtime CachedXRTRuntime | xdna 2.21.0_20260625 | xrt 2.21.0 | host docker-runner-5708612c41cc | device NPU Phoenix | pmode default,iron/operators/tanh/test.py::test_tanh,input_length_4096-num_aie_columns_1-num_channels_1-tile_size_4096,5/5,no,402.42,269.9,229.3,754.2,231.34244530565508,0.050977209999999995,0.06069317,0.02172256,0.0714457,0.022964316193648138,,,,,
79c04e6e05d3d74fa72f6036238edff157dcd94b,2026-10-04 18:12:10,commit 79c04e6e05 | peano 22.0.0+0006955e | mlir_aie 1.4.4.dev73+g18ca6c1 | kernels 5726d482c21a | runtime CachedXRTRuntime | xdna 2.21.0_20260625 | xrt 2.21.0 | host docker-runner-5708612c41cc | device NPU Phoenix | pmode default,iron/operators/tanh/test.py::test_tanh,input_length_4096-num_aie_columns_1-num_channels_2-tile_size_2048,5/5,no,368.68,303.3,191.6,590.3,171.97243093007668,0.0530138,0.05402429,0.02775345,0.08551996,0.02389530350298046,,,,,
79c04e6e05d3d74fa72f6036238edff157dcd94b,2026-10-04 18:12:10,commit 79c04e6e05 | peano 22.0.0+0006955e | mlir_aie 1.4.4.dev73+g18ca6c1 | kernels 5726d482c21a | runtime CachedXRTRuntime | xdna 2.21.0_20260625 | xrt 2.21.0 | host docker-runner-5708612c41cc | device NPU Phoenix | pmode default,iron/operators/tanh/test.py::test_tanh,input_length_4096-num_aie_columns_2-num_channels_1-tile_size_2048,5/5,no,368.0,346.3,208.2,537.9,129.01899085018454,0.049586158,0.04731267,0.03046021,0.07869281,0.01885505772753083,,,,,
79c04e6e05d3d74fa72f6036238edff157dcd94b,2026-10-04 18:12:10,commit 79c04e6e05 | peano 22.0.0+0006955e | mlir_aie 1.4.4.dev73+g18ca6c1 | kernels 5726d482c21a | runtime CachedXRTRuntime | xdna 2.21.0_20260625 | xrt 2.21.0 | host docker-runner-5708612c41cc | device NPU Phoenix | pmode default,iron/operators/tanh/test.py::test_tanh,input_length_4096-num_aie_columns_2-num_channels_2-tile_size_1024,5/5,no,403.32,321.2,253.6,620.9,165.64693477393416,0.046109678,0.05101602,0.02638712,0.0645988,0.01693744900551497,,,,,
79c04e6e05d3d74fa72f6036238edff157dcd94b,2026-10-04 18:12:10,commit 79c04e6e05 | peano 22.0.0+0006955e | mlir_aie 1.4.4.dev73+g18ca6c1 | kernels 5726d482c21a | runtime CachedXRTRuntime | xdna 2.21.0_20260625 | xrt 2.21.0 | host docker-runner-5708612c41cc | device NPU Phoenix | pmode default,iron/operators/tanh/test.py::test_tanh,input_length_4096-num_aie_columns_4-num_channels_1-tile_size_1024,5/5,no,638.8000000000001,537.7,393.3,1229.4,339.5030706783077,0.030064108,0.03047268,0.01332635,0.04166095,0.010876823845850866,,,,,
79c04e6e05d3d74fa72f6036238edff157dcd94b,2026-10-04 18:12:10,commit 79c04e6e05 | peano 22.0.0+0006955e | mlir_aie 1.4.4.dev73+g18ca6c1 | kernels 5726d482c21a | runtime CachedXRTRuntime | xdna 2.21.0_20260625 | xrt 2.21.0 | host docker-runner-5708612c41cc | device NPU Phoenix | pmode default,iron/operators/tanh/test.py::test_tanh,input_length_4096-num_aie_columns_4-num_channels_2-tile_size_512,5/5,no,502.76,536.5,302.3,577.3,114.45797482045538,0.034588126,0.03053811,0.02838005,0.05419262,0.011031307199875722,,,,,
79c04e6e05d3d74fa72f6036238edff157dcd94b,2026-10-04 18:12:10,commit 79c04e6e05 | peano 22.0.0+0006955e | mlir_aie 1.4.4.dev73+g18ca6c1 | kernels 5726d482c21a | runtime CachedXRTRuntime | xdna 2.21.0_20260625 | xrt 2.21.0 | host docker-runner-5708612c41cc | device NPU Phoenix | pmode default,iron/operators/tanh/test.py::test_tanh,input_length_8192-num_aie_columns_1-num_channels_2-tile_size_4096,5/5,no,388.06,358.0,208.6,572.7,135.29047638322515,0.09447773,0.09153482,0.05721689,0.157053,0.038110569464870236,,,,,
79c04e6e05d3d74fa72f6036238edff157dcd94b,2026-10-04 18:12:10,commit 79c04e6e05 | peano 22.0.0+0006955e | mlir_aie 1.4.4.dev73+g18ca6c1 | kernels 5726d482c21a | runtime CachedXRTRuntime | xdna 2.21.0_20260625 | xrt 2.21.0 | host docker-runner-5708612c41cc | device NPU Phoenix | pmode default,iron/operators/tanh/test.py::test_tanh,input_length_8192-num_aie_columns_2-num_channels_1-tile_size_4096,5/5,no,449.18,483.6,253.4,538.4,111.89777477680242,0.078603108,0.06775427,0.06086147,0.1293353,0.028510946580014133,,,,,
79c04e6e05d3d74fa72f6036238edff157dcd94b,2026-10-04 18:12:10,commit 79c04e6e05 | peano 22.0.0+0006955e | mlir_aie 1.4.4.dev73+g18ca6c1 | kernels 5726d482c21a | runtime CachedXRTRuntime | xdna 2.21.0_20260625 | xrt 2.21.0 | host docker-runner-5708612c41cc | device NPU Phoenix | pmode default,iron/operators/tanh/test.py::test_tanh,input_length_8192-num_aie_columns_2-num_channels_2-tile_size_2048,5/5,no,463.44,506.3,208.0,618.2,154.612137298467,0.081834734,0.06472014,0.0530061,0.1575369,0.04287049940693577,,,,,
79c04e6e05d3d74fa72f6036238edff157dcd94b,2026-10-04 18:12:10,commit 79c04e6e05 | peano 22.0.0+0006955e | mlir_aie 1.4.4.dev73+g18ca6c1 | kernels 5726d482c21a | runtime CachedXRTRuntime | xdna 2.21.0_20260625 | xrt 2.21.0 | host docker-runner-5708612c41cc | device NPU Phoenix | pmode default,iron/operators/tanh/test.py::test_tanh,input_length_8192-num_aie_columns_4-num_channels_1-tile_size_2048,5/5,no,515.64,511.5,383.5,669.4,106.63799979369455,0.06576251,0.06406482,0.04894991,0.08544437,0.013631631609442432,,,,,
79c04e6e05d3d74fa72f6036238edff157dcd94b,2026-10-04 18:12:10,commit 79c04e6e05 | peano 22.0.0+0006955e | mlir_aie 1.4.4.dev73+g18ca6c1 | kernels 5726d482c21a | runtime CachedXRTRuntime | xdna 2.21.0_20260625 | xrt 2.21.0 | host docker-runner-5708612c41cc | device NPU Phoenix | pmode default,iron/operators/tanh/test.py::test_tanh,input_length_8192-num_aie_columns_4-num_channels_2-tile_size_1024,5/5,no,591.38,523.7,377.3,970.5,224.9876707733115,0.060935964,0.06256826,0.03376348,0.08685096,0.019089596666113196,,,,,
79c04e6e05d3d74fa72f6036238edff157dcd94b,2026-10-04 18:12:10,commit 79c04e6e05 | peano 22.0.0+0006955e | mlir_aie 1.4.4.dev73+g18ca6c1 | kernels 5726d482c21a | runtime CachedXRTRuntime | xdna 2.21.0_20260625 | xrt 2.21.0 | host docker-runner-5708612c41cc | device NPU Phoenix | pmode default,iron/operators/tanh/test.py::test_tanh,input_length_8388608-num_aie_columns_4-num_channels_2-tile_size_4096,5/5,yes,2920.62,3218.0,1365.6,4054.1,1189.4880545848284,13.6802288,10.42706,8.276689,24.57086,6.962200725602121,,,,,
79c04e6e05d3d74fa72f6036238edff157dcd94b,2026-10-04 18:12:10,commit 79c04e6e05 | peano 22.0.0+0006955e | mlir_aie 1.4.4.dev73+g18ca6c1 | kernels 5726d482c21a | runtime CachedXRTRuntime | xdna 2.21.0_20260625 | xrt 2.21.0 | host docker-runner-5708612c41cc | device NPU Phoenix | pmode default,iron/operators/transpose/test.py::test_a_dimension_that_floors_to_zero_is_refused_by_name,M_2048-N_128-aie_columns_8-channels_1-m_256-n_32-bad_num_aie_columns,5/5,no,,,,,,,,,,,,,,,
79c04e6e05d3d74fa72f6036238edff157dcd94b,2026-10-04 18:12:10,commit 79c04e6e05 | peano 22.0.0+0006955e | mlir_aie 1.4.4.dev73+g18ca6c1 | kernels 5726d482c21a | runtime CachedXRTRuntime | xdna 2.21.0_20260625 | xrt 2.21.0 | host docker-runner-5708612c41cc | device NPU Phoenix | pmode default,iron/operators/transpose/test.py::test_a_dimension_that_floors_to_zero_is_refused_by_name,M_256-N_2048-aie_columns_1-channels_2-m_256-n_32-bad_num_channels,5/5,no,,,,,,,,,,,,,,,
79c04e6e05d3d74fa72f6036238edff157dcd94b,2026-10-04 18:12:10,commit 79c04e6e05 | peano 22.0.0+0006955e | mlir_aie 1.4.4.dev73+g18ca6c1 | kernels 5726d482c21a | runtime CachedXRTRuntime | xdna 2.21.0_20260625 | xrt 2.21.0 | host docker-runner-5708612c41cc | device NPU Phoenix | pmode default,iron/operators/transpose/test.py::test_a_tiling_that_fits_is_still_accepted,aie_columns_1,5/5,no,,,,,,,,,,,,,,,
79c04e6e05d3d74fa72f6036238edff157dcd94b,2026-10-04 18:12:10,commit 79c04e6e05 | peano 22.0.0+0006955e | mlir_aie 1.4.4.dev73+g18ca6c1 | kernels 5726d482c21a | runtime CachedXRTRuntime | xdna 2.21.0_20260625 | xrt 2.21.0 | host docker-runner-5708612c41cc | device NPU Phoenix | pmode default,iron/operators/transpose/test.py::test_a_tiling_that_fits_is_still_accepted,aie_columns_2,5/5,no,,,,,,,,,,,,,,,
79c04e6e05d3d74fa72f6036238edff157dcd94b,2026-10-04 18:12:10,commit 79c04e6e05 | peano 22.0.0+0006955e | mlir_aie 1.4.4.dev73+g18ca6c1 | kernels 5726d482c21a | runtime CachedXRTRuntime | xdna 2.21.0_20260625 | xrt 2.21.0 | host docker-runner-5708612c41cc | device NPU Phoenix | pmode default,iron/operators/transpose/test.py::test_a_tiling_that_fits_is_still_accepted,aie_columns_4,5/5,no,,,,,,,,,,,,,,,
79c04e6e05d3d74fa72f6036238edff157dcd94b,2026-10-04 18:12:10,commit 79c04e6e05 | peano 22.0.0+0006955e | mlir_aie 1.4.4.dev73+g18ca6c1 | kernels 5726d482c21a | runtime CachedXRTRuntime | xdna 2.21.0_20260625 | xrt 2.21.0 | host docker-runner-5708612c41cc | device NPU Phoenix | pmode default,iron/operators/transpose/test.py::test_transpose,M_2048-N_128-aie_columns_1-channels_1-m_64-n_64-s_8-num_batches_1,5/5,no,485.36,497.2,349.6,678.7,129.3272322444117,2.2813588,2.108767,1.54503,2.998948,0.5794192009958766,,,,,
79c04e6e05d3d74fa72f6036238edff157dcd94b,2026-10-04 18:12:10,commit 79c04e6e05 | peano 22.0.0+0006955e | mlir_aie 1.4.4.dev73+g18ca6c1 | kernels 5726d482c21a | runtime CachedXRTRuntime | xdna 2.21.0_20260625 | xrt 2.21.0 | host docker-runner-5708612c41cc | device NPU Phoenix | pmode default,iron/operators/transpose/test.py::test_transpose,M_2048-N_128-aie_columns_1-channels_2-m_64-n_64-s_8-num_batches_1,5/5,no,793.68,629.2,296.9,1737.5,550.7732764032764,1.8100589999999999,1.666459,0.60349,3.532129,1.0683978777480325,,,,,
79c04e6e05d3d74fa72f6036238edff157dcd94b,2026-10-04 18:12:10,commit 79c04e6e05 | peano 22.0.0+0006955e | mlir_aie 1.4.4.dev73+g18ca6c1 | kernels 5726d482c21a | runtime CachedXRTRuntime | xdna 2.21.0_20260625 | xrt 2.21.0 | host docker-runner-5708612c41cc | device NPU Phoenix | pmode default,iron/operators/transpose/test.py::test_transpose,M_2048-N_128-aie_columns_2-channels_1-m_64-n_64-s_8-num_batches_1,5/5,no,1220.18,634.3,365.1,3596.5,1351.7401292408242,1.6059358,1.653089,0.291558,2.872362,1.002178297491619,,,,,
79c04e6e05d3d74fa72f6036238edff157dcd94b,2026-10-04 18:12:10,commit 79c04e6e05 | peano 22.0.0+0006955e | mlir_aie 1.4.4.dev73+g18ca6c1 | kernels 5726d482c21a | runtime CachedXRTRuntime | xdna 2.21.0_20260625 | xrt 2.21.0 | host docker-runner-5708612c41cc | device NPU Phoenix | pmode default,iron/operators/transpose/test.py::test_transpose,M_2048-N_128-aie_columns_2-channels_2-m_64-n_64-s_8-num_batches_1,5/5,no,456.64,407.0,298.9,674.3,140.99479777637185,2.4678596,2.576506,1.555107,3.50821,0.7217354040888531,,,,,
79c04e6e05d3d74fa72f6036238edff157dcd94b,2026-10-04 18:12:10,commit 79c04e6e05 | peano 22.0.0+0006955e | mlir_aie 1.4.4.dev73+g18ca6c1 | kernels 5726d482c21a | runtime CachedXRTRuntime | xdna 2.21.0_20260625 | xrt 2.21.0 | host docker-runner-5708612c41cc | device NPU Phoenix | pmode default,iron/operators/transpose/test.py::test_transpose,M_2048-N_256-aie_columns_1-channels_1-m_64-n_64-s_8-num_batches_1,5/5,no,1803.26,1015.4,592.9,3481.7,1451.0490181244738,2.01782758,2.065323,0.6023318,3.537073,1.3892559868310959,,,,,
79c04e6e05d3d74fa72f6036238edff157dcd94b,2026-10-04 18:12:10,commit 79c04e6e05 | peano 22.0.0+0006955e | mlir_aie 1.4.4.dev73+g18ca6c1 | kernels 5726d482c21a | runtime CachedXRTRuntime | xdna 2.21.0_20260625 | xrt 2.21.0 | host docker-runner-5708612c41cc | device NPU Phoenix | pmode default,iron/operators/transpose/test.py::test_transpose,M_2048-N_256-aie_columns_1-channels_2-m_64-n_64-s_8-num_batches_1,5/5,no,1166.94,751.4,495.1,2475.6,798.9161363998101,2.44367256,2.791089,0.8471158,4.235541,1.3076359319718802,,,,,
79c04e6e05d3d74fa72f6036238edff157dcd94b,2026-10-04 18:12:10,commit 79c04e6e05 | peano 22.0.0+0006955e | mlir_aie 1.4.4.dev73+g18ca6c1 | kernels 5726d482c21a | runtime CachedXRTRuntime | xdna 2.21.0_20260625 | xrt 2.21.0 | host docker-runner-5708612c41cc | device NPU Phoenix | pmode default,iron/operators/transpose/test.py::test_transpose,M_2048-N_256-aie_columns_2-channels_1-m_64-n_64-s_8-num_batches_1,5/5,no,1925.58,952.7,553.7,3728.4,1560.3841728882026,1.91083872,2.201288,0.5624854,3.787442,1.3602403649919568,,,,,
79c04e6e05d3d74fa72f6036238edff157dcd94b,2026-10-04 18:12:10,commit 79c04e6e05 | peano 22.0.0+0006955e | mlir_aie 1.4.4.dev73+g18ca6c1 | kernels 5726d482c21a | runtime CachedXRTRuntime | xdna 2.21.0_20260625 | xrt 2.21.0 | host docker-runner-5708612c41cc | device NPU Phoenix | pmode default,iron/operators/transpose/test.py::test_transpose,M_2048-N_256-aie_columns_2-channels_2-m_64-n_64-s_8-num_batches_1,5/5,no,630.64,628.3,506.6,844.5,132.7275141031429,3.4329756000000002,3.338021,2.483162,4.139464,0.6470854885031034,,,,,
79c04e6e05d3d74fa72f6036238edff157dcd94b,2026-10-04 18:12:10,commit 79c04e6e05 | peano 22.0.0+0006955e | mlir_aie 1.4.4.dev73+g18ca6c1 | kernels 5726d482c21a | runtime CachedXRTRuntime | xdna 2.21.0_20260625 | xrt 2.21.0 | host docker-runner-5708612c41cc | device NPU Phoenix | pmode default,iron/operators/transpose/test.py::test_transpose,M_2048-N_256-aie_columns_4-channels_1-m_64-n_64-s_8-num_batches_1,5/5,no,1759.1,627.9,489.0,3550.7,1633.6679022983833,2.48169716,3.339728,0.5906269,4.288742,1.7603993581256139,,,,,
79c04e6e05d3d74fa72f6036238edff157dcd94b,2026-10-04 18:12:10,commit 79c04e6e05 | peano 22.0.0+0006955e | mlir_aie 1.4.4.dev73+g18ca6c1 | kernels 5726d482c21a | runtime CachedXRTRuntime | xdna 2.21.0_20260625 | xrt 2.21.0 | host docker-runner-5708612c41cc | device NPU Phoenix | pmode default,iron/operators/transpose/test.py::test_transpose,M_2048-N_256-aie_columns_4-channels_2-m_64-n_64-s_8-num_batches_1,5/5,no,1259.46,687.2,533.8,3488.3,1262.3945928274568,2.68335912,3.051588,0.6011936,3.92884,1.391456407743258,,,,,
79c04e6e05d3d74fa72f6036238edff157dcd94b,2026-10-04 18:12:10,commit 79c04e6e05 | peano 22.0.0+0006955e | mlir_aie 1.4.4.dev73+g18ca6c1 | kernels 5726d482c21a | runtime CachedXRTRuntime | xdna 2.21.0_20260625 | xrt 2.21.0 | host docker-runner-5708612c41cc | device NPU Phoenix | pmode default,iron/operators/transpose/test.py::test_transpose,M_2048-N_512-aie_columns_1-channels_1-m_64-n_64-s_8-num_batches_1,5/5,no,1231.76,1031.3,731.0,2442.7,707.6546989881434,4.13279,4.066884,1.717079,5.737958,1.683565070544201,,,,,
79c04e6e05d3d74fa72f6036238edff157dcd94b,2026-10-04 18:12:10,commit 79c04e6e05 | peano 22.0.0+0006955e | mlir_aie 1.4.4.dev73+g18ca6c1 | kernels 5726d482c21a | runtime CachedXRTRuntime | xdna 2.21.0_20260625 | xrt 2.21.0 | host docker-runner-5708612c41cc | device NPU Phoenix | pmode default,iron/operators/transpose/test.py::test_transpose,M_2048-N_512-aie_columns_1-channels_2-m_64-n_64-s_8-num_batches_1,5/5,no,1837.76,1819.3,469.5,3638.3,1283.256512938859,3.8699163999999997,2.305394,1.152827,8.933288,3.243670116820189,,,,,
79c04e6e05d3d74fa72f6036238edff157dcd94b,2026-10-04 18:12:10,commit 79c04e6e05 | peano 22.0.0+0006955e | mlir_aie 1.4.4.dev73+g18ca6c1 | kernels 5726d482c21a | runtime CachedXRTRuntime | xdna 2.21.0_20260625 | xrt 2.21.0 | host docker-runner-5708612c41cc | device NPU Phoenix | pmode default,iron/operators/transpose/test.py::test_transpose,M_2048-N_512-aie_columns_2-channels_1-m_64-n_64-s_8-num_batches_1,5/5,no,1773.98,1001.4,755.5,3749.6,1293.262624914213,3.4200292,4.188507,1.118608,5.551752,1.9053527936748877,,,,,
79c04e6e05d3d74fa72f6036238edff157dcd94b,2026-10-04 18:12:10,commit 79c04e6e05 | peano 22.0.0+0006955e | mlir_aie 1.4.4.dev73+g18ca6c1 | kernels 5726d482c21a | runtime CachedXRTRuntime | xdna 2.21.0_20260625 | xrt 2.21.0 | host docker-runner-5708612c41cc | device NPU Phoenix | pmode default,iron/operators/transpose/test.py::test_transpose,M_2048-N_512-aie_columns_2-channels_2-m_64-n_64-s_8-num_batches_1,5/5,no,1695.8,1185.4,537.0,3817.8,1304.4620826225653,3.8147414,3.5383,1.098611,7.810622,2.5963119345116836,,,,,
79c04e6e05d3d74fa72f6036238edff157dcd94b,2026-10-04 18:12:10,commit 79c04e6e05 | peano 22.0.0+0006955e | mlir_aie 1.4.4.dev73+g18ca6c1 | kernels 5726d482c21a | runtime CachedXRTRuntime | xdna 2.21.0_20260625 | xrt 2.21.0 | host docker-runner-5708612c41cc | device NPU Phoenix | pmode default,iron/operators/transpose/test.py::test_transpose,M_2048-N_512-aie_columns_4-channels_1-m_64-n_64-s_8-num_batches_1,5/5,no,1476.46,1067.9,568.1,3951.5,1406.4569964986488,4.4998322,3.927508,1.06145,7.382661,2.5022482248490454,,,,,
79c04e6e05d3d74fa72f6036238edff157dcd94b,2026-10-04 18:12:10,commit 79c04e6e05 | peano 22.0.0+0006955e | mlir_aie 1.4.4.dev73+g18ca6c1 | kernels 5726d482c21a | runtime CachedXRTRuntime | xdna 2.21.0_20260625 | xrt 2.21.0 | host docker-runner-5708612c41cc | device NPU Phoenix | pmode default,iron/operators/transpose/test.py::test_transpose,M_2048-N_512-aie_columns_4-channels_2-m_64-n_64-s_8-num_batches_1,5/5,no,1391.96,725.3,560.8,3732.9,1348.6289641706499,4.9395512,5.783133,1.123594,7.479077,2.757412381549539,,,,,
79c04e6e05d3d74fa72f6036238edff157dcd94b,2026-10-04 18:12:10,commit 79c04e6e05 | peano 22.0.0+0006955e | mlir_aie 1.4.4.dev73+g18ca6c1 | kernels 5726d482c21a | runtime CachedXRTRuntime | xdna 2.21.0_20260625 | xrt 2.21.0 | host docker-runner-5708612c41cc | device NPU Phoenix | pmode default,iron/operators/transpose/test.py::test_transpose,M_2048-N_64-aie_columns_1-channels_1-m_64-n_64-s_8-num_batches_1,5/5,no,418.2,342.9,332.8,686.1,151.23828880280286,1.3511254400000001,1.529,0.7641112,1.575404,0.3389309672431364,,,,,
79c04e6e05d3d74fa72f6036238edff157dcd94b,2026-10-04 18:12:10,commit 79c04e6e05 | peano 22.0.0+0006955e | mlir_aie 1.4.4.dev73+g18ca6c1 | kernels 5726d482c21a | runtime CachedXRTRuntime | xdna 2.21.0_20260625 | xrt 2.21.0 | host docker-runner-5708612c41cc | device NPU Phoenix | pmode default,iron/operators/transpose/test.py::test_transpose,M_2048-N_64-aie_columns_1-channels_1-m_64-n_64-s_8-num_batches_2,5/5,no,1771.6599999999999,869.7,555.9,3544.6,1490.431676729933,1.06884608,1.205652,0.2958218,1.886315,0.7347715061494233,,,,,
79c04e6e05d3d74fa72f6036238edff157dcd94b,2026-10-04 18:12:10,commit 79c04e6e05 | peano 22.0.0+0006955e | mlir_aie 1.4.4.dev73+g18ca6c1 | kernels 5726d482c21a | runtime CachedXRTRuntime | xdna 2.21.0_20260625 | xrt 2.21.0 | host docker-runner-5708612c41cc | device NPU Phoenix | pmode default,iron/operators/transpose/test.py::test_transpose,M_2048-N_64-aie_columns_1-channels_1-m_64-n_64-s_8-num_batches_4,5/5,no,1419.6399999999999,1067.3,535.9,3752.2,1333.8904295331006,2.3713695,1.964954,0.5589065,3.913196,1.3874722833336168,,,,,
79c04e6e05d3d74fa72f6036238edff157dcd94b,2026-10-04 18:12:10,commit 79c04e6e05 | peano 22.0.0+0006955e | mlir_aie 1.4.4.dev73+g18ca6c1 | kernels 5726d482c21a | runtime CachedXRTRuntime | xdna 2.21.0_20260625 | xrt 2.21.0 | host docker-runner-5708612c41cc | device NPU Phoenix | pmode default,iron/operators/transpose/test.py::test_transpose,M_2048-N_64-aie_columns_1-channels_2-m_64-n_64-s_8-num_batches_1,5/5,no,377.32,330.1,261.3,500.0,107.45209165018613,1.4816766000000001,1.588121,1.048553,2.006521,0.4095071213261133,,,,,
79c04e6e05d3d74fa72f6036238edff157dcd94b,2026-10-04 18:12:10,commit 79c04e6e05 | peano 22.0.0+0006955e | mlir_aie 1.4.4.dev73+g18ca6c1 | kernels 5726d482c21a | runtime CachedXRTRuntime | xdna 2.21.0_20260625 | xrt 2.21.0 | host docker-runner-5708612c41cc | device NPU Phoenix | pmode default,iron/operators/transpose/test.py::test_transpose,M_64-N_128-aie_columns_1-channels_1-m_64-n_64-s_8-num_batches_1,5/5,no,367.18,435.8,206.6,463.7,116.9209433762831,0.098930018,0.07519391,0.07067369,0.1585761,0.038595623134400486,,,,,
79c04e6e05d3d74fa72f6036238edff157dcd94b,2026-10-04 18:12:10,commit 79c04e6e05 | peano 22.0.0+0006955e | mlir_aie 1.4.4.dev73+g18ca6c1 | kernels 5726d482c21a | runtime CachedXRTRuntime | xdna 2.21.0_20260625 | xrt 2.21.0 | host docker-runner-5708612c41cc | device NPU Phoenix | pmode default,iron/operators/transpose/test.py::test_transpose,M_64-N_128-aie_columns_2-channels_1-m_64-n_64-s_8-num_batches_1,5/5,no,381.2,364.4,196.4,533.1,127.92413767542074,0.09659753,0.0899318,0.06146874,0.1668347,0.04151133860151224,,,,,
79c04e6e05d3d74fa72f6036238edff157dcd94b,2026-10-04 18:12:10,commit 79c04e6e05 | peano 22.0.0+0006955e | mlir_aie 1.4.4.dev73+g18ca6c1 | kernels 5726d482c21a | runtime CachedXRTRuntime | xdna 2.21.0_20260625 | xrt 2.21.0 | host docker-runner-5708612c41cc | device NPU Phoenix | pmode default,iron/operators/transpose/test.py::test_transpose,M_64-N_256-aie_columns_1-channels_1-m_64-n_64-s_8-num_batches_1,5/5,no,310.24,282.7,200.0,528.2,128.73372906895847,0.23552168,0.2317873,0.1240733,0.327603,0.07648671929996737,,,,,
79c04e6e05d3d74fa72f6036238edff157dcd94b,2026-10-04 18:12:10,commit 79c04e6e05 | peano 22.0.0+0006955e | mlir_aie 1.4.4.dev73+g18ca6c1 | kernels 5726d482c21a | runtime CachedXRTRuntime | xdna 2.21.0_20260625 | xrt 2.21.0 | host docker-runner-5708612c41cc | device NPU Phoenix | pmode default,iron/operators/transpose/test.py::test_transpose,M_64-N_256-aie_columns_2-channels_1-m_64-n_64-s_8-num_batches_1,5/5,no,386.2,482.8,205.0,519.8,161.8077254027137,0.2032372,0.135753,0.12607,0.3197252,0.10022699699629337,,,,,
79c04e6e05d3d74fa72f6036238edff157dcd94b,2026-10-04 18:12:10,commit 79c04e6e05 | peano 22.0.0+0006955e | mlir_aie 1.4.4.dev73+g18ca6c1 | kernels 5726d482c21a | runtime CachedXRTRuntime | xdna 2.21.0_20260625 | xrt 2.21.0 | host docker-runner-5708612c41cc | device NPU Phoenix | pmode default,iron/operators/transpose/test.py::test_transpose,M_64-N_256-aie_columns_4-channels_1-m_64-n_64-s_8-num_batches_1,5/5,no,392.86,294.6,275.8,642.5,162.9012829906505,0.1874837,0.2224772,0.1020017,0.2376223,0.06326368347310327,,,,,
79c04e6e05d3d74fa72f6036238edff157dcd94b,2026-10-04 18:12:10,commit 79c04e6e05 | peano 22.0.0+0006955e | mlir_aie 1.4.4.dev73+g18ca6c1 | kernels 5726d482c21a | runtime CachedXRTRuntime | xdna 2.21.0_20260625 | xrt 2.21.0 | host docker-runner-5708612c41cc | device NPU Phoenix | pmode default,iron/operators/transpose/test.py::test_transpose,M_64-N_512-aie_columns_1-channels_1-m_64-n_64-s_8-num_batches_1,5/5,no,464.56,414.7,244.7,888.8,260.0461074501981,0.34898668,0.3160639,0.1474671,0.5355758,0.16075550343489645,,,,,
79c04e6e05d3d74fa72f6036238edff157dcd94b,2026-10-04 18:12:10,commit 79c04e6e05 | peano 22.0.0+0006955e | mlir_aie 1.4.4.dev73+g18ca6c1 | kernels 5726d482c21a | runtime CachedXRTRuntime | xdna 2.21.0_20260625 | xrt 2.21.0 | host docker-runner-5708612c41cc | device NPU Phoenix | pmode default,iron/operators/transpose/test.py::test_transpose,M_64-N_512-aie_columns_2-channels_1-m_64-n_64-s_8-num_batches_1,5/5,no,354.2,314.6,233.9,468.9,100.51589426553393,0.3956111,0.4166015,0.279535,0.5603283,0.1149022811905621,,,,,
79c04e6e05d3d74fa72f6036238edff157dcd94b,2026-10-04 18:12:10,commit 79c04e6e05 | peano 22.0.0+0006955e | mlir_aie 1.4.4.dev73+g18ca6c1 | kernels 5726d482c21a | runtime CachedXRTRuntime | xdna 2.21.0_20260625 | xrt 2.21.0 | host docker-runner-5708612c41cc | device NPU Phoenix | pmode default,iron/operators/transpose/test.py::test_transpose,M_64-N_512-aie_columns_4-channels_1-m_64-n_64-s_8-num_batches_1,5/5,no,525.52,521.6,379.1,637.7,98.71708058892342,0.25748254,0.2512826,0.2055483,0.3457789,0.05436269400979867,,,,,
79c04e6e05d3d74fa72f6036238edff157dcd94b,2026-10-04 18:12:10,commit 79c04e6e05 | peano 22.0.0+0006955e | mlir_aie 1.4.4.dev73+g18ca6c1 | kernels 5726d482c21a | runtime CachedXRTRuntime | xdna 2.21.0_20260625 | xrt 2.21.0 | host docker-runner-5708612c41cc | device NPU Phoenix | pmode default,iron/operators/transpose/test.py::test_transpose,M_64-N_64-aie_columns_1-channels_1-m_64-n_64-s_8-num_batches_1,5/5,no,316.54,307.2,261.1,423.7,63.894780694513685,0.053238636,0.05333715,0.03866641,0.06274005,0.00926223315087026,,,,,
79c04e6e05d3d74fa72f6036238edff157dcd94b,2026-10-04 18:12:10,commit 79c04e6e05 | peano 22.0.0+0006955e | mlir_aie 1.4.4.dev73+g18ca6c1 | kernels 5726d482c21a | runtime CachedXRTRuntime | xdna 2.21.0_20260625 | xrt 2.21.0 | host docker-runner-5708612c41cc | device NPU Phoenix | pmode default,iron/operators/transpose/test.py::test_transpose,M_8192-N_512-aie_columns_4-channels_2-m_64-n_64-s_8-num_batches_1,5/5,yes,3232.32,3173.8,1580.0,4371.7,1082.9317185307668,5.8949728,5.286174,3.837654,10.61827,2.7375881048848822,,,,,
