Commit,Date,Provenance,Test Path,Test,Checks,Bench,Latency (mean),Latency (median),Latency (min),Latency (max),Latency (stddev),Bandwidth (mean),Bandwidth (median),Bandwidth (min),Bandwidth (max),Bandwidth (stddev),Throughput (mean),Throughput (median),Throughput (min),Throughput (max),Throughput (stddev)
416c53de436a8336898b5be313cb6d3100ba3795,2026-10-03 08:22:18,commit 416c53de43 | peano 22.0.0+0006955e | mlir_aie 1.4.4.dev73+g18ca6c1 | kernels 5726d482c21a | runtime CachedXRTRuntime | xdna 2.21.0_20260625 | xrt 2.21.0 | host docker-runner-6aa540df4097 | device NPU Krackan 1 | pmode default,iron/operators/axpy/test.py::test_axpy,input_length_1024-num_aie_columns_1-tile_size_1024-scalar_factor_1.003,5/5,no,153.48,145.9,135.1,199.4,26.24475185632358,0.040835768,0.04212027,0.03081244,0.0454818,0.005846694444151328,,,,,
416c53de436a8336898b5be313cb6d3100ba3795,2026-10-03 08:22:18,commit 416c53de43 | peano 22.0.0+0006955e | mlir_aie 1.4.4.dev73+g18ca6c1 | kernels 5726d482c21a | runtime CachedXRTRuntime | xdna 2.21.0_20260625 | xrt 2.21.0 | host docker-runner-6aa540df4097 | device NPU Krackan 1 | pmode default,iron/operators/axpy/test.py::test_axpy,input_length_1024-num_aie_columns_1-tile_size_1024-scalar_factor_10.0,5/5,no,185.0,176.1,164.5,211.5,19.4994871727438,0.033501962,0.03489204,0.02905198,0.03735113,0.0034212268594204626,,,,,
416c53de436a8336898b5be313cb6d3100ba3795,2026-10-03 08:22:18,commit 416c53de43 | peano 22.0.0+0006955e | mlir_aie 1.4.4.dev73+g18ca6c1 | kernels 5726d482c21a | runtime CachedXRTRuntime | xdna 2.21.0_20260625 | xrt 2.21.0 | host docker-runner-6aa540df4097 | device NPU Krackan 1 | pmode default,iron/operators/axpy/test.py::test_axpy,input_length_1024-num_aie_columns_1-tile_size_1024-scalar_factor_3.0,5/5,no,160.06,151.0,145.0,201.1,23.38980547161519,0.038956818,0.04069494,0.03054543,0.04238235,0.00486098529579858,,,,,
416c53de436a8336898b5be313cb6d3100ba3795,2026-10-03 08:22:18,commit 416c53de43 | peano 22.0.0+0006955e | mlir_aie 1.4.4.dev73+g18ca6c1 | kernels 5726d482c21a | runtime CachedXRTRuntime | xdna 2.21.0_20260625 | xrt 2.21.0 | host docker-runner-6aa540df4097 | device NPU Krackan 1 | pmode default,iron/operators/axpy/test.py::test_axpy,input_length_1024-num_aie_columns_2-tile_size_512-scalar_factor_1.003,5/5,no,165.3,173.9,127.5,193.0,25.18938268398017,0.03794045,0.03533228,0.03182628,0.0481871,0.006397861977184252,,,,,
416c53de436a8336898b5be313cb6d3100ba3795,2026-10-03 08:22:18,commit 416c53de43 | peano 22.0.0+0006955e | mlir_aie 1.4.4.dev73+g18ca6c1 | kernels 5726d482c21a | runtime CachedXRTRuntime | xdna 2.21.0_20260625 | xrt 2.21.0 | host docker-runner-6aa540df4097 | device NPU Krackan 1 | pmode default,iron/operators/axpy/test.py::test_axpy,input_length_1024-num_aie_columns_2-tile_size_512-scalar_factor_10.0,5/5,no,156.44,160.6,133.1,173.9,17.10973407157458,0.03966911,0.03825963,0.03533228,0.04614899,0.004529400033950412,,,,,
416c53de436a8336898b5be313cb6d3100ba3795,2026-10-03 08:22:18,commit 416c53de43 | peano 22.0.0+0006955e | mlir_aie 1.4.4.dev73+g18ca6c1 | kernels 5726d482c21a | runtime CachedXRTRuntime | xdna 2.21.0_20260625 | xrt 2.21.0 | host docker-runner-6aa540df4097 | device NPU Krackan 1 | pmode default,iron/operators/axpy/test.py::test_axpy,input_length_1024-num_aie_columns_2-tile_size_512-scalar_factor_3.0,5/5,no,169.86,171.9,145.9,202.0,21.43765378953583,0.036617424,0.03574233,0.03041659,0.04210007,0.004461096817037264,,,,,
416c53de436a8336898b5be313cb6d3100ba3795,2026-10-03 08:22:18,commit 416c53de43 | peano 22.0.0+0006955e | mlir_aie 1.4.4.dev73+g18ca6c1 | kernels 5726d482c21a | runtime CachedXRTRuntime | xdna 2.21.0_20260625 | xrt 2.21.0 | host docker-runner-6aa540df4097 | device NPU Krackan 1 | pmode default,iron/operators/axpy/test.py::test_axpy,input_length_1024-num_aie_columns_4-tile_size_256-scalar_factor_1.003,5/5,no,207.22,196.2,185.4,249.8,25.482778498429095,0.029977786000000003,0.03131115,0.02459804,0.03314756,0.003327159663659079,,,,,
416c53de436a8336898b5be313cb6d3100ba3795,2026-10-03 08:22:18,commit 416c53de43 | peano 22.0.0+0006955e | mlir_aie 1.4.4.dev73+g18ca6c1 | kernels 5726d482c21a | runtime CachedXRTRuntime | xdna 2.21.0_20260625 | xrt 2.21.0 | host docker-runner-6aa540df4097 | device NPU Krackan 1 | pmode default,iron/operators/axpy/test.py::test_axpy,input_length_1024-num_aie_columns_4-tile_size_256-scalar_factor_10.0,5/5,no,187.06,191.1,155.7,215.9,21.953883483338437,0.03321802,0.03214667,0.02845353,0.03944859,0.004053591100653838,,,,,
416c53de436a8336898b5be313cb6d3100ba3795,2026-10-03 08:22:18,commit 416c53de43 | peano 22.0.0+0006955e | mlir_aie 1.4.4.dev73+g18ca6c1 | kernels 5726d482c21a | runtime CachedXRTRuntime | xdna 2.21.0_20260625 | xrt 2.21.0 | host docker-runner-6aa540df4097 | device NPU Krackan 1 | pmode default,iron/operators/axpy/test.py::test_axpy,input_length_1024-num_aie_columns_4-tile_size_256-scalar_factor_3.0,5/5,no,191.32,192.3,150.7,224.3,27.006702871694657,0.032675928,0.03195739,0.02738725,0.04077596,0.005010492544747473,,,,,
416c53de436a8336898b5be313cb6d3100ba3795,2026-10-03 08:22:18,commit 416c53de43 | peano 22.0.0+0006955e | mlir_aie 1.4.4.dev73+g18ca6c1 | kernels 5726d482c21a | runtime CachedXRTRuntime | xdna 2.21.0_20260625 | xrt 2.21.0 | host docker-runner-6aa540df4097 | device NPU Krackan 1 | pmode default,iron/operators/axpy/test.py::test_axpy,input_length_1024-num_aie_columns_8-tile_size_128-scalar_factor_1.003,5/5,no,190.02,177.3,144.8,249.8,42.26229998473817,0.033580026,0.03465372,0.02459213,0.04242332,0.007112512157724582,,,,,
416c53de436a8336898b5be313cb6d3100ba3795,2026-10-03 08:22:18,commit 416c53de43 | peano 22.0.0+0006955e | mlir_aie 1.4.4.dev73+g18ca6c1 | kernels 5726d482c21a | runtime CachedXRTRuntime | xdna 2.21.0_20260625 | xrt 2.21.0 | host docker-runner-6aa540df4097 | device NPU Krackan 1 | pmode default,iron/operators/axpy/test.py::test_axpy,input_length_1024-num_aie_columns_8-tile_size_128-scalar_factor_10.0,5/5,no,235.26,222.8,192.7,312.1,45.36598946347364,0.0267937,0.02757828,0.01968379,0.03187598,0.004461044392745941,,,,,
416c53de436a8336898b5be313cb6d3100ba3795,2026-10-03 08:22:18,commit 416c53de43 | peano 22.0.0+0006955e | mlir_aie 1.4.4.dev73+g18ca6c1 | kernels 5726d482c21a | runtime CachedXRTRuntime | xdna 2.21.0_20260625 | xrt 2.21.0 | host docker-runner-6aa540df4097 | device NPU Krackan 1 | pmode default,iron/operators/axpy/test.py::test_axpy,input_length_1024-num_aie_columns_8-tile_size_128-scalar_factor_3.0,5/5,no,215.58,209.0,185.6,246.5,26.478614012066416,0.028844604,0.02939741,0.02492697,0.03310273,0.0035095434825315945,,,,,
416c53de436a8336898b5be313cb6d3100ba3795,2026-10-03 08:22:18,commit 416c53de43 | peano 22.0.0+0006955e | mlir_aie 1.4.4.dev73+g18ca6c1 | kernels 5726d482c21a | runtime CachedXRTRuntime | xdna 2.21.0_20260625 | xrt 2.21.0 | host docker-runner-6aa540df4097 | device NPU Krackan 1 | pmode default,iron/operators/axpy/test.py::test_axpy,input_length_2048-num_aie_columns_1-tile_size_2048-scalar_factor_1.003,5/5,no,181.26,177.0,135.9,261.9,49.71883948766301,0.07145623,0.0694406,0.04691527,0.09040679,0.017062794923521467,,,,,
416c53de436a8336898b5be313cb6d3100ba3795,2026-10-03 08:22:18,commit 416c53de43 | peano 22.0.0+0006955e | mlir_aie 1.4.4.dev73+g18ca6c1 | kernels 5726d482c21a | runtime CachedXRTRuntime | xdna 2.21.0_20260625 | xrt 2.21.0 | host docker-runner-6aa540df4097 | device NPU Krackan 1 | pmode default,iron/operators/axpy/test.py::test_axpy,input_length_2048-num_aie_columns_1-tile_size_2048-scalar_factor_10.0,5/5,no,166.48,165.2,116.4,206.7,32.89676275866669,0.076519506,0.07437581,0.05945912,0.1056015,0.01742408800240001,,,,,
416c53de436a8336898b5be313cb6d3100ba3795,2026-10-03 08:22:18,commit 416c53de43 | peano 22.0.0+0006955e | mlir_aie 1.4.4.dev73+g18ca6c1 | kernels 5726d482c21a | runtime CachedXRTRuntime | xdna 2.21.0_20260625 | xrt 2.21.0 | host docker-runner-6aa540df4097 | device NPU Krackan 1 | pmode default,iron/operators/axpy/test.py::test_axpy,input_length_2048-num_aie_columns_1-tile_size_2048-scalar_factor_3.0,5/5,no,165.64,169.5,117.9,212.6,34.54385618311887,0.077009864,0.07249002,0.05779732,0.104246,0.017275219943139075,,,,,
416c53de436a8336898b5be313cb6d3100ba3795,2026-10-03 08:22:18,commit 416c53de43 | peano 22.0.0+0006955e | mlir_aie 1.4.4.dev73+g18ca6c1 | kernels 5726d482c21a | runtime CachedXRTRuntime | xdna 2.21.0_20260625 | xrt 2.21.0 | host docker-runner-6aa540df4097 | device NPU Krackan 1 | pmode default,iron/operators/axpy/test.py::test_axpy,input_length_2048-num_aie_columns_2-tile_size_1024-scalar_factor_1.003,5/5,no,161.38,156.2,142.3,185.6,17.186535427479264,0.07681526799999999,0.07865931,0.06621974,0.08634003,0.007947475935579797,,,,,
416c53de436a8336898b5be313cb6d3100ba3795,2026-10-03 08:22:18,commit 416c53de43 | peano 22.0.0+0006955e | mlir_aie 1.4.4.dev73+g18ca6c1 | kernels 5726d482c21a | runtime CachedXRTRuntime | xdna 2.21.0_20260625 | xrt 2.21.0 | host docker-runner-6aa540df4097 | device NPU Krackan 1 | pmode default,iron/operators/axpy/test.py::test_axpy,input_length_2048-num_aie_columns_2-tile_size_1024-scalar_factor_10.0,5/5,no,168.08,171.1,132.9,190.5,21.529561073092037,0.074205346,0.07179835,0.06450292,0.09246537,0.010746610785514196,,,,,
416c53de436a8336898b5be313cb6d3100ba3795,2026-10-03 08:22:18,commit 416c53de43 | peano 22.0.0+0006955e | mlir_aie 1.4.4.dev73+g18ca6c1 | kernels 5726d482c21a | runtime CachedXRTRuntime | xdna 2.21.0_20260625 | xrt 2.21.0 | host docker-runner-6aa540df4097 | device NPU Krackan 1 | pmode default,iron/operators/axpy/test.py::test_axpy,input_length_2048-num_aie_columns_2-tile_size_1024-scalar_factor_3.0,5/5,no,172.32,163.6,151.1,197.3,22.286812244015522,0.072257738,0.07512334,0.06228521,0.08134678,0.00907438317024744,,,,,
416c53de436a8336898b5be313cb6d3100ba3795,2026-10-03 08:22:18,commit 416c53de43 | peano 22.0.0+0006955e | mlir_aie 1.4.4.dev73+g18ca6c1 | kernels 5726d482c21a | runtime CachedXRTRuntime | xdna 2.21.0_20260625 | xrt 2.21.0 | host docker-runner-6aa540df4097 | device NPU Krackan 1 | pmode default,iron/operators/axpy/test.py::test_axpy,input_length_2048-num_aie_columns_4-tile_size_512-scalar_factor_1.003,5/5,no,209.04,195.2,145.0,312.4,63.79144143221721,0.06276264,0.06295985,0.03932978,0.08472321,0.016836760375236976,,,,,
416c53de436a8336898b5be313cb6d3100ba3795,2026-10-03 08:22:18,commit 416c53de43 | peano 22.0.0+0006955e | mlir_aie 1.4.4.dev73+g18ca6c1 | kernels 5726d482c21a | runtime CachedXRTRuntime | xdna 2.21.0_20260625 | xrt 2.21.0 | host docker-runner-6aa540df4097 | device NPU Krackan 1 | pmode default,iron/operators/axpy/test.py::test_axpy,input_length_2048-num_aie_columns_4-tile_size_512-scalar_factor_10.0,5/5,no,187.35999999999999,184.2,172.2,207.4,13.004922145095684,0.065834586,0.06672785,0.05925497,0.07134687,0.0044375842550964635,,,,,
416c53de436a8336898b5be313cb6d3100ba3795,2026-10-03 08:22:18,commit 416c53de43 | peano 22.0.0+0006955e | mlir_aie 1.4.4.dev73+g18ca6c1 | kernels 5726d482c21a | runtime CachedXRTRuntime | xdna 2.21.0_20260625 | xrt 2.21.0 | host docker-runner-6aa540df4097 | device NPU Krackan 1 | pmode default,iron/operators/axpy/test.py::test_axpy,input_length_2048-num_aie_columns_4-tile_size_512-scalar_factor_3.0,5/5,no,190.58,186.9,158.3,222.8,24.122126771907983,0.065323942,0.06575835,0.05516127,0.07760956,0.008407237525398575,,,,,
416c53de436a8336898b5be313cb6d3100ba3795,2026-10-03 08:22:18,commit 416c53de43 | peano 22.0.0+0006955e | mlir_aie 1.4.4.dev73+g18ca6c1 | kernels 5726d482c21a | runtime CachedXRTRuntime | xdna 2.21.0_20260625 | xrt 2.21.0 | host docker-runner-6aa540df4097 | device NPU Krackan 1 | pmode default,iron/operators/axpy/test.py::test_axpy,input_length_2048-num_aie_columns_8-tile_size_256-scalar_factor_1.003,5/5,no,185.9,204.6,142.8,218.8,38.95908109799306,0.068698398,0.06006452,0.05617192,0.08606127,0.01545135298021568,,,,,
416c53de436a8336898b5be313cb6d3100ba3795,2026-10-03 08:22:18,commit 416c53de43 | peano 22.0.0+0006955e | mlir_aie 1.4.4.dev73+g18ca6c1 | kernels 5726d482c21a | runtime CachedXRTRuntime | xdna 2.21.0_20260625 | xrt 2.21.0 | host docker-runner-6aa540df4097 | device NPU Krackan 1 | pmode default,iron/operators/axpy/test.py::test_axpy,input_length_2048-num_aie_columns_8-tile_size_256-scalar_factor_10.0,5/5,no,210.9,209.8,165.4,262.5,34.82168864371744,0.059555494,0.05857007,0.04681678,0.07431284,0.00987238499795161,,,,,
416c53de436a8336898b5be313cb6d3100ba3795,2026-10-03 08:22:18,commit 416c53de43 | peano 22.0.0+0006955e | mlir_aie 1.4.4.dev73+g18ca6c1 | kernels 5726d482c21a | runtime CachedXRTRuntime | xdna 2.21.0_20260625 | xrt 2.21.0 | host docker-runner-6aa540df4097 | device NPU Krackan 1 | pmode default,iron/operators/axpy/test.py::test_axpy,input_length_2048-num_aie_columns_8-tile_size_256-scalar_factor_3.0,5/5,no,195.34,210.1,131.6,216.5,35.97558894583938,0.065233772,0.05848365,0.05674912,0.09340864,0.015810717761252018,,,,,
416c53de436a8336898b5be313cb6d3100ba3795,2026-10-03 08:22:18,commit 416c53de43 | peano 22.0.0+0006955e | mlir_aie 1.4.4.dev73+g18ca6c1 | kernels 5726d482c21a | runtime CachedXRTRuntime | xdna 2.21.0_20260625 | xrt 2.21.0 | host docker-runner-6aa540df4097 | device NPU Krackan 1 | pmode default,iron/operators/axpy/test.py::test_axpy,input_length_4096-num_aie_columns_1-tile_size_4096-scalar_factor_1.003,5/5,no,164.2,162.7,138.8,184.1,19.178112524437847,0.15138498,0.1510315,0.1335282,0.1770937,0.018168474053618253,,,,,
416c53de436a8336898b5be313cb6d3100ba3795,2026-10-03 08:22:18,commit 416c53de43 | peano 22.0.0+0006955e | mlir_aie 1.4.4.dev73+g18ca6c1 | kernels 5726d482c21a | runtime CachedXRTRuntime | xdna 2.21.0_20260625 | xrt 2.21.0 | host docker-runner-6aa540df4097 | device NPU Krackan 1 | pmode default,iron/operators/axpy/test.py::test_axpy,input_length_4096-num_aie_columns_1-tile_size_4096-scalar_factor_10.0,5/5,no,210.06,199.5,124.9,339.3,79.39353248218649,0.129742206,0.1231935,0.07243233,0.1967686,0.04494893613648358,,,,,
416c53de436a8336898b5be313cb6d3100ba3795,2026-10-03 08:22:18,commit 416c53de43 | peano 22.0.0+0006955e | mlir_aie 1.4.4.dev73+g18ca6c1 | kernels 5726d482c21a | runtime CachedXRTRuntime | xdna 2.21.0_20260625 | xrt 2.21.0 | host docker-runner-6aa540df4097 | device NPU Krackan 1 | pmode default,iron/operators/axpy/test.py::test_axpy,input_length_4096-num_aie_columns_1-tile_size_4096-scalar_factor_3.0,5/5,no,152.64,150.0,126.1,201.6,29.475294739832542,0.1652897,0.1638444,0.1219265,0.1948466,0.0279448155909106,,,,,
416c53de436a8336898b5be313cb6d3100ba3795,2026-10-03 08:22:18,commit 416c53de43 | peano 22.0.0+0006955e | mlir_aie 1.4.4.dev73+g18ca6c1 | kernels 5726d482c21a | runtime CachedXRTRuntime | xdna 2.21.0_20260625 | xrt 2.21.0 | host docker-runner-6aa540df4097 | device NPU Krackan 1 | pmode default,iron/operators/axpy/test.py::test_axpy,input_length_4096-num_aie_columns_2-tile_size_2048-scalar_factor_1.003,5/5,no,168.56,173.0,146.3,185.3,17.233920041592395,0.14706306,0.1420907,0.132611,0.1679962,0.015541379322408937,,,,,
416c53de436a8336898b5be313cb6d3100ba3795,2026-10-03 08:22:18,commit 416c53de43 | peano 22.0.0+0006955e | mlir_aie 1.4.4.dev73+g18ca6c1 | kernels 5726d482c21a | runtime CachedXRTRuntime | xdna 2.21.0_20260625 | xrt 2.21.0 | host docker-runner-6aa540df4097 | device NPU Krackan 1 | pmode default,iron/operators/axpy/test.py::test_axpy,input_length_4096-num_aie_columns_2-tile_size_2048-scalar_factor_10.0,5/5,no,164.96,163.4,151.7,185.2,12.405764789000314,0.14961538,0.1503653,0.1326761,0.1620478,0.010729220104322588,,,,,
416c53de436a8336898b5be313cb6d3100ba3795,2026-10-03 08:22:18,commit 416c53de43 | peano 22.0.0+0006955e | mlir_aie 1.4.4.dev73+g18ca6c1 | kernels 5726d482c21a | runtime CachedXRTRuntime | xdna 2.21.0_20260625 | xrt 2.21.0 | host docker-runner-6aa540df4097 | device NPU Krackan 1 | pmode default,iron/operators/axpy/test.py::test_axpy,input_length_4096-num_aie_columns_2-tile_size_2048-scalar_factor_3.0,5/5,no,176.76,167.3,144.8,227.5,31.766460300134163,0.14236015999999999,0.1469074,0.1080297,0.1697765,0.023272288094276415,,,,,
416c53de436a8336898b5be313cb6d3100ba3795,2026-10-03 08:22:18,commit 416c53de43 | peano 22.0.0+0006955e | mlir_aie 1.4.4.dev73+g18ca6c1 | kernels 5726d482c21a | runtime CachedXRTRuntime | xdna 2.21.0_20260625 | xrt 2.21.0 | host docker-runner-6aa540df4097 | device NPU Krackan 1 | pmode default,iron/operators/axpy/test.py::test_axpy,input_length_4096-num_aie_columns_4-tile_size_1024-scalar_factor_1.003,5/5,no,162.98,166.1,147.5,169.5,8.836119057595363,0.15118012,0.1479528,0.1449715,0.1666497,0.008792647274399224,,,,,
416c53de436a8336898b5be313cb6d3100ba3795,2026-10-03 08:22:18,commit 416c53de43 | peano 22.0.0+0006955e | mlir_aie 1.4.4.dev73+g18ca6c1 | kernels 5726d482c21a | runtime CachedXRTRuntime | xdna 2.21.0_20260625 | xrt 2.21.0 | host docker-runner-6aa540df4097 | device NPU Krackan 1 | pmode default,iron/operators/axpy/test.py::test_axpy,input_length_4096-num_aie_columns_4-tile_size_1024-scalar_factor_10.0,5/5,no,168.2,168.0,154.0,183.5,10.524020144412495,0.14656692,0.1462857,0.1339073,0.1596228,0.009167744589156049,,,,,
416c53de436a8336898b5be313cb6d3100ba3795,2026-10-03 08:22:18,commit 416c53de43 | peano 22.0.0+0006955e | mlir_aie 1.4.4.dev73+g18ca6c1 | kernels 5726d482c21a | runtime CachedXRTRuntime | xdna 2.21.0_20260625 | xrt 2.21.0 | host docker-runner-6aa540df4097 | device NPU Krackan 1 | pmode default,iron/operators/axpy/test.py::test_axpy,input_length_4096-num_aie_columns_4-tile_size_1024-scalar_factor_3.0,5/5,no,173.04,168.5,147.3,216.6,28.733656224017153,0.1449911,0.1458508,0.1134767,0.1668205,0.02247933583860965,,,,,
416c53de436a8336898b5be313cb6d3100ba3795,2026-10-03 08:22:18,commit 416c53de43 | peano 22.0.0+0006955e | mlir_aie 1.4.4.dev73+g18ca6c1 | kernels 5726d482c21a | runtime CachedXRTRuntime | xdna 2.21.0_20260625 | xrt 2.21.0 | host docker-runner-6aa540df4097 | device NPU Krackan 1 | pmode default,iron/operators/axpy/test.py::test_axpy,input_length_4096-num_aie_columns_8-tile_size_512-scalar_factor_1.003,5/5,no,195.82,195.5,173.2,213.9,17.80497121592731,0.12635396,0.1256937,0.1148905,0.1419183,0.01167892304743892,,,,,
416c53de436a8336898b5be313cb6d3100ba3795,2026-10-03 08:22:18,commit 416c53de43 | peano 22.0.0+0006955e | mlir_aie 1.4.4.dev73+g18ca6c1 | kernels 5726d482c21a | runtime CachedXRTRuntime | xdna 2.21.0_20260625 | xrt 2.21.0 | host docker-runner-6aa540df4097 | device NPU Krackan 1 | pmode default,iron/operators/axpy/test.py::test_axpy,input_length_4096-num_aie_columns_8-tile_size_512-scalar_factor_10.0,5/5,no,231.06,233.2,197.5,259.1,26.619785874420558,0.107524152,0.1053751,0.09485727,0.1244443,0.012690742614534817,,,,,
416c53de436a8336898b5be313cb6d3100ba3795,2026-10-03 08:22:18,commit 416c53de43 | peano 22.0.0+0006955e | mlir_aie 1.4.4.dev73+g18ca6c1 | kernels 5726d482c21a | runtime CachedXRTRuntime | xdna 2.21.0_20260625 | xrt 2.21.0 | host docker-runner-6aa540df4097 | device NPU Krackan 1 | pmode default,iron/operators/axpy/test.py::test_axpy,input_length_4096-num_aie_columns_8-tile_size_512-scalar_factor_3.0,5/5,no,194.38,199.1,136.8,248.4,45.84824969396323,0.132638154,0.1234665,0.09892007,0.1797004,0.0332426488615014,,,,,
416c53de436a8336898b5be313cb6d3100ba3795,2026-10-03 08:22:18,commit 416c53de43 | peano 22.0.0+0006955e | mlir_aie 1.4.4.dev73+g18ca6c1 | kernels 5726d482c21a | runtime CachedXRTRuntime | xdna 2.21.0_20260625 | xrt 2.21.0 | host docker-runner-6aa540df4097 | device NPU Krackan 1 | pmode default,iron/operators/axpy/test.py::test_axpy,input_length_8192-num_aie_columns_1-tile_size_8192-scalar_factor_1.003,5/5,no,168.98,175.9,131.4,215.7,35.3797540975061,0.30139058,0.2793759,0.2278287,0.3741209,0.0634808125166337,,,,,
416c53de436a8336898b5be313cb6d3100ba3795,2026-10-03 08:22:18,commit 416c53de43 | peano 22.0.0+0006955e | mlir_aie 1.4.4.dev73+g18ca6c1 | kernels 5726d482c21a | runtime CachedXRTRuntime | xdna 2.21.0_20260625 | xrt 2.21.0 | host docker-runner-6aa540df4097 | device NPU Krackan 1 | pmode default,iron/operators/axpy/test.py::test_axpy,input_length_8192-num_aie_columns_1-tile_size_8192-scalar_factor_10.0,5/5,no,161.22,172.9,127.0,190.6,28.313018207178125,0.3130153,0.2842964,0.2578493,0.3870175,0.058132419640721994,,,,,
416c53de436a8336898b5be313cb6d3100ba3795,2026-10-03 08:22:18,commit 416c53de43 | peano 22.0.0+0006955e | mlir_aie 1.4.4.dev73+g18ca6c1 | kernels 5726d482c21a | runtime CachedXRTRuntime | xdna 2.21.0_20260625 | xrt 2.21.0 | host docker-runner-6aa540df4097 | device NPU Krackan 1 | pmode default,iron/operators/axpy/test.py::test_axpy,input_length_8192-num_aie_columns_1-tile_size_8192-scalar_factor_3.0,5/5,no,156.74,158.0,135.1,177.6,15.346921515404972,0.31604328,0.3110276,0.2768222,0.3637736,0.031600455705131834,,,,,
416c53de436a8336898b5be313cb6d3100ba3795,2026-10-03 08:22:18,commit 416c53de43 | peano 22.0.0+0006955e | mlir_aie 1.4.4.dev73+g18ca6c1 | kernels 5726d482c21a | runtime CachedXRTRuntime | xdna 2.21.0_20260625 | xrt 2.21.0 | host docker-runner-6aa540df4097 | device NPU Krackan 1 | pmode default,iron/operators/axpy/test.py::test_axpy,input_length_8192-num_aie_columns_2-tile_size_4096-scalar_factor_1.003,5/5,no,159.78,155.8,131.3,193.0,23.734932062257936,0.31303366,0.3154672,0.2546366,0.3743773,0.04589634314984148,,,,,
416c53de436a8336898b5be313cb6d3100ba3795,2026-10-03 08:22:18,commit 416c53de43 | peano 22.0.0+0006955e | mlir_aie 1.4.4.dev73+g18ca6c1 | kernels 5726d482c21a | runtime CachedXRTRuntime | xdna 2.21.0_20260625 | xrt 2.21.0 | host docker-runner-6aa540df4097 | device NPU Krackan 1 | pmode default,iron/operators/axpy/test.py::test_axpy,input_length_8192-num_aie_columns_2-tile_size_4096-scalar_factor_10.0,5/5,no,152.72,161.8,129.9,172.0,20.394288416122787,0.32667456,0.3038613,0.2856877,0.3782436,0.04543449719918776,,,,,
416c53de436a8336898b5be313cb6d3100ba3795,2026-10-03 08:22:18,commit 416c53de43 | peano 22.0.0+0006955e | mlir_aie 1.4.4.dev73+g18ca6c1 | kernels 5726d482c21a | runtime CachedXRTRuntime | xdna 2.21.0_20260625 | xrt 2.21.0 | host docker-runner-6aa540df4097 | device NPU Krackan 1 | pmode default,iron/operators/axpy/test.py::test_axpy,input_length_8192-num_aie_columns_2-tile_size_4096-scalar_factor_3.0,5/5,no,180.07999999999998,173.9,130.9,219.7,34.97001572776311,0.28212934,0.2827086,0.2237548,0.3755501,0.0596532602543063,,,,,
416c53de436a8336898b5be313cb6d3100ba3795,2026-10-03 08:22:18,commit 416c53de43 | peano 22.0.0+0006955e | mlir_aie 1.4.4.dev73+g18ca6c1 | kernels 5726d482c21a | runtime CachedXRTRuntime | xdna 2.21.0_20260625 | xrt 2.21.0 | host docker-runner-6aa540df4097 | device NPU Krackan 1 | pmode default,iron/operators/axpy/test.py::test_axpy,input_length_8192-num_aie_columns_4-tile_size_2048-scalar_factor_1.003,5/5,no,164.96,158.6,148.3,185.7,16.617250073342454,0.30035246,0.3100056,0.2647363,0.3314966,0.02950570450773884,,,,,
416c53de436a8336898b5be313cb6d3100ba3795,2026-10-03 08:22:18,commit 416c53de43 | peano 22.0.0+0006955e | mlir_aie 1.4.4.dev73+g18ca6c1 | kernels 5726d482c21a | runtime CachedXRTRuntime | xdna 2.21.0_20260625 | xrt 2.21.0 | host docker-runner-6aa540df4097 | device NPU Krackan 1 | pmode default,iron/operators/axpy/test.py::test_axpy,input_length_8192-num_aie_columns_4-tile_size_2048-scalar_factor_10.0,5/5,no,190.34,181.7,157.3,222.3,27.32989205979416,0.26258356,0.2705625,0.2211524,0.3125525,0.03770860987523937,,,,,
416c53de436a8336898b5be313cb6d3100ba3795,2026-10-03 08:22:18,commit 416c53de43 | peano 22.0.0+0006955e | mlir_aie 1.4.4.dev73+g18ca6c1 | kernels 5726d482c21a | runtime CachedXRTRuntime | xdna 2.21.0_20260625 | xrt 2.21.0 | host docker-runner-6aa540df4097 | device NPU Krackan 1 | pmode default,iron/operators/axpy/test.py::test_axpy,input_length_8192-num_aie_columns_4-tile_size_2048-scalar_factor_3.0,5/5,no,172.18,170.8,127.5,210.5,30.019277139864645,0.29324870000000003,0.2877499,0.2334668,0.385648,0.05652978254964368,,,,,
416c53de436a8336898b5be313cb6d3100ba3795,2026-10-03 08:22:18,commit 416c53de43 | peano 22.0.0+0006955e | mlir_aie 1.4.4.dev73+g18ca6c1 | kernels 5726d482c21a | runtime CachedXRTRuntime | xdna 2.21.0_20260625 | xrt 2.21.0 | host docker-runner-6aa540df4097 | device NPU Krackan 1 | pmode default,iron/operators/axpy/test.py::test_axpy,input_length_8192-num_aie_columns_8-tile_size_1024-scalar_factor_1.003,5/5,no,184.79999999999998,204.5,136.1,209.6,31.69116596151047,0.27338281999999997,0.2403286,0.2344926,0.3612258,0.05414350072826839,,,,,
416c53de436a8336898b5be313cb6d3100ba3795,2026-10-03 08:22:18,commit 416c53de43 | peano 22.0.0+0006955e | mlir_aie 1.4.4.dev73+g18ca6c1 | kernels 5726d482c21a | runtime CachedXRTRuntime | xdna 2.21.0_20260625 | xrt 2.21.0 | host docker-runner-6aa540df4097 | device NPU Krackan 1 | pmode default,iron/operators/axpy/test.py::test_axpy,input_length_8192-num_aie_columns_8-tile_size_1024-scalar_factor_10.0,5/5,no,183.96,199.8,128.2,211.1,33.57295042143303,0.27619824,0.2459691,0.2328353,0.3832963,0.06212724920731642,,,,,
416c53de436a8336898b5be313cb6d3100ba3795,2026-10-03 08:22:18,commit 416c53de43 | peano 22.0.0+0006955e | mlir_aie 1.4.4.dev73+g18ca6c1 | kernels 5726d482c21a | runtime CachedXRTRuntime | xdna 2.21.0_20260625 | xrt 2.21.0 | host docker-runner-6aa540df4097 | device NPU Krackan 1 | pmode default,iron/operators/axpy/test.py::test_axpy,input_length_8192-num_aie_columns_8-tile_size_1024-scalar_factor_3.0,5/5,no,221.46,225.0,162.4,263.1,41.06687229385749,0.22888746000000001,0.2184941,0.186818,0.3027365,0.047042927217521235,,,,,
416c53de436a8336898b5be313cb6d3100ba3795,2026-10-03 08:22:18,commit 416c53de43 | peano 22.0.0+0006955e | mlir_aie 1.4.4.dev73+g18ca6c1 | kernels 5726d482c21a | runtime CachedXRTRuntime | xdna 2.21.0_20260625 | xrt 2.21.0 | host docker-runner-6aa540df4097 | device NPU Krackan 1 | pmode default,iron/operators/axpy/test.py::test_axpy,input_length_8388608-num_aie_columns_8-tile_size_4096-scalar_factor_3.0,5/5,yes,893.24,892.9,827.0,933.2,41.71933604457293,56.449438,56.36988,53.93459,60.86228,2.7291449230244256,,,,,
416c53de436a8336898b5be313cb6d3100ba3795,2026-10-03 08:22:18,commit 416c53de43 | peano 22.0.0+0006955e | mlir_aie 1.4.4.dev73+g18ca6c1 | kernels 5726d482c21a | runtime CachedXRTRuntime | xdna 2.21.0_20260625 | xrt 2.21.0 | host docker-runner-6aa540df4097 | device NPU Krackan 1 | pmode default,iron/operators/dequant/test.py::test_dequant,input_length_1024-num_aie_columns_1-num_channels_1-tile_size_1024-group_size_32,5/5,no,135.9,145.5,114.2,155.2,20.014244927051326,0.01966568,0.0180397,0.01691103,0.02297965,0.003030573821440422,,,,,
416c53de436a8336898b5be313cb6d3100ba3795,2026-10-03 08:22:18,commit 416c53de43 | peano 22.0.0+0006955e | mlir_aie 1.4.4.dev73+g18ca6c1 | kernels 5726d482c21a | runtime CachedXRTRuntime | xdna 2.21.0_20260625 | xrt 2.21.0 | host docker-runner-6aa540df4097 | device NPU Krackan 1 | pmode default,iron/operators/dequant/test.py::test_dequant,input_length_1024-num_aie_columns_1-num_channels_2-tile_size_512-group_size_32,5/5,no,130.82,133.0,110.9,141.5,12.224851737342252,0.020212458,0.01973467,0.01854548,0.02365861,0.002059236918198098,,,,,
416c53de436a8336898b5be313cb6d3100ba3795,2026-10-03 08:22:18,commit 416c53de43 | peano 22.0.0+0006955e | mlir_aie 1.4.4.dev73+g18ca6c1 | kernels 5726d482c21a | runtime CachedXRTRuntime | xdna 2.21.0_20260625 | xrt 2.21.0 | host docker-runner-6aa540df4097 | device NPU Krackan 1 | pmode default,iron/operators/dequant/test.py::test_dequant,input_length_1024-num_aie_columns_2-num_channels_1-tile_size_512-group_size_32,5/5,no,135.92,147.6,107.7,163.1,24.372874266282174,0.019838784,0.01777404,0.0160873,0.02436511,0.0037305717022099974,,,,,
416c53de436a8336898b5be313cb6d3100ba3795,2026-10-03 08:22:18,commit 416c53de43 | peano 22.0.0+0006955e | mlir_aie 1.4.4.dev73+g18ca6c1 | kernels 5726d482c21a | runtime CachedXRTRuntime | xdna 2.21.0_20260625 | xrt 2.21.0 | host docker-runner-6aa540df4097 | device NPU Krackan 1 | pmode default,iron/operators/dequant/test.py::test_dequant,input_length_1024-num_aie_columns_2-num_channels_2-tile_size_256-group_size_32,5/5,no,154.01999999999998,164.7,119.2,188.0,27.872692729623378,0.017515286,0.01593645,0.01396057,0.02202137,0.0033126993324523123,,,,,
416c53de436a8336898b5be313cb6d3100ba3795,2026-10-03 08:22:18,commit 416c53de43 | peano 22.0.0+0006955e | mlir_aie 1.4.4.dev73+g18ca6c1 | kernels 5726d482c21a | runtime CachedXRTRuntime | xdna 2.21.0_20260625 | xrt 2.21.0 | host docker-runner-6aa540df4097 | device NPU Krackan 1 | pmode default,iron/operators/dequant/test.py::test_dequant,input_length_1024-num_aie_columns_4-num_channels_1-tile_size_256-group_size_32,5/5,no,162.16,168.9,119.4,217.1,39.057048019531635,0.016950948,0.0155384,0.01208526,0.02198244,0.004044878000795574,,,,,
416c53de436a8336898b5be313cb6d3100ba3795,2026-10-03 08:22:18,commit 416c53de43 | peano 22.0.0+0006955e | mlir_aie 1.4.4.dev73+g18ca6c1 | kernels 5726d482c21a | runtime CachedXRTRuntime | xdna 2.21.0_20260625 | xrt 2.21.0 | host docker-runner-6aa540df4097 | device NPU Krackan 1 | pmode default,iron/operators/dequant/test.py::test_dequant,input_length_1024-num_aie_columns_4-num_channels_2-tile_size_128-group_size_32,5/5,no,178.72,164.0,125.9,303.4,72.96133907762383,0.0162649712,0.01600176,0.008648136,0.02083863,0.005006549937315836,,,,,
416c53de436a8336898b5be313cb6d3100ba3795,2026-10-03 08:22:18,commit 416c53de43 | peano 22.0.0+0006955e | mlir_aie 1.4.4.dev73+g18ca6c1 | kernels 5726d482c21a | runtime CachedXRTRuntime | xdna 2.21.0_20260625 | xrt 2.21.0 | host docker-runner-6aa540df4097 | device NPU Krackan 1 | pmode default,iron/operators/dequant/test.py::test_dequant,input_length_1024-num_aie_columns_8-num_channels_1-tile_size_128-group_size_32,5/5,no,211.1,187.2,133.0,337.9,76.7918615479531,0.0136204656,0.01401964,0.007766668,0.01972428,0.004308926999941726,,,,,
416c53de436a8336898b5be313cb6d3100ba3795,2026-10-03 08:22:18,commit 416c53de43 | peano 22.0.0+0006955e | mlir_aie 1.4.4.dev73+g18ca6c1 | kernels 5726d482c21a | runtime CachedXRTRuntime | xdna 2.21.0_20260625 | xrt 2.21.0 | host docker-runner-6aa540df4097 | device NPU Krackan 1 | pmode default,iron/operators/dequant/test.py::test_dequant,input_length_1024-num_aie_columns_8-num_channels_2-tile_size_64-group_size_32,5/5,no,236.44,230.1,162.1,326.3,60.31797410391036,0.0116908056,0.01140532,0.008041408,0.01618464,0.002994242826162701,,,,,
416c53de436a8336898b5be313cb6d3100ba3795,2026-10-03 08:22:18,commit 416c53de43 | peano 22.0.0+0006955e | mlir_aie 1.4.4.dev73+g18ca6c1 | kernels 5726d482c21a | runtime CachedXRTRuntime | xdna 2.21.0_20260625 | xrt 2.21.0 | host docker-runner-6aa540df4097 | device NPU Krackan 1 | pmode default,iron/operators/dequant/test.py::test_dequant,input_length_2048-num_aie_columns_1-num_channels_1-tile_size_2048-group_size_32,5/5,no,164.36,185.4,123.4,201.9,37.79461601868711,0.033455568,0.02831339,0.02599513,0.04253353,0.008286309249673222,,,,,
416c53de436a8336898b5be313cb6d3100ba3795,2026-10-03 08:22:18,commit 416c53de43 | peano 22.0.0+0006955e | mlir_aie 1.4.4.dev73+g18ca6c1 | kernels 5726d482c21a | runtime CachedXRTRuntime | xdna 2.21.0_20260625 | xrt 2.21.0 | host docker-runner-6aa540df4097 | device NPU Krackan 1 | pmode default,iron/operators/dequant/test.py::test_dequant,input_length_2048-num_aie_columns_1-num_channels_2-tile_size_1024-group_size_32,5/5,no,187.8,173.4,157.6,264.6,43.65541203562281,0.028920636,0.03026162,0.01983116,0.03329315,0.005292308348266378,,,,,
416c53de436a8336898b5be313cb6d3100ba3795,2026-10-03 08:22:18,commit 416c53de43 | peano 22.0.0+0006955e | mlir_aie 1.4.4.dev73+g18ca6c1 | kernels 5726d482c21a | runtime CachedXRTRuntime | xdna 2.21.0_20260625 | xrt 2.21.0 | host docker-runner-6aa540df4097 | device NPU Krackan 1 | pmode default,iron/operators/dequant/test.py::test_dequant,input_length_2048-num_aie_columns_2-num_channels_1-tile_size_1024-group_size_32,5/5,no,160.92,143.6,133.1,200.0,33.12728482686138,0.033683304,0.03653477,0.02623856,0.03944263,0.006510868438582521,,,,,
416c53de436a8336898b5be313cb6d3100ba3795,2026-10-03 08:22:18,commit 416c53de43 | peano 22.0.0+0006955e | mlir_aie 1.4.4.dev73+g18ca6c1 | kernels 5726d482c21a | runtime CachedXRTRuntime | xdna 2.21.0_20260625 | xrt 2.21.0 | host docker-runner-6aa540df4097 | device NPU Krackan 1 | pmode default,iron/operators/dequant/test.py::test_dequant,input_length_2048-num_aie_columns_2-num_channels_2-tile_size_512-group_size_32,5/5,no,168.6,169.4,141.5,214.8,29.34970187242113,0.031832144,0.0309867,0.02443101,0.03708598,0.005104546400898908,,,,,
416c53de436a8336898b5be313cb6d3100ba3795,2026-10-03 08:22:18,commit 416c53de43 | peano 22.0.0+0006955e | mlir_aie 1.4.4.dev73+g18ca6c1 | kernels 5726d482c21a | runtime CachedXRTRuntime | xdna 2.21.0_20260625 | xrt 2.21.0 | host docker-runner-6aa540df4097 | device NPU Krackan 1 | pmode default,iron/operators/dequant/test.py::test_dequant,input_length_2048-num_aie_columns_4-num_channels_1-tile_size_512-group_size_32,5/5,no,163.85999999999999,161.2,130.2,197.0,31.86468264395552,0.033022806,0.03254836,0.02663621,0.04031713,0.006434598649063514,,,,,
416c53de436a8336898b5be313cb6d3100ba3795,2026-10-03 08:22:18,commit 416c53de43 | peano 22.0.0+0006955e | mlir_aie 1.4.4.dev73+g18ca6c1 | kernels 5726d482c21a | runtime CachedXRTRuntime | xdna 2.21.0_20260625 | xrt 2.21.0 | host docker-runner-6aa540df4097 | device NPU Krackan 1 | pmode default,iron/operators/dequant/test.py::test_dequant,input_length_2048-num_aie_columns_4-num_channels_2-tile_size_256-group_size_32,5/5,no,171.24,161.9,142.1,214.9,28.48329334890894,0.031284684,0.03240546,0.02442305,0.03692914,0.004838419816658119,,,,,
416c53de436a8336898b5be313cb6d3100ba3795,2026-10-03 08:22:18,commit 416c53de43 | peano 22.0.0+0006955e | mlir_aie 1.4.4.dev73+g18ca6c1 | kernels 5726d482c21a | runtime CachedXRTRuntime | xdna 2.21.0_20260625 | xrt 2.21.0 | host docker-runner-6aa540df4097 | device NPU Krackan 1 | pmode default,iron/operators/dequant/test.py::test_dequant,input_length_2048-num_aie_columns_8-num_channels_1-tile_size_256-group_size_32,5/5,no,169.04,178.4,131.2,190.4,23.897133719339656,0.031616782,0.02942199,0.02756549,0.03999695,0.005065584691476396,,,,,
416c53de436a8336898b5be313cb6d3100ba3795,2026-10-03 08:22:18,commit 416c53de43 | peano 22.0.0+0006955e | mlir_aie 1.4.4.dev73+g18ca6c1 | kernels 5726d482c21a | runtime CachedXRTRuntime | xdna 2.21.0_20260625 | xrt 2.21.0 | host docker-runner-6aa540df4097 | device NPU Krackan 1 | pmode default,iron/operators/dequant/test.py::test_dequant,input_length_2048-num_aie_columns_8-num_channels_2-tile_size_128-group_size_32,5/5,no,235.82,218.9,173.8,362.4,74.10662588459954,0.023704092,0.02397803,0.0144796,0.03018833,0.005907896999150374,,,,,
416c53de436a8336898b5be313cb6d3100ba3795,2026-10-03 08:22:18,commit 416c53de43 | peano 22.0.0+0006955e | mlir_aie 1.4.4.dev73+g18ca6c1 | kernels 5726d482c21a | runtime CachedXRTRuntime | xdna 2.21.0_20260625 | xrt 2.21.0 | host docker-runner-6aa540df4097 | device NPU Krackan 1 | pmode default,iron/operators/dequant/test.py::test_dequant,input_length_4096-num_aie_columns_1-num_channels_1-tile_size_4096-group_size_32,5/5,no,167.64,155.1,141.2,205.1,29.541547014332206,0.064123972,0.06767901,0.05117479,0.07434007,0.010736485656806885,,,,,
416c53de436a8336898b5be313cb6d3100ba3795,2026-10-03 08:22:18,commit 416c53de43 | peano 22.0.0+0006955e | mlir_aie 1.4.4.dev73+g18ca6c1 | kernels 5726d482c21a | runtime CachedXRTRuntime | xdna 2.21.0_20260625 | xrt 2.21.0 | host docker-runner-6aa540df4097 | device NPU Krackan 1 | pmode default,iron/operators/dequant/test.py::test_dequant,input_length_4096-num_aie_columns_1-num_channels_2-tile_size_2048-group_size_32,5/5,no,152.82,149.3,134.0,174.8,19.443816497796927,0.06957559199999999,0.07031836,0.060031,0.07832544,0.008737301103371106,,,,,
416c53de436a8336898b5be313cb6d3100ba3795,2026-10-03 08:22:18,commit 416c53de43 | peano 22.0.0+0006955e | mlir_aie 1.4.4.dev73+g18ca6c1 | kernels 5726d482c21a | runtime CachedXRTRuntime | xdna 2.21.0_20260625 | xrt 2.21.0 | host docker-runner-6aa540df4097 | device NPU Krackan 1 | pmode default,iron/operators/dequant/test.py::test_dequant,input_length_4096-num_aie_columns_2-num_channels_1-tile_size_2048-group_size_32,5/5,no,172.62,173.0,150.7,206.3,21.584184024419372,0.061515058,0.0606565,0.05086923,0.06963121,0.0072611770731865494,,,,,
416c53de436a8336898b5be313cb6d3100ba3795,2026-10-03 08:22:18,commit 416c53de43 | peano 22.0.0+0006955e | mlir_aie 1.4.4.dev73+g18ca6c1 | kernels 5726d482c21a | runtime CachedXRTRuntime | xdna 2.21.0_20260625 | xrt 2.21.0 | host docker-runner-6aa540df4097 | device NPU Krackan 1 | pmode default,iron/operators/dequant/test.py::test_dequant,input_length_4096-num_aie_columns_2-num_channels_2-tile_size_1024-group_size_32,5/5,no,165.42000000000002,170.3,129.8,197.6,25.650380114142553,0.064750674,0.06162699,0.05310773,0.08088281,0.010632583080316373,,,,,
416c53de436a8336898b5be313cb6d3100ba3795,2026-10-03 08:22:18,commit 416c53de43 | peano 22.0.0+0006955e | mlir_aie 1.4.4.dev73+g18ca6c1 | kernels 5726d482c21a | runtime CachedXRTRuntime | xdna 2.21.0_20260625 | xrt 2.21.0 | host docker-runner-6aa540df4097 | device NPU Krackan 1 | pmode default,iron/operators/dequant/test.py::test_dequant,input_length_4096-num_aie_columns_4-num_channels_1-tile_size_1024-group_size_32,5/5,no,161.24,157.5,134.8,194.7,24.751323196952516,0.066305776,0.06663281,0.05389723,0.07784849,0.00992452870242109,,,,,
416c53de436a8336898b5be313cb6d3100ba3795,2026-10-03 08:22:18,commit 416c53de43 | peano 22.0.0+0006955e | mlir_aie 1.4.4.dev73+g18ca6c1 | kernels 5726d482c21a | runtime CachedXRTRuntime | xdna 2.21.0_20260625 | xrt 2.21.0 | host docker-runner-6aa540df4097 | device NPU Krackan 1 | pmode default,iron/operators/dequant/test.py::test_dequant,input_length_4096-num_aie_columns_4-num_channels_2-tile_size_512-group_size_32,5/5,no,175.35999999999999,172.7,119.6,232.6,45.375136363431466,0.063333586,0.06078682,0.04512992,0.08778268,0.017085124761267622,,,,,
416c53de436a8336898b5be313cb6d3100ba3795,2026-10-03 08:22:18,commit 416c53de43 | peano 22.0.0+0006955e | mlir_aie 1.4.4.dev73+g18ca6c1 | kernels 5726d482c21a | runtime CachedXRTRuntime | xdna 2.21.0_20260625 | xrt 2.21.0 | host docker-runner-6aa540df4097 | device NPU Krackan 1 | pmode default,iron/operators/dequant/test.py::test_dequant,input_length_4096-num_aie_columns_8-num_channels_1-tile_size_512-group_size_32,5/5,no,167.08,153.3,138.6,206.4,32.95977851867333,0.06472552,0.0684751,0.05084951,0.07572653,0.012131347112025521,,,,,
416c53de436a8336898b5be313cb6d3100ba3795,2026-10-03 08:22:18,commit 416c53de43 | peano 22.0.0+0006955e | mlir_aie 1.4.4.dev73+g18ca6c1 | kernels 5726d482c21a | runtime CachedXRTRuntime | xdna 2.21.0_20260625 | xrt 2.21.0 | host docker-runner-6aa540df4097 | device NPU Krackan 1 | pmode default,iron/operators/dequant/test.py::test_dequant,input_length_4096-num_aie_columns_8-num_channels_2-tile_size_256-group_size_32,5/5,no,188.28,181.9,164.8,226.8,23.250311825865907,0.056368522,0.05769062,0.04628437,0.06368005,0.006376682104399592,,,,,
416c53de436a8336898b5be313cb6d3100ba3795,2026-10-03 08:22:18,commit 416c53de43 | peano 22.0.0+0006955e | mlir_aie 1.4.4.dev73+g18ca6c1 | kernels 5726d482c21a | runtime CachedXRTRuntime | xdna 2.21.0_20260625 | xrt 2.21.0 | host docker-runner-6aa540df4097 | device NPU Krackan 1 | pmode default,iron/operators/dequant/test.py::test_dequant,input_length_8192-num_aie_columns_1-num_channels_1-tile_size_8192-group_size_32,5/5,no,160.44,140.1,126.6,203.6,39.552155440633065,0.13703958,0.1498711,0.1031254,0.1657861,0.03146777838753476,,,,,
416c53de436a8336898b5be313cb6d3100ba3795,2026-10-03 08:22:18,commit 416c53de43 | peano 22.0.0+0006955e | mlir_aie 1.4.4.dev73+g18ca6c1 | kernels 5726d482c21a | runtime CachedXRTRuntime | xdna 2.21.0_20260625 | xrt 2.21.0 | host docker-runner-6aa540df4097 | device NPU Krackan 1 | pmode default,iron/operators/dequant/test.py::test_dequant,input_length_8192-num_aie_columns_1-num_channels_2-tile_size_4096-group_size_32,5/5,no,153.1,151.7,128.6,174.7,17.945333655298803,0.13867492,0.1384158,0.1201857,0.1632031,0.016744763786240756,,,,,
416c53de436a8336898b5be313cb6d3100ba3795,2026-10-03 08:22:18,commit 416c53de43 | peano 22.0.0+0006955e | mlir_aie 1.4.4.dev73+g18ca6c1 | kernels 5726d482c21a | runtime CachedXRTRuntime | xdna 2.21.0_20260625 | xrt 2.21.0 | host docker-runner-6aa540df4097 | device NPU Krackan 1 | pmode default,iron/operators/dequant/test.py::test_dequant,input_length_8192-num_aie_columns_2-num_channels_1-tile_size_4096-group_size_32,5/5,no,144.28,134.3,118.0,173.1,24.50116323769139,0.14882418,0.1562649,0.1212646,0.1779209,0.02459944920556149,,,,,
416c53de436a8336898b5be313cb6d3100ba3795,2026-10-03 08:22:18,commit 416c53de43 | peano 22.0.0+0006955e | mlir_aie 1.4.4.dev73+g18ca6c1 | kernels 5726d482c21a | runtime CachedXRTRuntime | xdna 2.21.0_20260625 | xrt 2.21.0 | host docker-runner-6aa540df4097 | device NPU Krackan 1 | pmode default,iron/operators/dequant/test.py::test_dequant,input_length_8192-num_aie_columns_2-num_channels_2-tile_size_2048-group_size_32,5/5,no,148.9,147.8,134.2,162.5,12.254590976446343,0.14175234,0.1420384,0.1291974,0.1564279,0.011706699805367872,,,,,
416c53de436a8336898b5be313cb6d3100ba3795,2026-10-03 08:22:18,commit 416c53de43 | peano 22.0.0+0006955e | mlir_aie 1.4.4.dev73+g18ca6c1 | kernels 5726d482c21a | runtime CachedXRTRuntime | xdna 2.21.0_20260625 | xrt 2.21.0 | host docker-runner-6aa540df4097 | device NPU Krackan 1 | pmode default,iron/operators/dequant/test.py::test_dequant,input_length_8192-num_aie_columns_4-num_channels_1-tile_size_2048-group_size_32,5/5,no,149.16,144.5,130.6,192.3,25.01265679611025,0.14348884,0.1452985,0.1091474,0.160724,0.020539672870885747,,,,,
416c53de436a8336898b5be313cb6d3100ba3795,2026-10-03 08:22:18,commit 416c53de43 | peano 22.0.0+0006955e | mlir_aie 1.4.4.dev73+g18ca6c1 | kernels 5726d482c21a | runtime CachedXRTRuntime | xdna 2.21.0_20260625 | xrt 2.21.0 | host docker-runner-6aa540df4097 | device NPU Krackan 1 | pmode default,iron/operators/dequant/test.py::test_dequant,input_length_8192-num_aie_columns_4-num_channels_2-tile_size_1024-group_size_32,5/5,no,149.18,151.8,129.5,168.5,18.899920634753997,0.14257493999999998,0.1382417,0.1245809,0.1620791,0.01837399148437813,,,,,
416c53de436a8336898b5be313cb6d3100ba3795,2026-10-03 08:22:18,commit 416c53de43 | peano 22.0.0+0006955e | mlir_aie 1.4.4.dev73+g18ca6c1 | kernels 5726d482c21a | runtime CachedXRTRuntime | xdna 2.21.0_20260625 | xrt 2.21.0 | host docker-runner-6aa540df4097 | device NPU Krackan 1 | pmode default,iron/operators/dequant/test.py::test_dequant,input_length_8192-num_aie_columns_8-num_channels_1-tile_size_1024-group_size_32,5/5,no,157.32,156.5,125.7,187.9,24.476560215847325,0.1361398,0.134153,0.1116905,0.1670673,0.02177708520417735,,,,,
416c53de436a8336898b5be313cb6d3100ba3795,2026-10-03 08:22:18,commit 416c53de43 | peano 22.0.0+0006955e | mlir_aie 1.4.4.dev73+g18ca6c1 | kernels 5726d482c21a | runtime CachedXRTRuntime | xdna 2.21.0_20260625 | xrt 2.21.0 | host docker-runner-6aa540df4097 | device NPU Krackan 1 | pmode default,iron/operators/dequant/test.py::test_dequant,input_length_8192-num_aie_columns_8-num_channels_2-tile_size_512-group_size_32,5/5,no,197.86,190.6,180.9,228.3,18.575063929903447,0.106802734,0.1101578,0.09193107,0.1160516,0.00934661661259196,,,,,
416c53de436a8336898b5be313cb6d3100ba3795,2026-10-03 08:22:18,commit 416c53de43 | peano 22.0.0+0006955e | mlir_aie 1.4.4.dev73+g18ca6c1 | kernels 5726d482c21a | runtime CachedXRTRuntime | xdna 2.21.0_20260625 | xrt 2.21.0 | host docker-runner-6aa540df4097 | device NPU Krackan 1 | pmode default,iron/operators/dequant/test.py::test_dequant,input_length_8388608-num_aie_columns_8-num_channels_2-tile_size_4096-group_size_32,5/5,yes,449.92,441.6,431.5,476.3,21.061030364158345,47.858554,48.67699,45.1311,49.81509,2.2068997629094977,,,,,
416c53de436a8336898b5be313cb6d3100ba3795,2026-10-03 08:22:18,commit 416c53de43 | peano 22.0.0+0006955e | mlir_aie 1.4.4.dev73+g18ca6c1 | kernels 5726d482c21a | runtime CachedXRTRuntime | xdna 2.21.0_20260625 | xrt 2.21.0 | host docker-runner-6aa540df4097 | device NPU Krackan 1 | pmode default,iron/operators/elementwise_add/test.py::test_elementwise_add,input_length_1024-num_aie_columns_1-tile_size_1024,5/5,no,159.32,156.2,131.8,178.0,19.05287379898371,0.039031894,0.03933494,0.03450735,0.04662281,0.004933433467062266,,,,,
416c53de436a8336898b5be313cb6d3100ba3795,2026-10-03 08:22:18,commit 416c53de43 | peano 22.0.0+0006955e | mlir_aie 1.4.4.dev73+g18ca6c1 | kernels 5726d482c21a | runtime CachedXRTRuntime | xdna 2.21.0_20260625 | xrt 2.21.0 | host docker-runner-6aa540df4097 | device NPU Krackan 1 | pmode default,iron/operators/elementwise_add/test.py::test_elementwise_add,input_length_1024-num_aie_columns_2-tile_size_512,5/5,no,167.36,164.8,133.8,192.3,22.17527902868417,0.037279242,0.03729196,0.03195058,0.04592786,0.005364086637631799,,,,,
416c53de436a8336898b5be313cb6d3100ba3795,2026-10-03 08:22:18,commit 416c53de43 | peano 22.0.0+0006955e | mlir_aie 1.4.4.dev73+g18ca6c1 | kernels 5726d482c21a | runtime CachedXRTRuntime | xdna 2.21.0_20260625 | xrt 2.21.0 | host docker-runner-6aa540df4097 | device NPU Krackan 1 | pmode default,iron/operators/elementwise_add/test.py::test_elementwise_add,input_length_1024-num_aie_columns_4-tile_size_256,5/5,no,157.32,146.8,127.6,217.4,34.65273437984368,0.040331862,0.04185001,0.02826725,0.04816066,0.007298396324177662,,,,,
416c53de436a8336898b5be313cb6d3100ba3795,2026-10-03 08:22:18,commit 416c53de43 | peano 22.0.0+0006955e | mlir_aie 1.4.4.dev73+g18ca6c1 | kernels 5726d482c21a | runtime CachedXRTRuntime | xdna 2.21.0_20260625 | xrt 2.21.0 | host docker-runner-6aa540df4097 | device NPU Krackan 1 | pmode default,iron/operators/elementwise_add/test.py::test_elementwise_add,input_length_1024-num_aie_columns_8-tile_size_128,5/5,no,189.82,173.7,160.1,254.4,37.733764720737845,0.033242994,0.03536909,0.02415056,0.03838201,0.0055361500489446635,,,,,
416c53de436a8336898b5be313cb6d3100ba3795,2026-10-03 08:22:18,commit 416c53de43 | peano 22.0.0+0006955e | mlir_aie 1.4.4.dev73+g18ca6c1 | kernels 5726d482c21a | runtime CachedXRTRuntime | xdna 2.21.0_20260625 | xrt 2.21.0 | host docker-runner-6aa540df4097 | device NPU Krackan 1 | pmode default,iron/operators/elementwise_add/test.py::test_elementwise_add,input_length_2048-num_aie_columns_1-tile_size_2048,5/5,no,145.88,145.3,129.5,167.0,16.329176341750987,0.085072406,0.08456636,0.07358172,0.0948829,0.009404585536018055,,,,,
416c53de436a8336898b5be313cb6d3100ba3795,2026-10-03 08:22:18,commit 416c53de43 | peano 22.0.0+0006955e | mlir_aie 1.4.4.dev73+g18ca6c1 | kernels 5726d482c21a | runtime CachedXRTRuntime | xdna 2.21.0_20260625 | xrt 2.21.0 | host docker-runner-6aa540df4097 | device NPU Krackan 1 | pmode default,iron/operators/elementwise_add/test.py::test_elementwise_add,input_length_2048-num_aie_columns_2-tile_size_1024,5/5,no,160.92000000000002,172.8,133.4,186.9,24.490549197598657,0.077860572,0.07111564,0.06573724,0.0921319,0.012359550596333186,,,,,
416c53de436a8336898b5be313cb6d3100ba3795,2026-10-03 08:22:18,commit 416c53de43 | peano 22.0.0+0006955e | mlir_aie 1.4.4.dev73+g18ca6c1 | kernels 5726d482c21a | runtime CachedXRTRuntime | xdna 2.21.0_20260625 | xrt 2.21.0 | host docker-runner-6aa540df4097 | device NPU Krackan 1 | pmode default,iron/operators/elementwise_add/test.py::test_elementwise_add,input_length_2048-num_aie_columns_4-tile_size_512,5/5,no,186.92,192.2,137.3,241.9,42.71459937773033,0.068638046,0.06394139,0.05079134,0.08950919,0.016048864495123324,,,,,
416c53de436a8336898b5be313cb6d3100ba3795,2026-10-03 08:22:18,commit 416c53de43 | peano 22.0.0+0006955e | mlir_aie 1.4.4.dev73+g18ca6c1 | kernels 5726d482c21a | runtime CachedXRTRuntime | xdna 2.21.0_20260625 | xrt 2.21.0 | host docker-runner-6aa540df4097 | device NPU Krackan 1 | pmode default,iron/operators/elementwise_add/test.py::test_elementwise_add,input_length_2048-num_aie_columns_8-tile_size_256,5/5,no,199.06,193.2,137.8,310.1,67.20709039974875,0.066683768,0.06360644,0.03963219,0.08919731,0.01892771353520731,,,,,
416c53de436a8336898b5be313cb6d3100ba3795,2026-10-03 08:22:18,commit 416c53de43 | peano 22.0.0+0006955e | mlir_aie 1.4.4.dev73+g18ca6c1 | kernels 5726d482c21a | runtime CachedXRTRuntime | xdna 2.21.0_20260625 | xrt 2.21.0 | host docker-runner-6aa540df4097 | device NPU Krackan 1 | pmode default,iron/operators/elementwise_add/test.py::test_elementwise_add,input_length_4096-num_aie_columns_1-tile_size_4096,5/5,no,166.12,172.5,147.3,174.4,11.320424020327149,0.1485222,0.1424787,0.1408997,0.166842,0.010862521486514993,,,,,
416c53de436a8336898b5be313cb6d3100ba3795,2026-10-03 08:22:18,commit 416c53de43 | peano 22.0.0+0006955e | mlir_aie 1.4.4.dev73+g18ca6c1 | kernels 5726d482c21a | runtime CachedXRTRuntime | xdna 2.21.0_20260625 | xrt 2.21.0 | host docker-runner-6aa540df4097 | device NPU Krackan 1 | pmode default,iron/operators/elementwise_add/test.py::test_elementwise_add,input_length_4096-num_aie_columns_2-tile_size_2048,5/5,no,163.5,164.7,151.6,179.9,11.143383687193044,0.15083834,0.149205,0.1366145,0.1620584,0.010047847169070591,,,,,
416c53de436a8336898b5be313cb6d3100ba3795,2026-10-03 08:22:18,commit 416c53de43 | peano 22.0.0+0006955e | mlir_aie 1.4.4.dev73+g18ca6c1 | kernels 5726d482c21a | runtime CachedXRTRuntime | xdna 2.21.0_20260625 | xrt 2.21.0 | host docker-runner-6aa540df4097 | device NPU Krackan 1 | pmode default,iron/operators/elementwise_add/test.py::test_elementwise_add,input_length_4096-num_aie_columns_4-tile_size_1024,5/5,no,167.79999999999998,167.2,152.1,184.7,11.933356610778041,0.14705094,0.147005,0.133036,0.1615673,0.010432037544650618,,,,,
416c53de436a8336898b5be313cb6d3100ba3795,2026-10-03 08:22:18,commit 416c53de43 | peano 22.0.0+0006955e | mlir_aie 1.4.4.dev73+g18ca6c1 | kernels 5726d482c21a | runtime CachedXRTRuntime | xdna 2.21.0_20260625 | xrt 2.21.0 | host docker-runner-6aa540df4097 | device NPU Krackan 1 | pmode default,iron/operators/elementwise_add/test.py::test_elementwise_add,input_length_4096-num_aie_columns_8-tile_size_512,5/5,no,178.28,182.7,126.1,237.4,42.73613225363288,0.1445222,0.1345325,0.1035075,0.1948775,0.03544884006663688,,,,,
416c53de436a8336898b5be313cb6d3100ba3795,2026-10-03 08:22:18,commit 416c53de43 | peano 22.0.0+0006955e | mlir_aie 1.4.4.dev73+g18ca6c1 | kernels 5726d482c21a | runtime CachedXRTRuntime | xdna 2.21.0_20260625 | xrt 2.21.0 | host docker-runner-6aa540df4097 | device NPU Krackan 1 | pmode default,iron/operators/elementwise_add/test.py::test_elementwise_add,input_length_8192-num_aie_columns_1-tile_size_8192,5/5,no,166.72,168.8,141.8,210.4,28.12982403073293,0.30118156,0.2912521,0.2336333,0.3466535,0.04730821667647176,,,,,
416c53de436a8336898b5be313cb6d3100ba3795,2026-10-03 08:22:18,commit 416c53de43 | peano 22.0.0+0006955e | mlir_aie 1.4.4.dev73+g18ca6c1 | kernels 5726d482c21a | runtime CachedXRTRuntime | xdna 2.21.0_20260625 | xrt 2.21.0 | host docker-runner-6aa540df4097 | device NPU Krackan 1 | pmode default,iron/operators/elementwise_add/test.py::test_elementwise_add,input_length_8192-num_aie_columns_2-tile_size_4096,5/5,no,164.64000000000001,164.5,138.5,187.8,20.034046021710147,0.30222032,0.2987183,0.2617573,0.3549291,0.037721599369883556,,,,,
416c53de436a8336898b5be313cb6d3100ba3795,2026-10-03 08:22:18,commit 416c53de43 | peano 22.0.0+0006955e | mlir_aie 1.4.4.dev73+g18ca6c1 | kernels 5726d482c21a | runtime CachedXRTRuntime | xdna 2.21.0_20260625 | xrt 2.21.0 | host docker-runner-6aa540df4097 | device NPU Krackan 1 | pmode default,iron/operators/elementwise_add/test.py::test_elementwise_add,input_length_8192-num_aie_columns_4-tile_size_2048,5/5,no,179.98,194.3,138.6,219.4,34.48915771659262,0.28175302,0.2529046,0.2240619,0.3546218,0.05678021193186055,,,,,
416c53de436a8336898b5be313cb6d3100ba3795,2026-10-03 08:22:18,commit 416c53de43 | peano 22.0.0+0006955e | mlir_aie 1.4.4.dev73+g18ca6c1 | kernels 5726d482c21a | runtime CachedXRTRuntime | xdna 2.21.0_20260625 | xrt 2.21.0 | host docker-runner-6aa540df4097 | device NPU Krackan 1 | pmode default,iron/operators/elementwise_add/test.py::test_elementwise_add,input_length_8192-num_aie_columns_8-tile_size_1024,5/5,no,214.92,194.8,188.9,291.2,43.47628088969892,0.23489782,0.252319,0.1688121,0.2601736,0.03839563173301099,,,,,
416c53de436a8336898b5be313cb6d3100ba3795,2026-10-03 08:22:18,commit 416c53de43 | peano 22.0.0+0006955e | mlir_aie 1.4.4.dev73+g18ca6c1 | kernels 5726d482c21a | runtime CachedXRTRuntime | xdna 2.21.0_20260625 | xrt 2.21.0 | host docker-runner-6aa540df4097 | device NPU Krackan 1 | pmode default,iron/operators/elementwise_add/test.py::test_elementwise_add,input_length_8388608-num_aie_columns_8-tile_size_4096,5/5,yes,905.64,886.2,850.5,991.3,56.00462480902802,55.74128,56.79376,50.77143,59.18168,3.3334323781126862,,,,,
416c53de436a8336898b5be313cb6d3100ba3795,2026-10-03 08:22:18,commit 416c53de43 | peano 22.0.0+0006955e | mlir_aie 1.4.4.dev73+g18ca6c1 | kernels 5726d482c21a | runtime CachedXRTRuntime | xdna 2.21.0_20260625 | xrt 2.21.0 | host docker-runner-6aa540df4097 | device NPU Krackan 1 | pmode default,iron/operators/elementwise_mul/test.py::test_elementwise_mul,input_length_1024-num_aie_columns_1-tile_size_1024,5/5,no,176.54,173.7,161.0,190.1,11.548722873114581,0.03492474,0.03538131,0.03232289,0.03815272,0.002306597686853952,,,,,
416c53de436a8336898b5be313cb6d3100ba3795,2026-10-03 08:22:18,commit 416c53de43 | peano 22.0.0+0006955e | mlir_aie 1.4.4.dev73+g18ca6c1 | kernels 5726d482c21a | runtime CachedXRTRuntime | xdna 2.21.0_20260625 | xrt 2.21.0 | host docker-runner-6aa540df4097 | device NPU Krackan 1 | pmode default,iron/operators/elementwise_mul/test.py::test_elementwise_mul,input_length_1024-num_aie_columns_2-tile_size_512,5/5,no,212.36,188.3,178.6,312.3,56.15637096536777,0.030189657999999998,0.03263242,0.01967308,0.03439704,0.005964975353747909,,,,,
416c53de436a8336898b5be313cb6d3100ba3795,2026-10-03 08:22:18,commit 416c53de43 | peano 22.0.0+0006955e | mlir_aie 1.4.4.dev73+g18ca6c1 | kernels 5726d482c21a | runtime CachedXRTRuntime | xdna 2.21.0_20260625 | xrt 2.21.0 | host docker-runner-6aa540df4097 | device NPU Krackan 1 | pmode default,iron/operators/elementwise_mul/test.py::test_elementwise_mul,input_length_1024-num_aie_columns_4-tile_size_256,5/5,no,184.0,174.2,140.0,221.1,32.77476163147491,0.034297666000000004,0.0352775,0.02779449,0.04387099,0.006407065906983476,,,,,
416c53de436a8336898b5be313cb6d3100ba3795,2026-10-03 08:22:18,commit 416c53de43 | peano 22.0.0+0006955e | mlir_aie 1.4.4.dev73+g18ca6c1 | kernels 5726d482c21a | runtime CachedXRTRuntime | xdna 2.21.0_20260625 | xrt 2.21.0 | host docker-runner-6aa540df4097 | device NPU Krackan 1 | pmode default,iron/operators/elementwise_mul/test.py::test_elementwise_mul,input_length_1024-num_aie_columns_8-tile_size_128,5/5,no,229.08,212.5,194.4,316.0,49.90928771280953,0.027664762,0.02891226,0.01944538,0.03160656,0.004870649744871827,,,,,
416c53de436a8336898b5be313cb6d3100ba3795,2026-10-03 08:22:18,commit 416c53de43 | peano 22.0.0+0006955e | mlir_aie 1.4.4.dev73+g18ca6c1 | kernels 5726d482c21a | runtime CachedXRTRuntime | xdna 2.21.0_20260625 | xrt 2.21.0 | host docker-runner-6aa540df4097 | device NPU Krackan 1 | pmode default,iron/operators/elementwise_mul/test.py::test_elementwise_mul,input_length_2048-num_aie_columns_1-tile_size_2048,5/5,no,172.96,181.3,144.3,209.9,28.06346379191279,0.072555178,0.06776745,0.0585338,0.08512938,0.011797228976315582,,,,,
416c53de436a8336898b5be313cb6d3100ba3795,2026-10-03 08:22:18,commit 416c53de43 | peano 22.0.0+0006955e | mlir_aie 1.4.4.dev73+g18ca6c1 | kernels 5726d482c21a | runtime CachedXRTRuntime | xdna 2.21.0_20260625 | xrt 2.21.0 | host docker-runner-6aa540df4097 | device NPU Krackan 1 | pmode default,iron/operators/elementwise_mul/test.py::test_elementwise_mul,input_length_2048-num_aie_columns_2-tile_size_1024,5/5,no,165.24,173.1,126.0,197.8,28.358649474190415,0.076276948,0.07099607,0.06212116,0.09749286,0.014106586367986763,,,,,
416c53de436a8336898b5be313cb6d3100ba3795,2026-10-03 08:22:18,commit 416c53de43 | peano 22.0.0+0006955e | mlir_aie 1.4.4.dev73+g18ca6c1 | kernels 5726d482c21a | runtime CachedXRTRuntime | xdna 2.21.0_20260625 | xrt 2.21.0 | host docker-runner-6aa540df4097 | device NPU Krackan 1 | pmode default,iron/operators/elementwise_mul/test.py::test_elementwise_mul,input_length_2048-num_aie_columns_4-tile_size_512,5/5,no,186.7,199.0,155.2,217.1,27.911019329290003,0.067058572,0.06174595,0.05659204,0.0791773,0.010418479685547696,,,,,
416c53de436a8336898b5be313cb6d3100ba3795,2026-10-03 08:22:18,commit 416c53de43 | peano 22.0.0+0006955e | mlir_aie 1.4.4.dev73+g18ca6c1 | kernels 5726d482c21a | runtime CachedXRTRuntime | xdna 2.21.0_20260625 | xrt 2.21.0 | host docker-runner-6aa540df4097 | device NPU Krackan 1 | pmode default,iron/operators/elementwise_mul/test.py::test_elementwise_mul,input_length_2048-num_aie_columns_8-tile_size_256,5/5,no,196.46,203.0,159.7,223.5,26.90117097823067,0.063543522,0.06051831,0.05497372,0.07693271,0.009218403217736247,,,,,
416c53de436a8336898b5be313cb6d3100ba3795,2026-10-03 08:22:18,commit 416c53de43 | peano 22.0.0+0006955e | mlir_aie 1.4.4.dev73+g18ca6c1 | kernels 5726d482c21a | runtime CachedXRTRuntime | xdna 2.21.0_20260625 | xrt 2.21.0 | host docker-runner-6aa540df4097 | device NPU Krackan 1 | pmode default,iron/operators/elementwise_mul/test.py::test_elementwise_mul,input_length_4096-num_aie_columns_1-tile_size_4096,5/5,no,172.23999999999998,170.7,130.1,230.7,43.00579030781785,0.1498864,0.1439592,0.1065469,0.1888312,0.036509834495584884,,,,,
416c53de436a8336898b5be313cb6d3100ba3795,2026-10-03 08:22:18,commit 416c53de43 | peano 22.0.0+0006955e | mlir_aie 1.4.4.dev73+g18ca6c1 | kernels 5726d482c21a | runtime CachedXRTRuntime | xdna 2.21.0_20260625 | xrt 2.21.0 | host docker-runner-6aa540df4097 | device NPU Krackan 1 | pmode default,iron/operators/elementwise_mul/test.py::test_elementwise_mul,input_length_4096-num_aie_columns_2-tile_size_2048,5/5,no,178.58,167.5,152.7,234.9,32.24557333960741,0.14068638,0.1467233,0.1046157,0.1609947,0.02122843116888292,,,,,
416c53de436a8336898b5be313cb6d3100ba3795,2026-10-03 08:22:18,commit 416c53de43 | peano 22.0.0+0006955e | mlir_aie 1.4.4.dev73+g18ca6c1 | kernels 5726d482c21a | runtime CachedXRTRuntime | xdna 2.21.0_20260625 | xrt 2.21.0 | host docker-runner-6aa540df4097 | device NPU Krackan 1 | pmode default,iron/operators/elementwise_mul/test.py::test_elementwise_mul,input_length_4096-num_aie_columns_4-tile_size_1024,5/5,no,191.94,203.6,146.0,207.7,26.099003812406323,0.13036034,0.1207262,0.1182989,0.1683426,0.021418267230053887,,,,,
416c53de436a8336898b5be313cb6d3100ba3795,2026-10-03 08:22:18,commit 416c53de43 | peano 22.0.0+0006955e | mlir_aie 1.4.4.dev73+g18ca6c1 | kernels 5726d482c21a | runtime CachedXRTRuntime | xdna 2.21.0_20260625 | xrt 2.21.0 | host docker-runner-6aa540df4097 | device NPU Krackan 1 | pmode default,iron/operators/elementwise_mul/test.py::test_elementwise_mul,input_length_4096-num_aie_columns_8-tile_size_512,5/5,no,193.60000000000002,192.8,153.3,258.1,39.818274698936925,0.130863622,0.12749,0.09522961,0.1602692,0.024236585269421098,,,,,
416c53de436a8336898b5be313cb6d3100ba3795,2026-10-03 08:22:18,commit 416c53de43 | peano 22.0.0+0006955e | mlir_aie 1.4.4.dev73+g18ca6c1 | kernels 5726d482c21a | runtime CachedXRTRuntime | xdna 2.21.0_20260625 | xrt 2.21.0 | host docker-runner-6aa540df4097 | device NPU Krackan 1 | pmode default,iron/operators/elementwise_mul/test.py::test_elementwise_mul,input_length_8192-num_aie_columns_2-tile_size_4096,5/5,no,170.20000000000002,166.8,144.4,198.3,19.458031760689465,0.29183664,0.2947169,0.2478694,0.3403289,0.033370190095772606,,,,,
416c53de436a8336898b5be313cb6d3100ba3795,2026-10-03 08:22:18,commit 416c53de43 | peano 22.0.0+0006955e | mlir_aie 1.4.4.dev73+g18ca6c1 | kernels 5726d482c21a | runtime CachedXRTRuntime | xdna 2.21.0_20260625 | xrt 2.21.0 | host docker-runner-6aa540df4097 | device NPU Krackan 1 | pmode default,iron/operators/elementwise_mul/test.py::test_elementwise_mul,input_length_8192-num_aie_columns_4-tile_size_2048,5/5,no,177.46,160.8,147.0,218.9,32.7917367640081,0.28431094,0.3057553,0.2245747,0.3343901,0.049611613608791245,,,,,
416c53de436a8336898b5be313cb6d3100ba3795,2026-10-03 08:22:18,commit 416c53de43 | peano 22.0.0+0006955e | mlir_aie 1.4.4.dev73+g18ca6c1 | kernels 5726d482c21a | runtime CachedXRTRuntime | xdna 2.21.0_20260625 | xrt 2.21.0 | host docker-runner-6aa540df4097 | device NPU Krackan 1 | pmode default,iron/operators/elementwise_mul/test.py::test_elementwise_mul,input_length_8192-num_aie_columns_8-tile_size_1024,5/5,no,169.7,182.6,118.8,209.0,36.62362625409996,0.30217882,0.2691373,0.235213,0.4138907,0.07313177740364991,,,,,
416c53de436a8336898b5be313cb6d3100ba3795,2026-10-03 08:22:18,commit 416c53de43 | peano 22.0.0+0006955e | mlir_aie 1.4.4.dev73+g18ca6c1 | kernels 5726d482c21a | runtime CachedXRTRuntime | xdna 2.21.0_20260625 | xrt 2.21.0 | host docker-runner-6aa540df4097 | device NPU Krackan 1 | pmode default,iron/operators/elementwise_mul/test.py::test_elementwise_mul,input_length_8388608-num_aie_columns_8-tile_size_4096,5/5,yes,897.62,892.3,870.0,941.7,28.371059197710636,56.11705,56.40791,53.44855,57.85393,1.740311871016228,,,,,
416c53de436a8336898b5be313cb6d3100ba3795,2026-10-03 08:22:18,commit 416c53de43 | peano 22.0.0+0006955e | mlir_aie 1.4.4.dev73+g18ca6c1 | kernels 5726d482c21a | runtime CachedXRTRuntime | xdna 2.21.0_20260625 | xrt 2.21.0 | host docker-runner-6aa540df4097 | device NPU Krackan 1 | pmode default,iron/operators/flm/dequant/test.py::test_e4b_gate_up_interleaved,iter0,1/1,no,,,,,,,,,,,,,,,
416c53de436a8336898b5be313cb6d3100ba3795,2026-10-03 08:22:18,commit 416c53de43 | peano 22.0.0+0006955e | mlir_aie 1.4.4.dev73+g18ca6c1 | kernels 5726d482c21a | runtime CachedXRTRuntime | xdna 2.21.0_20260625 | xrt 2.21.0 | host docker-runner-6aa540df4097 | device NPU Krackan 1 | pmode default,iron/operators/flm/dequant/test.py::test_e4b_gate_up_interleaved,iter1,1/1,no,,,,,,,,,,,,,,,
416c53de436a8336898b5be313cb6d3100ba3795,2026-10-03 08:22:18,commit 416c53de43 | peano 22.0.0+0006955e | mlir_aie 1.4.4.dev73+g18ca6c1 | kernels 5726d482c21a | runtime CachedXRTRuntime | xdna 2.21.0_20260625 | xrt 2.21.0 | host docker-runner-6aa540df4097 | device NPU Krackan 1 | pmode default,iron/operators/flm/dequant/test.py::test_e4b_gate_up_interleaved,iter2,1/1,no,,,,,,,,,,,,,,,
416c53de436a8336898b5be313cb6d3100ba3795,2026-10-03 08:22:18,commit 416c53de43 | peano 22.0.0+0006955e | mlir_aie 1.4.4.dev73+g18ca6c1 | kernels 5726d482c21a | runtime CachedXRTRuntime | xdna 2.21.0_20260625 | xrt 2.21.0 | host docker-runner-6aa540df4097 | device NPU Krackan 1 | pmode default,iron/operators/flm/dequant/test.py::test_e4b_gate_up_interleaved,iter3,1/1,no,,,,,,,,,,,,,,,
416c53de436a8336898b5be313cb6d3100ba3795,2026-10-03 08:22:18,commit 416c53de43 | peano 22.0.0+0006955e | mlir_aie 1.4.4.dev73+g18ca6c1 | kernels 5726d482c21a | runtime CachedXRTRuntime | xdna 2.21.0_20260625 | xrt 2.21.0 | host docker-runner-6aa540df4097 | device NPU Krackan 1 | pmode default,iron/operators/flm/dequant/test.py::test_e4b_gate_up_interleaved,iter4,1/1,no,,,,,,,,,,,,,,,
416c53de436a8336898b5be313cb6d3100ba3795,2026-10-03 08:22:18,commit 416c53de43 | peano 22.0.0+0006955e | mlir_aie 1.4.4.dev73+g18ca6c1 | kernels 5726d482c21a | runtime CachedXRTRuntime | xdna 2.21.0_20260625 | xrt 2.21.0 | host docker-runner-6aa540df4097 | device NPU Krackan 1 | pmode default,iron/operators/flm/dequant/test.py::test_e4b_shapes,K_10240-N_2560,5/5,no,,,,,,,,,,,,,,,
416c53de436a8336898b5be313cb6d3100ba3795,2026-10-03 08:22:18,commit 416c53de43 | peano 22.0.0+0006955e | mlir_aie 1.4.4.dev73+g18ca6c1 | kernels 5726d482c21a | runtime CachedXRTRuntime | xdna 2.21.0_20260625 | xrt 2.21.0 | host docker-runner-6aa540df4097 | device NPU Krackan 1 | pmode default,iron/operators/flm/dequant/test.py::test_e4b_shapes,K_2560-N_10240,5/5,no,,,,,,,,,,,,,,,
416c53de436a8336898b5be313cb6d3100ba3795,2026-10-03 08:22:18,commit 416c53de43 | peano 22.0.0+0006955e | mlir_aie 1.4.4.dev73+g18ca6c1 | kernels 5726d482c21a | runtime CachedXRTRuntime | xdna 2.21.0_20260625 | xrt 2.21.0 | host docker-runner-6aa540df4097 | device NPU Krackan 1 | pmode default,iron/operators/flm/dequant/test.py::test_e4b_shapes,K_2560-N_2560,5/5,no,,,,,,,,,,,,,,,
416c53de436a8336898b5be313cb6d3100ba3795,2026-10-03 08:22:18,commit 416c53de43 | peano 22.0.0+0006955e | mlir_aie 1.4.4.dev73+g18ca6c1 | kernels 5726d482c21a | runtime CachedXRTRuntime | xdna 2.21.0_20260625 | xrt 2.21.0 | host docker-runner-6aa540df4097 | device NPU Krackan 1 | pmode default,iron/operators/flm/dequant/test.py::test_gate_up_interleaved_blob,iter0,1/1,no,,,,,,,,,,,,,,,
416c53de436a8336898b5be313cb6d3100ba3795,2026-10-03 08:22:18,commit 416c53de43 | peano 22.0.0+0006955e | mlir_aie 1.4.4.dev73+g18ca6c1 | kernels 5726d482c21a | runtime CachedXRTRuntime | xdna 2.21.0_20260625 | xrt 2.21.0 | host docker-runner-6aa540df4097 | device NPU Krackan 1 | pmode default,iron/operators/flm/dequant/test.py::test_gate_up_interleaved_blob,iter1,1/1,no,,,,,,,,,,,,,,,
416c53de436a8336898b5be313cb6d3100ba3795,2026-10-03 08:22:18,commit 416c53de43 | peano 22.0.0+0006955e | mlir_aie 1.4.4.dev73+g18ca6c1 | kernels 5726d482c21a | runtime CachedXRTRuntime | xdna 2.21.0_20260625 | xrt 2.21.0 | host docker-runner-6aa540df4097 | device NPU Krackan 1 | pmode default,iron/operators/flm/dequant/test.py::test_gate_up_interleaved_blob,iter2,1/1,no,,,,,,,,,,,,,,,
416c53de436a8336898b5be313cb6d3100ba3795,2026-10-03 08:22:18,commit 416c53de43 | peano 22.0.0+0006955e | mlir_aie 1.4.4.dev73+g18ca6c1 | kernels 5726d482c21a | runtime CachedXRTRuntime | xdna 2.21.0_20260625 | xrt 2.21.0 | host docker-runner-6aa540df4097 | device NPU Krackan 1 | pmode default,iron/operators/flm/dequant/test.py::test_gate_up_interleaved_blob,iter3,1/1,no,,,,,,,,,,,,,,,
416c53de436a8336898b5be313cb6d3100ba3795,2026-10-03 08:22:18,commit 416c53de43 | peano 22.0.0+0006955e | mlir_aie 1.4.4.dev73+g18ca6c1 | kernels 5726d482c21a | runtime CachedXRTRuntime | xdna 2.21.0_20260625 | xrt 2.21.0 | host docker-runner-6aa540df4097 | device NPU Krackan 1 | pmode default,iron/operators/flm/dequant/test.py::test_gate_up_interleaved_blob,iter4,1/1,no,,,,,,,,,,,,,,,
416c53de436a8336898b5be313cb6d3100ba3795,2026-10-03 08:22:18,commit 416c53de43 | peano 22.0.0+0006955e | mlir_aie 1.4.4.dev73+g18ca6c1 | kernels 5726d482c21a | runtime CachedXRTRuntime | xdna 2.21.0_20260625 | xrt 2.21.0 | host docker-runner-6aa540df4097 | device NPU Krackan 1 | pmode default,iron/operators/flm/dequant/test.py::test_large_k_shapes,K_12288-N_1536,5/5,no,1489.1200000000001,1434.0,1320.4,1849.5,207.50242649183645,22.483508,23.03308,17.85932,25.0144,2.724487254671968,,,,,
416c53de436a8336898b5be313cb6d3100ba3795,2026-10-03 08:22:18,commit 416c53de43 | peano 22.0.0+0006955e | mlir_aie 1.4.4.dev73+g18ca6c1 | kernels 5726d482c21a | runtime CachedXRTRuntime | xdna 2.21.0_20260625 | xrt 2.21.0 | host docker-runner-6aa540df4097 | device NPU Krackan 1 | pmode default,iron/operators/flm/dequant/test.py::test_large_k_shapes,K_4096-N_1536,5/5,no,639.42,644.8,546.9,700.7,60.22588314005866,17.349007999999998,17.07545,15.71304,20.13019,1.7389921676706883,,,,,
416c53de436a8336898b5be313cb6d3100ba3795,2026-10-03 08:22:18,commit 416c53de43 | peano 22.0.0+0006955e | mlir_aie 1.4.4.dev73+g18ca6c1 | kernels 5726d482c21a | runtime CachedXRTRuntime | xdna 2.21.0_20260625 | xrt 2.21.0 | host docker-runner-6aa540df4097 | device NPU Krackan 1 | pmode default,iron/operators/flm/dequant/test.py::test_large_k_shapes,K_6144-N_1536,5/5,yes,944.88,849.0,825.4,1338.1,220.8304258928103,18.085046,19.45245,12.3421,20.00973,3.2460869943872424,,,,,
416c53de436a8336898b5be313cb6d3100ba3795,2026-10-03 08:22:18,commit 416c53de43 | peano 22.0.0+0006955e | mlir_aie 1.4.4.dev73+g18ca6c1 | kernels 5726d482c21a | runtime CachedXRTRuntime | xdna 2.21.0_20260625 | xrt 2.21.0 | host docker-runner-6aa540df4097 | device NPU Krackan 1 | pmode default,iron/operators/flm/dequant/test.py::test_matches_reference,K_1024-N_128,5/5,no,,,,,,,,,,,,,,,
416c53de436a8336898b5be313cb6d3100ba3795,2026-10-03 08:22:18,commit 416c53de43 | peano 22.0.0+0006955e | mlir_aie 1.4.4.dev73+g18ca6c1 | kernels 5726d482c21a | runtime CachedXRTRuntime | xdna 2.21.0_20260625 | xrt 2.21.0 | host docker-runner-6aa540df4097 | device NPU Krackan 1 | pmode default,iron/operators/flm/dequant/test.py::test_matches_reference,K_1024-N_512,5/5,no,,,,,,,,,,,,,,,
416c53de436a8336898b5be313cb6d3100ba3795,2026-10-03 08:22:18,commit 416c53de43 | peano 22.0.0+0006955e | mlir_aie 1.4.4.dev73+g18ca6c1 | kernels 5726d482c21a | runtime CachedXRTRuntime | xdna 2.21.0_20260625 | xrt 2.21.0 | host docker-runner-6aa540df4097 | device NPU Krackan 1 | pmode default,iron/operators/flm/dequant/test.py::test_matches_reference,K_1536-N_640,5/5,no,,,,,,,,,,,,,,,
416c53de436a8336898b5be313cb6d3100ba3795,2026-10-03 08:22:18,commit 416c53de43 | peano 22.0.0+0006955e | mlir_aie 1.4.4.dev73+g18ca6c1 | kernels 5726d482c21a | runtime CachedXRTRuntime | xdna 2.21.0_20260625 | xrt 2.21.0 | host docker-runner-6aa540df4097 | device NPU Krackan 1 | pmode default,iron/operators/flm/dequant/test.py::test_matches_reference,K_2048-N_256,5/5,no,,,,,,,,,,,,,,,
416c53de436a8336898b5be313cb6d3100ba3795,2026-10-03 08:22:18,commit 416c53de43 | peano 22.0.0+0006955e | mlir_aie 1.4.4.dev73+g18ca6c1 | kernels 5726d482c21a | runtime CachedXRTRuntime | xdna 2.21.0_20260625 | xrt 2.21.0 | host docker-runner-6aa540df4097 | device NPU Krackan 1 | pmode default,iron/operators/flm/dequant/test.py::test_one_xclbin_serves_every_shape,iter0,1/1,no,,,,,,,,,,,,,,,
416c53de436a8336898b5be313cb6d3100ba3795,2026-10-03 08:22:18,commit 416c53de43 | peano 22.0.0+0006955e | mlir_aie 1.4.4.dev73+g18ca6c1 | kernels 5726d482c21a | runtime CachedXRTRuntime | xdna 2.21.0_20260625 | xrt 2.21.0 | host docker-runner-6aa540df4097 | device NPU Krackan 1 | pmode default,iron/operators/flm/dequant/test.py::test_one_xclbin_serves_every_shape,iter1,1/1,no,,,,,,,,,,,,,,,
416c53de436a8336898b5be313cb6d3100ba3795,2026-10-03 08:22:18,commit 416c53de43 | peano 22.0.0+0006955e | mlir_aie 1.4.4.dev73+g18ca6c1 | kernels 5726d482c21a | runtime CachedXRTRuntime | xdna 2.21.0_20260625 | xrt 2.21.0 | host docker-runner-6aa540df4097 | device NPU Krackan 1 | pmode default,iron/operators/flm/dequant/test.py::test_one_xclbin_serves_every_shape,iter2,1/1,no,,,,,,,,,,,,,,,
416c53de436a8336898b5be313cb6d3100ba3795,2026-10-03 08:22:18,commit 416c53de43 | peano 22.0.0+0006955e | mlir_aie 1.4.4.dev73+g18ca6c1 | kernels 5726d482c21a | runtime CachedXRTRuntime | xdna 2.21.0_20260625 | xrt 2.21.0 | host docker-runner-6aa540df4097 | device NPU Krackan 1 | pmode default,iron/operators/flm/dequant/test.py::test_one_xclbin_serves_every_shape,iter3,1/1,no,,,,,,,,,,,,,,,
416c53de436a8336898b5be313cb6d3100ba3795,2026-10-03 08:22:18,commit 416c53de43 | peano 22.0.0+0006955e | mlir_aie 1.4.4.dev73+g18ca6c1 | kernels 5726d482c21a | runtime CachedXRTRuntime | xdna 2.21.0_20260625 | xrt 2.21.0 | host docker-runner-6aa540df4097 | device NPU Krackan 1 | pmode default,iron/operators/flm/dequant/test.py::test_one_xclbin_serves_every_shape,iter4,1/1,no,,,,,,,,,,,,,,,
416c53de436a8336898b5be313cb6d3100ba3795,2026-10-03 08:22:18,commit 416c53de43 | peano 22.0.0+0006955e | mlir_aie 1.4.4.dev73+g18ca6c1 | kernels 5726d482c21a | runtime CachedXRTRuntime | xdna 2.21.0_20260625 | xrt 2.21.0 | host docker-runner-6aa540df4097 | device NPU Krackan 1 | pmode default,iron/operators/flm/dequant/test.py::test_output_feeds_gemm_unchanged,iter0,1/1,no,,,,,,,,,,,,,,,
416c53de436a8336898b5be313cb6d3100ba3795,2026-10-03 08:22:18,commit 416c53de43 | peano 22.0.0+0006955e | mlir_aie 1.4.4.dev73+g18ca6c1 | kernels 5726d482c21a | runtime CachedXRTRuntime | xdna 2.21.0_20260625 | xrt 2.21.0 | host docker-runner-6aa540df4097 | device NPU Krackan 1 | pmode default,iron/operators/flm/dequant/test.py::test_output_feeds_gemm_unchanged,iter1,1/1,no,,,,,,,,,,,,,,,
416c53de436a8336898b5be313cb6d3100ba3795,2026-10-03 08:22:18,commit 416c53de43 | peano 22.0.0+0006955e | mlir_aie 1.4.4.dev73+g18ca6c1 | kernels 5726d482c21a | runtime CachedXRTRuntime | xdna 2.21.0_20260625 | xrt 2.21.0 | host docker-runner-6aa540df4097 | device NPU Krackan 1 | pmode default,iron/operators/flm/dequant/test.py::test_output_feeds_gemm_unchanged,iter2,1/1,no,,,,,,,,,,,,,,,
416c53de436a8336898b5be313cb6d3100ba3795,2026-10-03 08:22:18,commit 416c53de43 | peano 22.0.0+0006955e | mlir_aie 1.4.4.dev73+g18ca6c1 | kernels 5726d482c21a | runtime CachedXRTRuntime | xdna 2.21.0_20260625 | xrt 2.21.0 | host docker-runner-6aa540df4097 | device NPU Krackan 1 | pmode default,iron/operators/flm/dequant/test.py::test_output_feeds_gemm_unchanged,iter3,1/1,no,,,,,,,,,,,,,,,
416c53de436a8336898b5be313cb6d3100ba3795,2026-10-03 08:22:18,commit 416c53de43 | peano 22.0.0+0006955e | mlir_aie 1.4.4.dev73+g18ca6c1 | kernels 5726d482c21a | runtime CachedXRTRuntime | xdna 2.21.0_20260625 | xrt 2.21.0 | host docker-runner-6aa540df4097 | device NPU Krackan 1 | pmode default,iron/operators/flm/dequant/test.py::test_output_feeds_gemm_unchanged,iter4,1/1,no,,,,,,,,,,,,,,,
416c53de436a8336898b5be313cb6d3100ba3795,2026-10-03 08:22:18,commit 416c53de43 | peano 22.0.0+0006955e | mlir_aie 1.4.4.dev73+g18ca6c1 | kernels 5726d482c21a | runtime CachedXRTRuntime | xdna 2.21.0_20260625 | xrt 2.21.0 | host docker-runner-6aa540df4097 | device NPU Krackan 1 | pmode default,iron/operators/flm/dequant/test.py::test_rejects_unservable_shapes,K_1000-N_128-exc_<class 'ValueError'>-match_multiple of,5/5,no,,,,,,,,,,,,,,,
416c53de436a8336898b5be313cb6d3100ba3795,2026-10-03 08:22:18,commit 416c53de43 | peano 22.0.0+0006955e | mlir_aie 1.4.4.dev73+g18ca6c1 | kernels 5726d482c21a | runtime CachedXRTRuntime | xdna 2.21.0_20260625 | xrt 2.21.0 | host docker-runner-6aa540df4097 | device NPU Krackan 1 | pmode default,iron/operators/flm/dequant/test.py::test_rejects_unservable_shapes,K_1024-N_100-exc_<class 'ValueError'>-match_multiple of,5/5,no,,,,,,,,,,,,,,,
416c53de436a8336898b5be313cb6d3100ba3795,2026-10-03 08:22:18,commit 416c53de43 | peano 22.0.0+0006955e | mlir_aie 1.4.4.dev73+g18ca6c1 | kernels 5726d482c21a | runtime CachedXRTRuntime | xdna 2.21.0_20260625 | xrt 2.21.0 | host docker-runner-6aa540df4097 | device NPU Krackan 1 | pmode default,iron/operators/flm/dequant/test.py::test_rejects_unservable_shapes,K_512-N_128-exc_<class 'NotImplementedError'>-match_tile_n,5/5,no,,,,,,,,,,,,,,,
416c53de436a8336898b5be313cb6d3100ba3795,2026-10-03 08:22:18,commit 416c53de43 | peano 22.0.0+0006955e | mlir_aie 1.4.4.dev73+g18ca6c1 | kernels 5726d482c21a | runtime CachedXRTRuntime | xdna 2.21.0_20260625 | xrt 2.21.0 | host docker-runner-6aa540df4097 | device NPU Krackan 1 | pmode default,iron/operators/flm/gemm/test.py::test_artifact_stem_differs_from_generic_gemm,M_256-K_512-N_1024,5/5,no,,,,,,,,,,,,,,,
416c53de436a8336898b5be313cb6d3100ba3795,2026-10-03 08:22:18,commit 416c53de43 | peano 22.0.0+0006955e | mlir_aie 1.4.4.dev73+g18ca6c1 | kernels 5726d482c21a | runtime CachedXRTRuntime | xdna 2.21.0_20260625 | xrt 2.21.0 | host docker-runner-6aa540df4097 | device NPU Krackan 1 | pmode default,iron/operators/flm/gemm/test.py::test_artifact_stem_differs_from_generic_gemm,M_512-K_1024-N_2048,5/5,no,,,,,,,,,,,,,,,
416c53de436a8336898b5be313cb6d3100ba3795,2026-10-03 08:22:18,commit 416c53de43 | peano 22.0.0+0006955e | mlir_aie 1.4.4.dev73+g18ca6c1 | kernels 5726d482c21a | runtime CachedXRTRuntime | xdna 2.21.0_20260625 | xrt 2.21.0 | host docker-runner-6aa540df4097 | device NPU Krackan 1 | pmode default,iron/operators/flm/gemm/test.py::test_gemm,M_1024-K_10240-N_2560-epilogue_none-clamp_None-rounding_conv_even,5/5,no,4018.56,3862.7,3825.9,4309.8,232.79077086516995,13.898584,14.42128,12.92543,14.56007,0.787449832960805,13394.962,13898.72,12457.07,14032.48,758.917440516424
416c53de436a8336898b5be313cb6d3100ba3795,2026-10-03 08:22:18,commit 416c53de43 | peano 22.0.0+0006955e | mlir_aie 1.4.4.dev73+g18ca6c1 | kernels 5726d482c21a | runtime CachedXRTRuntime | xdna 2.21.0_20260625 | xrt 2.21.0 | host docker-runner-6aa540df4097 | device NPU Krackan 1 | pmode default,iron/operators/flm/gemm/test.py::test_gemm,M_1024-K_2048-N_2048-epilogue_none-clamp_None-rounding_conv_even,5/5,no,971.8,898.9,828.1,1350.8,213.9902801530948,13.9107884,14.5807,9.703632,15.82733,2.410286890686003,9116.5738,9555.605,6359.372,10372.6,1579.605775190348
416c53de436a8336898b5be313cb6d3100ba3795,2026-10-03 08:22:18,commit 416c53de43 | peano 22.0.0+0006955e | mlir_aie 1.4.4.dev73+g18ca6c1 | kernels 5726d482c21a | runtime CachedXRTRuntime | xdna 2.21.0_20260625 | xrt 2.21.0 | host docker-runner-6aa540df4097 | device NPU Krackan 1 | pmode default,iron/operators/flm/gemm/test.py::test_gemm,M_1024-K_2560-N_10240-epilogue_none-clamp_None-rounding_conv_even,5/5,yes,4100.84,4063.3,3922.5,4328.4,177.13543688375833,13.603921999999999,13.70932,12.86966,14.20141,0.5820269100479807,13110.984,13212.56,12403.33,13686.82,560.936261289997
416c53de436a8336898b5be313cb6d3100ba3795,2026-10-03 08:22:18,commit 416c53de43 | peano 22.0.0+0006955e | mlir_aie 1.4.4.dev73+g18ca6c1 | kernels 5726d482c21a | runtime CachedXRTRuntime | xdna 2.21.0_20260625 | xrt 2.21.0 | host docker-runner-6aa540df4097 | device NPU Krackan 1 | pmode default,iron/operators/flm/gemm/test.py::test_gemm,M_1024-K_2560-N_2560-epilogue_none-clamp_None-rounding_conv_even,5/5,no,1266.3,1197.4,1085.6,1650.4,220.33603881344519,14.395486,14.91506,10.82086,16.45089,2.1098186145804103,10819.066,11209.56,8132.52,12363.83,1585.656146845841
416c53de436a8336898b5be313cb6d3100ba3795,2026-10-03 08:22:18,commit 416c53de43 | peano 22.0.0+0006955e | mlir_aie 1.4.4.dev73+g18ca6c1 | kernels 5726d482c21a | runtime CachedXRTRuntime | xdna 2.21.0_20260625 | xrt 2.21.0 | host docker-runner-6aa540df4097 | device NPU Krackan 1 | pmode default,iron/operators/flm/gemm/test.py::test_gemm,M_2048-K_10240-N_2560-epilogue_none-clamp_None-rounding_conv_even,5/5,no,7486.68,7477.7,7295.1,7679.7,188.88078780013586,10.947652,10.95524,10.66706,11.22942,0.2760188198656026,14349.31,14359.25,13981.53,14718.63,361.7829443879298
416c53de436a8336898b5be313cb6d3100ba3795,2026-10-03 08:22:18,commit 416c53de43 | peano 22.0.0+0006955e | mlir_aie 1.4.4.dev73+g18ca6c1 | kernels 5726d482c21a | runtime CachedXRTRuntime | xdna 2.21.0_20260625 | xrt 2.21.0 | host docker-runner-6aa540df4097 | device NPU Krackan 1 | pmode default,iron/operators/flm/gemm/test.py::test_gemm,M_2048-K_2048-N_2048-epilogue_none-clamp_None-rounding_conv_even,5/5,no,1619.88,1459.0,1410.6,1910.4,244.0783726592752,13.502818,14.73296,11.25189,15.23924,1.9323735811741998,10791.716,11774.87,8992.728,12179.5,1544.3924444913605
416c53de436a8336898b5be313cb6d3100ba3795,2026-10-03 08:22:18,commit 416c53de43 | peano 22.0.0+0006955e | mlir_aie 1.4.4.dev73+g18ca6c1 | kernels 5726d482c21a | runtime CachedXRTRuntime | xdna 2.21.0_20260625 | xrt 2.21.0 | host docker-runner-6aa540df4097 | device NPU Krackan 1 | pmode default,iron/operators/flm/gemm/test.py::test_gemm,M_2048-K_2560-N_10240-epilogue_none-clamp_None-rounding_conv_even,5/5,yes,7673.64,7764.6,7448.3,7855.3,196.83824069524712,10.68117,10.55044,10.42866,10.99852,0.27611917970325733,14000.021999999999,13828.67,13669.05,14415.98,361.9156004788962
416c53de436a8336898b5be313cb6d3100ba3795,2026-10-03 08:22:18,commit 416c53de43 | peano 22.0.0+0006955e | mlir_aie 1.4.4.dev73+g18ca6c1 | kernels 5726d482c21a | runtime CachedXRTRuntime | xdna 2.21.0_20260625 | xrt 2.21.0 | host docker-runner-6aa540df4097 | device NPU Krackan 1 | pmode default,iron/operators/flm/gemm/test.py::test_gemm,M_256-K_512-N_1024-epilogue_gelu-clamp_None-rounding_conv_even,5/5,no,390.36,392.1,382.1,394.8,5.048564152311026,3.5262876,3.509989,3.48639,3.601935,0.046073556860741736,687.79396,684.6149,680.0121,702.5488,8.986523388274254
416c53de436a8336898b5be313cb6d3100ba3795,2026-10-03 08:22:18,commit 416c53de43 | peano 22.0.0+0006955e | mlir_aie 1.4.4.dev73+g18ca6c1 | kernels 5726d482c21a | runtime CachedXRTRuntime | xdna 2.21.0_20260625 | xrt 2.21.0 | host docker-runner-6aa540df4097 | device NPU Krackan 1 | pmode default,iron/operators/flm/gemm/test.py::test_gemm,"M_256-K_512-N_1024-epilogue_none-clamp_(-2.0, 2.0)-rounding_conv_even",5/5,no,372.46,375.2,360.5,384.1,9.925875276266577,3.6972076,3.668402,3.583431,3.817451,0.09866542965142351,721.1315,715.5131,698.9396,744.5847,19.244483346273547
416c53de436a8336898b5be313cb6d3100ba3795,2026-10-03 08:22:18,commit 416c53de43 | peano 22.0.0+0006955e | mlir_aie 1.4.4.dev73+g18ca6c1 | kernels 5726d482c21a | runtime CachedXRTRuntime | xdna 2.21.0_20260625 | xrt 2.21.0 | host docker-runner-6aa540df4097 | device NPU Krackan 1 | pmode default,iron/operators/flm/gemm/test.py::test_gemm,M_256-K_512-N_1024-epilogue_none-clamp_None-rounding_conv_even,5/5,no,331.56,359.9,223.7,378.2,63.86390216703017,4.3122002,3.824367,3.638858,6.150947,1.055123831045769,841.08444,745.9338,709.7505,1199.728,205.7995908597318
416c53de436a8336898b5be313cb6d3100ba3795,2026-10-03 08:22:18,commit 416c53de43 | peano 22.0.0+0006955e | mlir_aie 1.4.4.dev73+g18ca6c1 | kernels 5726d482c21a | runtime CachedXRTRuntime | xdna 2.21.0_20260625 | xrt 2.21.0 | host docker-runner-6aa540df4097 | device NPU Krackan 1 | pmode default,iron/operators/flm/gemm/test.py::test_gemm,M_256-K_512-N_1024-epilogue_none-clamp_None-rounding_floor,5/5,no,350.14,354.1,322.2,368.5,18.24562961369106,3.9394012,3.886697,3.73463,4.271248,0.2119829663267782,768.37082,758.0909,728.4307,833.0968,41.346801826828155
416c53de436a8336898b5be313cb6d3100ba3795,2026-10-03 08:22:18,commit 416c53de43 | peano 22.0.0+0006955e | mlir_aie 1.4.4.dev73+g18ca6c1 | kernels 5726d482c21a | runtime CachedXRTRuntime | xdna 2.21.0_20260625 | xrt 2.21.0 | host docker-runner-6aa540df4097 | device NPU Krackan 1 | pmode default,iron/operators/flm/gemm/test.py::test_gemm,M_256-K_512-N_1024-epilogue_sigmoid-clamp_None-rounding_conv_even,5/5,no,336.46,348.6,212.7,405.9,73.82149415989899,4.3050180000000005,3.947454,3.390862,6.469649,1.2369596591783019,839.6836000000001,769.9414,661.3796,1261.89,241.26618525279298
416c53de436a8336898b5be313cb6d3100ba3795,2026-10-03 08:22:18,commit 416c53de43 | peano 22.0.0+0006955e | mlir_aie 1.4.4.dev73+g18ca6c1 | kernels 5726d482c21a | runtime CachedXRTRuntime | xdna 2.21.0_20260625 | xrt 2.21.0 | host docker-runner-6aa540df4097 | device NPU Krackan 1 | pmode default,iron/operators/flm/gemm/test.py::test_gemm,M_256-K_512-N_1024-epilogue_silu-clamp_None-rounding_conv_even,5/5,no,372.18,373.6,359.9,387.2,11.382969735530356,3.7004986,3.684242,3.554132,3.823507,0.11287359783979609,721.7734,718.6026,693.225,745.7659,22.015703274821806
416c53de436a8336898b5be313cb6d3100ba3795,2026-10-03 08:22:18,commit 416c53de43 | peano 22.0.0+0006955e | mlir_aie 1.4.4.dev73+g18ca6c1 | kernels 5726d482c21a | runtime CachedXRTRuntime | xdna 2.21.0_20260625 | xrt 2.21.0 | host docker-runner-6aa540df4097 | device NPU Krackan 1 | pmode default,iron/operators/flm/gemm/test.py::test_gemm,M_256-K_512-N_1024-epilogue_silu-clamp_None-rounding_floor,5/5,no,343.54,370.5,252.5,373.9,51.95717467299391,4.0982218,3.714531,3.68099,5.449634,0.7635562384164639,799.34838,724.5104,717.9684,1062.938,148.92976172260538
416c53de436a8336898b5be313cb6d3100ba3795,2026-10-03 08:22:18,commit 416c53de43 | peano 22.0.0+0006955e | mlir_aie 1.4.4.dev73+g18ca6c1 | kernels 5726d482c21a | runtime CachedXRTRuntime | xdna 2.21.0_20260625 | xrt 2.21.0 | host docker-runner-6aa540df4097 | device NPU Krackan 1 | pmode default,iron/operators/flm/gemm/test.py::test_gemm,M_256-K_512-N_128-epilogue_none-clamp_None-rounding_conv_even,5/5,no,345.7,362.4,263.6,386.4,48.723813479652826,1.183242,1.107791,1.038771,1.522954,0.1963553470904217,98.909364,92.60227,86.83275,127.3065,16.41369830773004
416c53de436a8336898b5be313cb6d3100ba3795,2026-10-03 08:22:18,commit 416c53de43 | peano 22.0.0+0006955e | mlir_aie 1.4.4.dev73+g18ca6c1 | kernels 5726d482c21a | runtime CachedXRTRuntime | xdna 2.21.0_20260625 | xrt 2.21.0 | host docker-runner-6aa540df4097 | device NPU Krackan 1 | pmode default,iron/operators/flm/gemm/test.py::test_gemm,M_256-K_512-N_1536-epilogue_none-clamp_None-rounding_conv_even,5/5,no,371.53999999999996,390.8,273.7,423.9,59.799774247065514,5.333438,4.946746,4.560903,7.063333,1.015007450026107,1110.80162,1030.265,949.9047,1471.089,211.39688629029516
416c53de436a8336898b5be313cb6d3100ba3795,2026-10-03 08:22:18,commit 416c53de43 | peano 22.0.0+0006955e | mlir_aie 1.4.4.dev73+g18ca6c1 | kernels 5726d482c21a | runtime CachedXRTRuntime | xdna 2.21.0_20260625 | xrt 2.21.0 | host docker-runner-6aa540df4097 | device NPU Krackan 1 | pmode default,iron/operators/flm/gemm/test.py::test_gemm,M_512-K_1024-N_2048-epilogue_none-clamp_None-rounding_conv_even,5/5,no,593.06,502.1,477.8,971.2,212.4252645049548,9.9829512,10.96321,5.668276,11.52185,2.454366670562327,3894.3018,4276.697,2211.167,4494.618,957.437044746912
416c53de436a8336898b5be313cb6d3100ba3795,2026-10-03 08:22:18,commit 416c53de43 | peano 22.0.0+0006955e | mlir_aie 1.4.4.dev73+g18ca6c1 | kernels 5726d482c21a | runtime CachedXRTRuntime | xdna 2.21.0_20260625 | xrt 2.21.0 | host docker-runner-6aa540df4097 | device NPU Krackan 1 | pmode default,iron/operators/flm/gemm/test.py::test_gemm,"M_512-K_1024-N_2048-epilogue_silu-clamp_(-4.0, 4.0)-rounding_conv_even",5/5,no,464.76,463.2,426.6,490.9,24.59863817368757,11.872250000000001,11.88549,11.21357,12.90493,0.6499517214762954,4631.308,4636.471,4374.362,5034.152,253.54286935447428
416c53de436a8336898b5be313cb6d3100ba3795,2026-10-03 08:22:18,commit 416c53de43 | peano 22.0.0+0006955e | mlir_aie 1.4.4.dev73+g18ca6c1 | kernels 5726d482c21a | runtime CachedXRTRuntime | xdna 2.21.0_20260625 | xrt 2.21.0 | host docker-runner-6aa540df4097 | device NPU Krackan 1 | pmode default,iron/operators/flm/gemm/test.py::test_gemm,M_512-K_1536-N_1536-epilogue_silu-clamp_None-rounding_conv_even,5/5,no,486.16,489.3,466.4,509.5,18.90589855045245,11.944792,11.85397,11.38448,12.43613,0.4645240115107078,4975.5112,4937.682,4742.117,5180.174,193.493749453826
416c53de436a8336898b5be313cb6d3100ba3795,2026-10-03 08:22:18,commit 416c53de43 | peano 22.0.0+0006955e | mlir_aie 1.4.4.dev73+g18ca6c1 | kernels 5726d482c21a | runtime CachedXRTRuntime | xdna 2.21.0_20260625 | xrt 2.21.0 | host docker-runner-6aa540df4097 | device NPU Krackan 1 | pmode default,iron/operators/flm/gemm/test.py::test_gemm_gelu_bf16_steps_matches_overlay,M_256-K_512-N_1024,5/5,no,,,,,,,,,,,,,,,
416c53de436a8336898b5be313cb6d3100ba3795,2026-10-03 08:22:18,commit 416c53de43 | peano 22.0.0+0006955e | mlir_aie 1.4.4.dev73+g18ca6c1 | kernels 5726d482c21a | runtime CachedXRTRuntime | xdna 2.21.0_20260625 | xrt 2.21.0 | host docker-runner-6aa540df4097 | device NPU Krackan 1 | pmode default,iron/operators/flm/gemm/test.py::test_gemm_gelu_bf16_steps_matches_overlay,M_512-K_1536-N_256,5/5,no,,,,,,,,,,,,,,,
416c53de436a8336898b5be313cb6d3100ba3795,2026-10-03 08:22:18,commit 416c53de43 | peano 22.0.0+0006955e | mlir_aie 1.4.4.dev73+g18ca6c1 | kernels 5726d482c21a | runtime CachedXRTRuntime | xdna 2.21.0_20260625 | xrt 2.21.0 | host docker-runner-6aa540df4097 | device NPU Krackan 1 | pmode default,iron/operators/flm/gemm/test.py::test_gemm_gelu_bf16_steps_matches_overlay,M_512-K_1536-N_6144,5/5,no,,,,,,,,,,,,,,,
416c53de436a8336898b5be313cb6d3100ba3795,2026-10-03 08:22:18,commit 416c53de43 | peano 22.0.0+0006955e | mlir_aie 1.4.4.dev73+g18ca6c1 | kernels 5726d482c21a | runtime CachedXRTRuntime | xdna 2.21.0_20260625 | xrt 2.21.0 | host docker-runner-6aa540df4097 | device NPU Krackan 1 | pmode default,iron/operators/flm/gemm/test.py::test_gemm_split_leg_bounds,iter0,1/1,no,,,,,,,,,,,,,,,
416c53de436a8336898b5be313cb6d3100ba3795,2026-10-03 08:22:18,commit 416c53de43 | peano 22.0.0+0006955e | mlir_aie 1.4.4.dev73+g18ca6c1 | kernels 5726d482c21a | runtime CachedXRTRuntime | xdna 2.21.0_20260625 | xrt 2.21.0 | host docker-runner-6aa540df4097 | device NPU Krackan 1 | pmode default,iron/operators/flm/gemm/test.py::test_gemm_split_leg_bounds,iter1,1/1,no,,,,,,,,,,,,,,,
416c53de436a8336898b5be313cb6d3100ba3795,2026-10-03 08:22:18,commit 416c53de43 | peano 22.0.0+0006955e | mlir_aie 1.4.4.dev73+g18ca6c1 | kernels 5726d482c21a | runtime CachedXRTRuntime | xdna 2.21.0_20260625 | xrt 2.21.0 | host docker-runner-6aa540df4097 | device NPU Krackan 1 | pmode default,iron/operators/flm/gemm/test.py::test_gemm_split_leg_bounds,iter2,1/1,no,,,,,,,,,,,,,,,
416c53de436a8336898b5be313cb6d3100ba3795,2026-10-03 08:22:18,commit 416c53de43 | peano 22.0.0+0006955e | mlir_aie 1.4.4.dev73+g18ca6c1 | kernels 5726d482c21a | runtime CachedXRTRuntime | xdna 2.21.0_20260625 | xrt 2.21.0 | host docker-runner-6aa540df4097 | device NPU Krackan 1 | pmode default,iron/operators/flm/gemm/test.py::test_gemm_split_leg_bounds,iter3,1/1,no,,,,,,,,,,,,,,,
416c53de436a8336898b5be313cb6d3100ba3795,2026-10-03 08:22:18,commit 416c53de43 | peano 22.0.0+0006955e | mlir_aie 1.4.4.dev73+g18ca6c1 | kernels 5726d482c21a | runtime CachedXRTRuntime | xdna 2.21.0_20260625 | xrt 2.21.0 | host docker-runner-6aa540df4097 | device NPU Krackan 1 | pmode default,iron/operators/flm/gemm/test.py::test_gemm_split_leg_bounds,iter4,1/1,no,,,,,,,,,,,,,,,
416c53de436a8336898b5be313cb6d3100ba3795,2026-10-03 08:22:18,commit 416c53de43 | peano 22.0.0+0006955e | mlir_aie 1.4.4.dev73+g18ca6c1 | kernels 5726d482c21a | runtime CachedXRTRuntime | xdna 2.21.0_20260625 | xrt 2.21.0 | host docker-runner-6aa540df4097 | device NPU Krackan 1 | pmode default,iron/operators/flm/gemm/test.py::test_gemm_split_leg_bounds_runs,iter0,1/1,no,,,,,,,,,,,,,,,
416c53de436a8336898b5be313cb6d3100ba3795,2026-10-03 08:22:18,commit 416c53de43 | peano 22.0.0+0006955e | mlir_aie 1.4.4.dev73+g18ca6c1 | kernels 5726d482c21a | runtime CachedXRTRuntime | xdna 2.21.0_20260625 | xrt 2.21.0 | host docker-runner-6aa540df4097 | device NPU Krackan 1 | pmode default,iron/operators/flm/gemm/test.py::test_gemm_split_leg_bounds_runs,iter1,1/1,no,,,,,,,,,,,,,,,
416c53de436a8336898b5be313cb6d3100ba3795,2026-10-03 08:22:18,commit 416c53de43 | peano 22.0.0+0006955e | mlir_aie 1.4.4.dev73+g18ca6c1 | kernels 5726d482c21a | runtime CachedXRTRuntime | xdna 2.21.0_20260625 | xrt 2.21.0 | host docker-runner-6aa540df4097 | device NPU Krackan 1 | pmode default,iron/operators/flm/gemm/test.py::test_gemm_split_leg_bounds_runs,iter2,1/1,no,,,,,,,,,,,,,,,
416c53de436a8336898b5be313cb6d3100ba3795,2026-10-03 08:22:18,commit 416c53de43 | peano 22.0.0+0006955e | mlir_aie 1.4.4.dev73+g18ca6c1 | kernels 5726d482c21a | runtime CachedXRTRuntime | xdna 2.21.0_20260625 | xrt 2.21.0 | host docker-runner-6aa540df4097 | device NPU Krackan 1 | pmode default,iron/operators/flm/gemm/test.py::test_gemm_split_leg_bounds_runs,iter3,1/1,no,,,,,,,,,,,,,,,
416c53de436a8336898b5be313cb6d3100ba3795,2026-10-03 08:22:18,commit 416c53de43 | peano 22.0.0+0006955e | mlir_aie 1.4.4.dev73+g18ca6c1 | kernels 5726d482c21a | runtime CachedXRTRuntime | xdna 2.21.0_20260625 | xrt 2.21.0 | host docker-runner-6aa540df4097 | device NPU Krackan 1 | pmode default,iron/operators/flm/gemm/test.py::test_gemm_split_leg_bounds_runs,iter4,1/1,no,,,,,,,,,,,,,,,
416c53de436a8336898b5be313cb6d3100ba3795,2026-10-03 08:22:18,commit 416c53de43 | peano 22.0.0+0006955e | mlir_aie 1.4.4.dev73+g18ca6c1 | kernels 5726d482c21a | runtime CachedXRTRuntime | xdna 2.21.0_20260625 | xrt 2.21.0 | host docker-runner-6aa540df4097 | device NPU Krackan 1 | pmode default,iron/operators/flm/gemm/test.py::test_gemm_tile_options,tn128-ma16,5/5,no,,,,,,,,,,,,,,,
416c53de436a8336898b5be313cb6d3100ba3795,2026-10-03 08:22:18,commit 416c53de43 | peano 22.0.0+0006955e | mlir_aie 1.4.4.dev73+g18ca6c1 | kernels 5726d482c21a | runtime CachedXRTRuntime | xdna 2.21.0_20260625 | xrt 2.21.0 | host docker-runner-6aa540df4097 | device NPU Krackan 1 | pmode default,iron/operators/flm/gemm/test.py::test_gemm_tile_options,tn128-ma32,5/5,no,,,,,,,,,,,,,,,
416c53de436a8336898b5be313cb6d3100ba3795,2026-10-03 08:22:18,commit 416c53de43 | peano 22.0.0+0006955e | mlir_aie 1.4.4.dev73+g18ca6c1 | kernels 5726d482c21a | runtime CachedXRTRuntime | xdna 2.21.0_20260625 | xrt 2.21.0 | host docker-runner-6aa540df4097 | device NPU Krackan 1 | pmode default,iron/operators/flm/gemm/test.py::test_gemm_tile_options,tn128-ma64-default,5/5,no,,,,,,,,,,,,,,,
416c53de436a8336898b5be313cb6d3100ba3795,2026-10-03 08:22:18,commit 416c53de43 | peano 22.0.0+0006955e | mlir_aie 1.4.4.dev73+g18ca6c1 | kernels 5726d482c21a | runtime CachedXRTRuntime | xdna 2.21.0_20260625 | xrt 2.21.0 | host docker-runner-6aa540df4097 | device NPU Krackan 1 | pmode default,iron/operators/flm/gemm/test.py::test_gemm_tile_options,tn16-ma16,5/5,no,,,,,,,,,,,,,,,
416c53de436a8336898b5be313cb6d3100ba3795,2026-10-03 08:22:18,commit 416c53de43 | peano 22.0.0+0006955e | mlir_aie 1.4.4.dev73+g18ca6c1 | kernels 5726d482c21a | runtime CachedXRTRuntime | xdna 2.21.0_20260625 | xrt 2.21.0 | host docker-runner-6aa540df4097 | device NPU Krackan 1 | pmode default,iron/operators/flm/gemm/test.py::test_gemm_tile_options,tn16-ma32,5/5,no,,,,,,,,,,,,,,,
416c53de436a8336898b5be313cb6d3100ba3795,2026-10-03 08:22:18,commit 416c53de43 | peano 22.0.0+0006955e | mlir_aie 1.4.4.dev73+g18ca6c1 | kernels 5726d482c21a | runtime CachedXRTRuntime | xdna 2.21.0_20260625 | xrt 2.21.0 | host docker-runner-6aa540df4097 | device NPU Krackan 1 | pmode default,iron/operators/flm/gemm/test.py::test_gemm_tile_options,tn16-ma64-default,5/5,no,,,,,,,,,,,,,,,
416c53de436a8336898b5be313cb6d3100ba3795,2026-10-03 08:22:18,commit 416c53de43 | peano 22.0.0+0006955e | mlir_aie 1.4.4.dev73+g18ca6c1 | kernels 5726d482c21a | runtime CachedXRTRuntime | xdna 2.21.0_20260625 | xrt 2.21.0 | host docker-runner-6aa540df4097 | device NPU Krackan 1 | pmode default,iron/operators/flm/gemm/test.py::test_gemm_tile_options,tn32-ma16,5/5,no,,,,,,,,,,,,,,,
416c53de436a8336898b5be313cb6d3100ba3795,2026-10-03 08:22:18,commit 416c53de43 | peano 22.0.0+0006955e | mlir_aie 1.4.4.dev73+g18ca6c1 | kernels 5726d482c21a | runtime CachedXRTRuntime | xdna 2.21.0_20260625 | xrt 2.21.0 | host docker-runner-6aa540df4097 | device NPU Krackan 1 | pmode default,iron/operators/flm/gemm/test.py::test_gemm_tile_options,tn32-ma32,5/5,no,,,,,,,,,,,,,,,
416c53de436a8336898b5be313cb6d3100ba3795,2026-10-03 08:22:18,commit 416c53de43 | peano 22.0.0+0006955e | mlir_aie 1.4.4.dev73+g18ca6c1 | kernels 5726d482c21a | runtime CachedXRTRuntime | xdna 2.21.0_20260625 | xrt 2.21.0 | host docker-runner-6aa540df4097 | device NPU Krackan 1 | pmode default,iron/operators/flm/gemm/test.py::test_gemm_tile_options,tn32-ma64-default,5/5,no,,,,,,,,,,,,,,,
416c53de436a8336898b5be313cb6d3100ba3795,2026-10-03 08:22:18,commit 416c53de43 | peano 22.0.0+0006955e | mlir_aie 1.4.4.dev73+g18ca6c1 | kernels 5726d482c21a | runtime CachedXRTRuntime | xdna 2.21.0_20260625 | xrt 2.21.0 | host docker-runner-6aa540df4097 | device NPU Krackan 1 | pmode default,iron/operators/flm/gemm/test.py::test_gemm_tile_options,tn64-ma16,5/5,no,,,,,,,,,,,,,,,
416c53de436a8336898b5be313cb6d3100ba3795,2026-10-03 08:22:18,commit 416c53de43 | peano 22.0.0+0006955e | mlir_aie 1.4.4.dev73+g18ca6c1 | kernels 5726d482c21a | runtime CachedXRTRuntime | xdna 2.21.0_20260625 | xrt 2.21.0 | host docker-runner-6aa540df4097 | device NPU Krackan 1 | pmode default,iron/operators/flm/gemm/test.py::test_gemm_tile_options,tn64-ma32-default,5/5,no,,,,,,,,,,,,,,,
416c53de436a8336898b5be313cb6d3100ba3795,2026-10-03 08:22:18,commit 416c53de43 | peano 22.0.0+0006955e | mlir_aie 1.4.4.dev73+g18ca6c1 | kernels 5726d482c21a | runtime CachedXRTRuntime | xdna 2.21.0_20260625 | xrt 2.21.0 | host docker-runner-6aa540df4097 | device NPU Krackan 1 | pmode default,iron/operators/flm/gemm/test.py::test_gemm_tile_options,tn64-ma64,5/5,no,,,,,,,,,,,,,,,
416c53de436a8336898b5be313cb6d3100ba3795,2026-10-03 08:22:18,commit 416c53de43 | peano 22.0.0+0006955e | mlir_aie 1.4.4.dev73+g18ca6c1 | kernels 5726d482c21a | runtime CachedXRTRuntime | xdna 2.21.0_20260625 | xrt 2.21.0 | host docker-runner-6aa540df4097 | device NPU Krackan 1 | pmode default,iron/operators/flm/gemm/test.py::test_one_xclbin_serves_every_clamp_bound,iter0,1/1,no,,,,,,,,,,,,,,,
416c53de436a8336898b5be313cb6d3100ba3795,2026-10-03 08:22:18,commit 416c53de43 | peano 22.0.0+0006955e | mlir_aie 1.4.4.dev73+g18ca6c1 | kernels 5726d482c21a | runtime CachedXRTRuntime | xdna 2.21.0_20260625 | xrt 2.21.0 | host docker-runner-6aa540df4097 | device NPU Krackan 1 | pmode default,iron/operators/flm/gemm/test.py::test_one_xclbin_serves_every_clamp_bound,iter1,1/1,no,,,,,,,,,,,,,,,
416c53de436a8336898b5be313cb6d3100ba3795,2026-10-03 08:22:18,commit 416c53de43 | peano 22.0.0+0006955e | mlir_aie 1.4.4.dev73+g18ca6c1 | kernels 5726d482c21a | runtime CachedXRTRuntime | xdna 2.21.0_20260625 | xrt 2.21.0 | host docker-runner-6aa540df4097 | device NPU Krackan 1 | pmode default,iron/operators/flm/gemm/test.py::test_one_xclbin_serves_every_clamp_bound,iter2,1/1,no,,,,,,,,,,,,,,,
416c53de436a8336898b5be313cb6d3100ba3795,2026-10-03 08:22:18,commit 416c53de43 | peano 22.0.0+0006955e | mlir_aie 1.4.4.dev73+g18ca6c1 | kernels 5726d482c21a | runtime CachedXRTRuntime | xdna 2.21.0_20260625 | xrt 2.21.0 | host docker-runner-6aa540df4097 | device NPU Krackan 1 | pmode default,iron/operators/flm/gemm/test.py::test_one_xclbin_serves_every_clamp_bound,iter3,1/1,no,,,,,,,,,,,,,,,
416c53de436a8336898b5be313cb6d3100ba3795,2026-10-03 08:22:18,commit 416c53de43 | peano 22.0.0+0006955e | mlir_aie 1.4.4.dev73+g18ca6c1 | kernels 5726d482c21a | runtime CachedXRTRuntime | xdna 2.21.0_20260625 | xrt 2.21.0 | host docker-runner-6aa540df4097 | device NPU Krackan 1 | pmode default,iron/operators/flm/gemm/test.py::test_one_xclbin_serves_every_clamp_bound,iter4,1/1,no,,,,,,,,,,,,,,,
416c53de436a8336898b5be313cb6d3100ba3795,2026-10-03 08:22:18,commit 416c53de43 | peano 22.0.0+0006955e | mlir_aie 1.4.4.dev73+g18ca6c1 | kernels 5726d482c21a | runtime CachedXRTRuntime | xdna 2.21.0_20260625 | xrt 2.21.0 | host docker-runner-6aa540df4097 | device NPU Krackan 1 | pmode default,iron/operators/flm/gemm/test.py::test_one_xclbin_serves_every_shape,iter0,1/1,no,,,,,,,,,,,,,,,
416c53de436a8336898b5be313cb6d3100ba3795,2026-10-03 08:22:18,commit 416c53de43 | peano 22.0.0+0006955e | mlir_aie 1.4.4.dev73+g18ca6c1 | kernels 5726d482c21a | runtime CachedXRTRuntime | xdna 2.21.0_20260625 | xrt 2.21.0 | host docker-runner-6aa540df4097 | device NPU Krackan 1 | pmode default,iron/operators/flm/gemm/test.py::test_one_xclbin_serves_every_shape,iter1,1/1,no,,,,,,,,,,,,,,,
416c53de436a8336898b5be313cb6d3100ba3795,2026-10-03 08:22:18,commit 416c53de43 | peano 22.0.0+0006955e | mlir_aie 1.4.4.dev73+g18ca6c1 | kernels 5726d482c21a | runtime CachedXRTRuntime | xdna 2.21.0_20260625 | xrt 2.21.0 | host docker-runner-6aa540df4097 | device NPU Krackan 1 | pmode default,iron/operators/flm/gemm/test.py::test_one_xclbin_serves_every_shape,iter2,1/1,no,,,,,,,,,,,,,,,
416c53de436a8336898b5be313cb6d3100ba3795,2026-10-03 08:22:18,commit 416c53de43 | peano 22.0.0+0006955e | mlir_aie 1.4.4.dev73+g18ca6c1 | kernels 5726d482c21a | runtime CachedXRTRuntime | xdna 2.21.0_20260625 | xrt 2.21.0 | host docker-runner-6aa540df4097 | device NPU Krackan 1 | pmode default,iron/operators/flm/gemm/test.py::test_one_xclbin_serves_every_shape,iter3,1/1,no,,,,,,,,,,,,,,,
416c53de436a8336898b5be313cb6d3100ba3795,2026-10-03 08:22:18,commit 416c53de43 | peano 22.0.0+0006955e | mlir_aie 1.4.4.dev73+g18ca6c1 | kernels 5726d482c21a | runtime CachedXRTRuntime | xdna 2.21.0_20260625 | xrt 2.21.0 | host docker-runner-6aa540df4097 | device NPU Krackan 1 | pmode default,iron/operators/flm/gemm/test.py::test_one_xclbin_serves_every_shape,iter4,1/1,no,,,,,,,,,,,,,,,
416c53de436a8336898b5be313cb6d3100ba3795,2026-10-03 08:22:18,commit 416c53de43 | peano 22.0.0+0006955e | mlir_aie 1.4.4.dev73+g18ca6c1 | kernels 5726d482c21a | runtime CachedXRTRuntime | xdna 2.21.0_20260625 | xrt 2.21.0 | host docker-runner-6aa540df4097 | device NPU Krackan 1 | pmode default,iron/operators/flm/layer/test.py::test_matches_reference,gemma4_e2b-global-5,5/5,no,1005.04,834.6,772.5,1303.2,268.1161371495569,30.35413,34.64419,22.18631,37.4267,7.443305065463192,91.746106,104.7129,67.05866,113.1231,22.49757243832276
416c53de436a8336898b5be313cb6d3100ba3795,2026-10-03 08:22:18,commit 416c53de43 | peano 22.0.0+0006955e | mlir_aie 1.4.4.dev73+g18ca6c1 | kernels 5726d482c21a | runtime CachedXRTRuntime | xdna 2.21.0_20260625 | xrt 2.21.0 | host docker-runner-6aa540df4097 | device NPU Krackan 1 | pmode default,iron/operators/flm/layer/test.py::test_matches_reference,gemma4_e2b-global-700,5/5,yes,899.32,890.9,861.7,961.7,40.31453832056124,33.78592,34.05146,31.54648,35.20516,1.4744534772586086,110.00896,110.8736,102.7172,114.6301,4.800916372214784
416c53de436a8336898b5be313cb6d3100ba3795,2026-10-03 08:22:18,commit 416c53de43 | peano 22.0.0+0006955e | mlir_aie 1.4.4.dev73+g18ca6c1 | kernels 5726d482c21a | runtime CachedXRTRuntime | xdna 2.21.0_20260625 | xrt 2.21.0 | host docker-runner-6aa540df4097 | device NPU Krackan 1 | pmode default,iron/operators/flm/layer/test.py::test_matches_reference,gemma4_e2b-global_skip-37,5/5,no,1113.68,1074.3,1043.7,1196.0,70.50632595732102,41.156208,42.52906,38.20253,43.77662,2.5593912581061145,127.36104,131.6094,118.2207,135.4701,7.920207745570823
416c53de436a8336898b5be313cb6d3100ba3795,2026-10-03 08:22:18,commit 416c53de43 | peano 22.0.0+0006955e | mlir_aie 1.4.4.dev73+g18ca6c1 | kernels 5726d482c21a | runtime CachedXRTRuntime | xdna 2.21.0_20260625 | xrt 2.21.0 | host docker-runner-6aa540df4097 | device NPU Krackan 1 | pmode default,iron/operators/flm/layer/test.py::test_matches_reference,gemma4_e2b-global_skip-700,5/5,no,1399.4,1222.0,1125.4,1756.4,328.02573069806584,35.053666,38.50086,26.78632,41.80498,7.652980154330731,113.43880800000001,124.5944,86.68447,135.2871,24.766170241619317
416c53de436a8336898b5be313cb6d3100ba3795,2026-10-03 08:22:18,commit 416c53de43 | peano 22.0.0+0006955e | mlir_aie 1.4.4.dev73+g18ca6c1 | kernels 5726d482c21a | runtime CachedXRTRuntime | xdna 2.21.0_20260625 | xrt 2.21.0 | host docker-runner-6aa540df4097 | device NPU Krackan 1 | pmode default,iron/operators/flm/layer/test.py::test_matches_reference,gemma4_e2b-swa-1023,5/5,no,788.22,792.9,725.2,850.1,49.01751727698985,31.817916,31.53237,29.41067,34.47451,1.9904862616657275,98.414524,97.53131,90.96879,106.6315,6.1566812014615495
416c53de436a8336898b5be313cb6d3100ba3795,2026-10-03 08:22:18,commit 416c53de43 | peano 22.0.0+0006955e | mlir_aie 1.4.4.dev73+g18ca6c1 | kernels 5726d482c21a | runtime CachedXRTRuntime | xdna 2.21.0_20260625 | xrt 2.21.0 | host docker-runner-6aa540df4097 | device NPU Krackan 1 | pmode default,iron/operators/flm/layer/test.py::test_matches_reference,gemma4_e2b-swa-37,5/5,no,751.0,734.2,705.4,821.4,46.69753740830453,32.743092,33.39282,29.8472,34.75546,1.9711547822203102,98.095238,100.0418,89.41942,104.1241,5.905390477607724
416c53de436a8336898b5be313cb6d3100ba3795,2026-10-03 08:22:18,commit 416c53de43 | peano 22.0.0+0006955e | mlir_aie 1.4.4.dev73+g18ca6c1 | kernels 5726d482c21a | runtime CachedXRTRuntime | xdna 2.21.0_20260625 | xrt 2.21.0 | host docker-runner-6aa540df4097 | device NPU Krackan 1 | pmode default,iron/operators/flm/layer/test.py::test_matches_reference,gemma4_e2b-swa-511,5/5,no,778.4,780.7,723.8,824.2,46.07564432539171,32.209234,32.0248,30.33415,34.54038,1.918296045382463,99.624874,99.05442,93.82516,106.8352,5.933370291089207
416c53de436a8336898b5be313cb6d3100ba3795,2026-10-03 08:22:18,commit 416c53de43 | peano 22.0.0+0006955e | mlir_aie 1.4.4.dev73+g18ca6c1 | kernels 5726d482c21a | runtime CachedXRTRuntime | xdna 2.21.0_20260625 | xrt 2.21.0 | host docker-runner-6aa540df4097 | device NPU Krackan 1 | pmode default,iron/operators/flm/layer/test.py::test_matches_reference,gemma4_e2b-swa-512,5/5,no,752.86,761.2,715.2,778.4,27.809135189717768,33.246198,32.84337,32.12004,34.95891,1.2458354567397736,102.832272,101.5863,99.34902,108.1298,3.8534359436118857
416c53de436a8336898b5be313cb6d3100ba3795,2026-10-03 08:22:18,commit 416c53de43 | peano 22.0.0+0006955e | mlir_aie 1.4.4.dev73+g18ca6c1 | kernels 5726d482c21a | runtime CachedXRTRuntime | xdna 2.21.0_20260625 | xrt 2.21.0 | host docker-runner-6aa540df4097 | device NPU Krackan 1 | pmode default,iron/operators/flm/layer/test.py::test_matches_reference,gemma4_e2b-swa-700,5/5,yes,882.6,773.8,743.6,1269.0,222.56059848949005,29.498918,32.31095,19.70187,33.62222,5.84454967819335,91.241716,99.93949,60.93893,103.9953,18.077496286041107
416c53de436a8336898b5be313cb6d3100ba3795,2026-10-03 08:22:18,commit 416c53de43 | peano 22.0.0+0006955e | mlir_aie 1.4.4.dev73+g18ca6c1 | kernels 5726d482c21a | runtime CachedXRTRuntime | xdna 2.21.0_20260625 | xrt 2.21.0 | host docker-runner-6aa540df4097 | device NPU Krackan 1 | pmode default,iron/operators/flm/layer/test.py::test_matches_reference,gemma4_e2b-swa_skip-1023,5/5,no,1042.74,1040.2,979.5,1105.1,54.6794568370974,40.563933999999996,40.57563,38.18973,43.08652,2.1274940922902696,127.23468,127.2714,119.7876,135.1472,6.673232635836996
416c53de436a8336898b5be313cb6d3100ba3795,2026-10-03 08:22:18,commit 416c53de43 | peano 22.0.0+0006955e | mlir_aie 1.4.4.dev73+g18ca6c1 | kernels 5726d482c21a | runtime CachedXRTRuntime | xdna 2.21.0_20260625 | xrt 2.21.0 | host docker-runner-6aa540df4097 | device NPU Krackan 1 | pmode default,iron/operators/flm/layer/test.py::test_matches_reference,gemma4_e2b-swa_skip-37,5/5,no,1005.54,1008.9,988.6,1013.6,10.054501479436947,41.493342,41.35338,41.16044,42.19953,0.4181910450619443,127.80218,127.3711,126.7768,129.9773,1.2880606806358221
416c53de436a8336898b5be313cb6d3100ba3795,2026-10-03 08:22:18,commit 416c53de43 | peano 22.0.0+0006955e | mlir_aie 1.4.4.dev73+g18ca6c1 | kernels 5726d482c21a | runtime CachedXRTRuntime | xdna 2.21.0_20260625 | xrt 2.21.0 | host docker-runner-6aa540df4097 | device NPU Krackan 1 | pmode default,iron/operators/flm/layer/test.py::test_matches_reference,gemma4_e2b-swa_skip-511,5/5,no,1024.02,1020.1,1003.0,1070.5,27.36689606075193,41.238118,41.37552,39.42648,42.07811,1.0725733592020659,129.34938,129.7804,123.6669,131.9841,3.3642772191066572
416c53de436a8336898b5be313cb6d3100ba3795,2026-10-03 08:22:18,commit 416c53de43 | peano 22.0.0+0006955e | mlir_aie 1.4.4.dev73+g18ca6c1 | kernels 5726d482c21a | runtime CachedXRTRuntime | xdna 2.21.0_20260625 | xrt 2.21.0 | host docker-runner-6aa540df4097 | device NPU Krackan 1 | pmode default,iron/operators/flm/layer/test.py::test_matches_reference,gemma4_e2b-swa_skip-512,5/5,no,1129.94,1015.7,998.0,1565.4,244.3809689808108,38.473536,41.551,26.96092,42.29019,6.4927209658686245,120.67785,130.3308,84.56685,132.6493,20.365364730284114
416c53de436a8336898b5be313cb6d3100ba3795,2026-10-03 08:22:18,commit 416c53de43 | peano 22.0.0+0006955e | mlir_aie 1.4.4.dev73+g18ca6c1 | kernels 5726d482c21a | runtime CachedXRTRuntime | xdna 2.21.0_20260625 | xrt 2.21.0 | host docker-runner-6aa540df4097 | device NPU Krackan 1 | pmode default,iron/operators/flm/layer/test.py::test_matches_reference,gemma4_e2b-swa_skip-700,5/5,no,1143.68,1124.3,993.0,1380.3,144.6722226275659,37.341764,37.53804,30.5764,42.50056,4.366727113002368,117.127868,117.7435,95.90734,133.3092,13.696870340779311
416c53de436a8336898b5be313cb6d3100ba3795,2026-10-03 08:22:18,commit 416c53de43 | peano 22.0.0+0006955e | mlir_aie 1.4.4.dev73+g18ca6c1 | kernels 5726d482c21a | runtime CachedXRTRuntime | xdna 2.21.0_20260625 | xrt 2.21.0 | host docker-runner-6aa540df4097 | device NPU Krackan 1 | pmode default,iron/operators/flm/layer/test.py::test_matches_reference,gemma4_e4b-global-5,5/5,no,1706.78,1627.2,1558.5,2054.6,201.3156029720498,41.120686,42.70566,33.82363,44.59013,4.301381742176576,126.47896,131.354,104.0347,137.1503,13.230176214926237
416c53de436a8336898b5be313cb6d3100ba3795,2026-10-03 08:22:18,commit 416c53de43 | peano 22.0.0+0006955e | mlir_aie 1.4.4.dev73+g18ca6c1 | kernels 5726d482c21a | runtime CachedXRTRuntime | xdna 2.21.0_20260625 | xrt 2.21.0 | host docker-runner-6aa540df4097 | device NPU Krackan 1 | pmode default,iron/operators/flm/layer/test.py::test_matches_reference,gemma4_e4b-global-700,5/5,no,2083.64,2077.5,1720.9,2356.6,235.02658998504822,35.100362000000004,34.82,30.69643,42.03492,4.262891779563492,109.23823,108.3657,95.53245,130.8197,13.266815141246227
416c53de436a8336898b5be313cb6d3100ba3795,2026-10-03 08:22:18,commit 416c53de43 | peano 22.0.0+0006955e | mlir_aie 1.4.4.dev73+g18ca6c1 | kernels 5726d482c21a | runtime CachedXRTRuntime | xdna 2.21.0_20260625 | xrt 2.21.0 | host docker-runner-6aa540df4097 | device NPU Krackan 1 | pmode default,iron/operators/flm/layer/test.py::test_matches_reference,gemma4_e4b-global_skip-37,5/5,no,1585.18,1487.6,1466.7,2005.9,235.4902057411306,42.480931999999996,44.59934,33.07628,45.23643,5.269662825861823,130.47976,136.9864,101.5935,138.9433,16.185699280321497
416c53de436a8336898b5be313cb6d3100ba3795,2026-10-03 08:22:18,commit 416c53de43 | peano 22.0.0+0006955e | mlir_aie 1.4.4.dev73+g18ca6c1 | kernels 5726d482c21a | runtime CachedXRTRuntime | xdna 2.21.0_20260625 | xrt 2.21.0 | host docker-runner-6aa540df4097 | device NPU Krackan 1 | pmode default,iron/operators/flm/layer/test.py::test_matches_reference,gemma4_e4b-global_skip-700,5/5,no,1871.14,1872.6,1563.6,2108.9,239.93676875376988,37.413926,36.88033,32.74794,44.16994,4.932568624563674,116.28252,114.6241,101.7806,137.2802,15.330419912285507
416c53de436a8336898b5be313cb6d3100ba3795,2026-10-03 08:22:18,commit 416c53de43 | peano 22.0.0+0006955e | mlir_aie 1.4.4.dev73+g18ca6c1 | kernels 5726d482c21a | runtime CachedXRTRuntime | xdna 2.21.0_20260625 | xrt 2.21.0 | host docker-runner-6aa540df4097 | device NPU Krackan 1 | pmode default,iron/operators/flm/layer/test.py::test_matches_reference,gemma4_e4b-swa-1023,5/5,no,1540.3,1424.1,1395.5,1971.4,244.4508641833774,41.155801999999994,43.76331,31.61375,44.6626,5.470446163711877,126.540014,134.5572,97.20147,137.3222,16.81974927310095
416c53de436a8336898b5be313cb6d3100ba3795,2026-10-03 08:22:18,commit 416c53de43 | peano 22.0.0+0006955e | mlir_aie 1.4.4.dev73+g18ca6c1 | kernels 5726d482c21a | runtime CachedXRTRuntime | xdna 2.21.0_20260625 | xrt 2.21.0 | host docker-runner-6aa540df4097 | device NPU Krackan 1 | pmode default,iron/operators/flm/layer/test.py::test_matches_reference,gemma4_e4b-swa-37,5/5,no,1601.28,1564.5,1433.4,2007.8,236.60111369137715,38.905058000000004,39.21688,30.55853,42.80434,5.001195249214931,119.050128,120.0043,93.50964,130.982,15.303723924160419
416c53de436a8336898b5be313cb6d3100ba3795,2026-10-03 08:22:18,commit 416c53de43 | peano 22.0.0+0006955e | mlir_aie 1.4.4.dev73+g18ca6c1 | kernels 5726d482c21a | runtime CachedXRTRuntime | xdna 2.21.0_20260625 | xrt 2.21.0 | host docker-runner-6aa540df4097 | device NPU Krackan 1 | pmode default,iron/operators/flm/layer/test.py::test_matches_reference,gemma4_e4b-swa-511,5/5,no,1724.42,1871.7,1407.1,1992.7,276.5434360096078,36.942242,33.29857,31.27582,44.29241,6.245220411896605,113.584752,102.3817,96.16246,136.184,19.20191758519237
416c53de436a8336898b5be313cb6d3100ba3795,2026-10-03 08:22:18,commit 416c53de43 | peano 22.0.0+0006955e | mlir_aie 1.4.4.dev73+g18ca6c1 | kernels 5726d482c21a | runtime CachedXRTRuntime | xdna 2.21.0_20260625 | xrt 2.21.0 | host docker-runner-6aa540df4097 | device NPU Krackan 1 | pmode default,iron/operators/flm/layer/test.py::test_matches_reference,gemma4_e4b-swa-512,5/5,no,1785.04,1747.3,1405.4,2317.1,346.2287220898924,35.919966,35.66921,26.89748,44.34674,6.565677023649578,110.44161,109.6706,82.70055,136.3511,20.187222761885796
416c53de436a8336898b5be313cb6d3100ba3795,2026-10-03 08:22:18,commit 416c53de43 | peano 22.0.0+0006955e | mlir_aie 1.4.4.dev73+g18ca6c1 | kernels 5726d482c21a | runtime CachedXRTRuntime | xdna 2.21.0_20260625 | xrt 2.21.0 | host docker-runner-6aa540df4097 | device NPU Krackan 1 | pmode default,iron/operators/flm/layer/test.py::test_matches_reference,gemma4_e4b-swa-700,5/5,no,1676.14,1549.9,1461.8,2013.1,250.71785536734313,37.822206,40.21311,30.95954,42.63465,5.346055065338366,116.29037799999999,123.6416,95.18999,131.087,16.437310422752258
416c53de436a8336898b5be313cb6d3100ba3795,2026-10-03 08:22:18,commit 416c53de43 | peano 22.0.0+0006955e | mlir_aie 1.4.4.dev73+g18ca6c1 | kernels 5726d482c21a | runtime CachedXRTRuntime | xdna 2.21.0_20260625 | xrt 2.21.0 | host docker-runner-6aa540df4097 | device NPU Krackan 1 | pmode default,iron/operators/flm/layer/test.py::test_matches_reference,gemma4_e4b-swa_skip-1023,5/5,no,1435.58,1438.0,1372.5,1544.1,68.99070227211776,42.348558000000004,42.20046,39.30259,44.21549,1.97779410300213,130.06404,129.6092,120.709,135.7979,6.074363054098757
416c53de436a8336898b5be313cb6d3100ba3795,2026-10-03 08:22:18,commit 416c53de43 | peano 22.0.0+0006955e | mlir_aie 1.4.4.dev73+g18ca6c1 | kernels 5726d482c21a | runtime CachedXRTRuntime | xdna 2.21.0_20260625 | xrt 2.21.0 | host docker-runner-6aa540df4097 | device NPU Krackan 1 | pmode default,iron/operators/flm/layer/test.py::test_matches_reference,gemma4_e4b-swa_skip-37,5/5,no,1724.1,1599.6,1361.4,2312.6,380.789141126687,35.88757,37.3319,25.82169,43.86394,7.165737831088994,109.67876600000001,114.0929,78.91566,134.056,21.89976620662148
416c53de436a8336898b5be313cb6d3100ba3795,2026-10-03 08:22:18,commit 416c53de43 | peano 22.0.0+0006955e | mlir_aie 1.4.4.dev73+g18ca6c1 | kernels 5726d482c21a | runtime CachedXRTRuntime | xdna 2.21.0_20260625 | xrt 2.21.0 | host docker-runner-6aa540df4097 | device NPU Krackan 1 | pmode default,iron/operators/flm/layer/test.py::test_matches_reference,gemma4_e4b-swa_skip-511,5/5,no,1694.0,1690.6,1382.6,1894.5,212.46772696106112,36.310292,35.89593,32.03245,43.89281,4.867197553368878,111.51887400000001,110.2462,98.38043,134.8069,14.948517158476962
416c53de436a8336898b5be313cb6d3100ba3795,2026-10-03 08:22:18,commit 416c53de43 | peano 22.0.0+0006955e | mlir_aie 1.4.4.dev73+g18ca6c1 | kernels 5726d482c21a | runtime CachedXRTRuntime | xdna 2.21.0_20260625 | xrt 2.21.0 | host docker-runner-6aa540df4097 | device NPU Krackan 1 | pmode default,iron/operators/flm/layer/test.py::test_matches_reference,gemma4_e4b-swa_skip-512,5/5,no,1542.22,1469.6,1419.9,1699.5,139.6114142898065,39.60266,41.2948,35.70906,42.74125,3.485316511172264,121.6306,126.8276,109.6723,131.2701,10.70436031928111
416c53de436a8336898b5be313cb6d3100ba3795,2026-10-03 08:22:18,commit 416c53de43 | peano 22.0.0+0006955e | mlir_aie 1.4.4.dev73+g18ca6c1 | kernels 5726d482c21a | runtime CachedXRTRuntime | xdna 2.21.0_20260625 | xrt 2.21.0 | host docker-runner-6aa540df4097 | device NPU Krackan 1 | pmode default,iron/operators/flm/layer/test.py::test_matches_reference,gemma4_e4b-swa_skip-700,5/5,no,1712.32,1611.3,1473.2,2022.5,228.27935079634338,35.930756,37.66278,30.005,41.19341,4.610412270581667,110.35321,115.6727,92.15358,126.5163,14.159849120195455
416c53de436a8336898b5be313cb6d3100ba3795,2026-10-03 08:22:18,commit 416c53de43 | peano 22.0.0+0006955e | mlir_aie 1.4.4.dev73+g18ca6c1 | kernels 5726d482c21a | runtime CachedXRTRuntime | xdna 2.21.0_20260625 | xrt 2.21.0 | host docker-runner-6aa540df4097 | device NPU Krackan 1 | pmode default,iron/operators/flm/layer/test.py::test_rejects_unknown_configurations,geometry,5/5,no,,,,,,,,,,,,,,,
416c53de436a8336898b5be313cb6d3100ba3795,2026-10-03 08:22:18,commit 416c53de43 | peano 22.0.0+0006955e | mlir_aie 1.4.4.dev73+g18ca6c1 | kernels 5726d482c21a | runtime CachedXRTRuntime | xdna 2.21.0_20260625 | xrt 2.21.0 | host docker-runner-6aa540df4097 | device NPU Krackan 1 | pmode default,iron/operators/flm/layer/test.py::test_rejects_unknown_configurations,layer_type,5/5,no,,,,,,,,,,,,,,,
416c53de436a8336898b5be313cb6d3100ba3795,2026-10-03 08:22:18,commit 416c53de43 | peano 22.0.0+0006955e | mlir_aie 1.4.4.dev73+g18ca6c1 | kernels 5726d482c21a | runtime CachedXRTRuntime | xdna 2.21.0_20260625 | xrt 2.21.0 | host docker-runner-6aa540df4097 | device NPU Krackan 1 | pmode default,iron/operators/flm/layer/test.py::test_weight_reads_fit_proj,gemma4_e2b-layer_type_global,5/5,no,,,,,,,,,,,,,,,
416c53de436a8336898b5be313cb6d3100ba3795,2026-10-03 08:22:18,commit 416c53de43 | peano 22.0.0+0006955e | mlir_aie 1.4.4.dev73+g18ca6c1 | kernels 5726d482c21a | runtime CachedXRTRuntime | xdna 2.21.0_20260625 | xrt 2.21.0 | host docker-runner-6aa540df4097 | device NPU Krackan 1 | pmode default,iron/operators/flm/layer/test.py::test_weight_reads_fit_proj,gemma4_e2b-layer_type_global_skip,5/5,no,,,,,,,,,,,,,,,
416c53de436a8336898b5be313cb6d3100ba3795,2026-10-03 08:22:18,commit 416c53de43 | peano 22.0.0+0006955e | mlir_aie 1.4.4.dev73+g18ca6c1 | kernels 5726d482c21a | runtime CachedXRTRuntime | xdna 2.21.0_20260625 | xrt 2.21.0 | host docker-runner-6aa540df4097 | device NPU Krackan 1 | pmode default,iron/operators/flm/layer/test.py::test_weight_reads_fit_proj,gemma4_e2b-layer_type_swa,5/5,no,,,,,,,,,,,,,,,
416c53de436a8336898b5be313cb6d3100ba3795,2026-10-03 08:22:18,commit 416c53de43 | peano 22.0.0+0006955e | mlir_aie 1.4.4.dev73+g18ca6c1 | kernels 5726d482c21a | runtime CachedXRTRuntime | xdna 2.21.0_20260625 | xrt 2.21.0 | host docker-runner-6aa540df4097 | device NPU Krackan 1 | pmode default,iron/operators/flm/layer/test.py::test_weight_reads_fit_proj,gemma4_e2b-layer_type_swa_skip,5/5,no,,,,,,,,,,,,,,,
416c53de436a8336898b5be313cb6d3100ba3795,2026-10-03 08:22:18,commit 416c53de43 | peano 22.0.0+0006955e | mlir_aie 1.4.4.dev73+g18ca6c1 | kernels 5726d482c21a | runtime CachedXRTRuntime | xdna 2.21.0_20260625 | xrt 2.21.0 | host docker-runner-6aa540df4097 | device NPU Krackan 1 | pmode default,iron/operators/flm/layer/test.py::test_weight_reads_fit_proj,gemma4_e4b-layer_type_global,5/5,no,,,,,,,,,,,,,,,
416c53de436a8336898b5be313cb6d3100ba3795,2026-10-03 08:22:18,commit 416c53de43 | peano 22.0.0+0006955e | mlir_aie 1.4.4.dev73+g18ca6c1 | kernels 5726d482c21a | runtime CachedXRTRuntime | xdna 2.21.0_20260625 | xrt 2.21.0 | host docker-runner-6aa540df4097 | device NPU Krackan 1 | pmode default,iron/operators/flm/layer/test.py::test_weight_reads_fit_proj,gemma4_e4b-layer_type_global_skip,5/5,no,,,,,,,,,,,,,,,
416c53de436a8336898b5be313cb6d3100ba3795,2026-10-03 08:22:18,commit 416c53de43 | peano 22.0.0+0006955e | mlir_aie 1.4.4.dev73+g18ca6c1 | kernels 5726d482c21a | runtime CachedXRTRuntime | xdna 2.21.0_20260625 | xrt 2.21.0 | host docker-runner-6aa540df4097 | device NPU Krackan 1 | pmode default,iron/operators/flm/layer/test.py::test_weight_reads_fit_proj,gemma4_e4b-layer_type_swa,5/5,no,,,,,,,,,,,,,,,
416c53de436a8336898b5be313cb6d3100ba3795,2026-10-03 08:22:18,commit 416c53de43 | peano 22.0.0+0006955e | mlir_aie 1.4.4.dev73+g18ca6c1 | kernels 5726d482c21a | runtime CachedXRTRuntime | xdna 2.21.0_20260625 | xrt 2.21.0 | host docker-runner-6aa540df4097 | device NPU Krackan 1 | pmode default,iron/operators/flm/layer/test.py::test_weight_reads_fit_proj,gemma4_e4b-layer_type_swa_skip,5/5,no,,,,,,,,,,,,,,,
416c53de436a8336898b5be313cb6d3100ba3795,2026-10-03 08:22:18,commit 416c53de43 | peano 22.0.0+0006955e | mlir_aie 1.4.4.dev73+g18ca6c1 | kernels 5726d482c21a | runtime CachedXRTRuntime | xdna 2.21.0_20260625 | xrt 2.21.0 | host docker-runner-6aa540df4097 | device NPU Krackan 1 | pmode default,iron/operators/flm/mm_prebuilt/test.py::test_mm_prebuilt,M_256-K_512-N_1024-epilogue_gelu-clamp_None,5/5,no,,,,,,,,,,,,,,,
416c53de436a8336898b5be313cb6d3100ba3795,2026-10-03 08:22:18,commit 416c53de43 | peano 22.0.0+0006955e | mlir_aie 1.4.4.dev73+g18ca6c1 | kernels 5726d482c21a | runtime CachedXRTRuntime | xdna 2.21.0_20260625 | xrt 2.21.0 | host docker-runner-6aa540df4097 | device NPU Krackan 1 | pmode default,iron/operators/flm/mm_prebuilt/test.py::test_mm_prebuilt,M_256-K_512-N_1024-epilogue_none-clamp_None,5/5,no,,,,,,,,,,,,,,,
416c53de436a8336898b5be313cb6d3100ba3795,2026-10-03 08:22:18,commit 416c53de43 | peano 22.0.0+0006955e | mlir_aie 1.4.4.dev73+g18ca6c1 | kernels 5726d482c21a | runtime CachedXRTRuntime | xdna 2.21.0_20260625 | xrt 2.21.0 | host docker-runner-6aa540df4097 | device NPU Krackan 1 | pmode default,iron/operators/flm/mm_prebuilt/test.py::test_mm_prebuilt,M_256-K_512-N_1024-epilogue_silu-clamp_None,5/5,no,,,,,,,,,,,,,,,
416c53de436a8336898b5be313cb6d3100ba3795,2026-10-03 08:22:18,commit 416c53de43 | peano 22.0.0+0006955e | mlir_aie 1.4.4.dev73+g18ca6c1 | kernels 5726d482c21a | runtime CachedXRTRuntime | xdna 2.21.0_20260625 | xrt 2.21.0 | host docker-runner-6aa540df4097 | device NPU Krackan 1 | pmode default,iron/operators/flm/mm_prebuilt/test.py::test_mm_prebuilt,M_256-K_512-N_1280-epilogue_none-clamp_None,5/5,no,,,,,,,,,,,,,,,
416c53de436a8336898b5be313cb6d3100ba3795,2026-10-03 08:22:18,commit 416c53de43 | peano 22.0.0+0006955e | mlir_aie 1.4.4.dev73+g18ca6c1 | kernels 5726d482c21a | runtime CachedXRTRuntime | xdna 2.21.0_20260625 | xrt 2.21.0 | host docker-runner-6aa540df4097 | device NPU Krackan 1 | pmode default,iron/operators/flm/mm_prebuilt/test.py::test_mm_prebuilt,M_256-K_512-N_640-epilogue_none-clamp_None,5/5,no,,,,,,,,,,,,,,,
416c53de436a8336898b5be313cb6d3100ba3795,2026-10-03 08:22:18,commit 416c53de43 | peano 22.0.0+0006955e | mlir_aie 1.4.4.dev73+g18ca6c1 | kernels 5726d482c21a | runtime CachedXRTRuntime | xdna 2.21.0_20260625 | xrt 2.21.0 | host docker-runner-6aa540df4097 | device NPU Krackan 1 | pmode default,iron/operators/flm/mm_prebuilt/test.py::test_mm_prebuilt,M_512-K_1024-N_2048-epilogue_none-clamp_None,5/5,no,,,,,,,,,,,,,,,
416c53de436a8336898b5be313cb6d3100ba3795,2026-10-03 08:22:18,commit 416c53de43 | peano 22.0.0+0006955e | mlir_aie 1.4.4.dev73+g18ca6c1 | kernels 5726d482c21a | runtime CachedXRTRuntime | xdna 2.21.0_20260625 | xrt 2.21.0 | host docker-runner-6aa540df4097 | device NPU Krackan 1 | pmode default,iron/operators/flm/mm_prebuilt/test.py::test_mm_prebuilt_epilogue_matches_accumulator,epilogue_gelu-clamp_None,5/5,no,,,,,,,,,,,,,,,
416c53de436a8336898b5be313cb6d3100ba3795,2026-10-03 08:22:18,commit 416c53de43 | peano 22.0.0+0006955e | mlir_aie 1.4.4.dev73+g18ca6c1 | kernels 5726d482c21a | runtime CachedXRTRuntime | xdna 2.21.0_20260625 | xrt 2.21.0 | host docker-runner-6aa540df4097 | device NPU Krackan 1 | pmode default,iron/operators/flm/mm_prebuilt/test.py::test_mm_prebuilt_epilogue_matches_accumulator,"epilogue_none-clamp_(-2.0, 2.0)",5/5,no,,,,,,,,,,,,,,,
416c53de436a8336898b5be313cb6d3100ba3795,2026-10-03 08:22:18,commit 416c53de43 | peano 22.0.0+0006955e | mlir_aie 1.4.4.dev73+g18ca6c1 | kernels 5726d482c21a | runtime CachedXRTRuntime | xdna 2.21.0_20260625 | xrt 2.21.0 | host docker-runner-6aa540df4097 | device NPU Krackan 1 | pmode default,iron/operators/flm/mm_prebuilt/test.py::test_mm_prebuilt_epilogue_matches_accumulator,epilogue_sigmoid-clamp_None,5/5,no,,,,,,,,,,,,,,,
416c53de436a8336898b5be313cb6d3100ba3795,2026-10-03 08:22:18,commit 416c53de43 | peano 22.0.0+0006955e | mlir_aie 1.4.4.dev73+g18ca6c1 | kernels 5726d482c21a | runtime CachedXRTRuntime | xdna 2.21.0_20260625 | xrt 2.21.0 | host docker-runner-6aa540df4097 | device NPU Krackan 1 | pmode default,iron/operators/flm/mm_prebuilt/test.py::test_mm_prebuilt_epilogue_matches_accumulator,epilogue_silu-clamp_None,5/5,no,,,,,,,,,,,,,,,
416c53de436a8336898b5be313cb6d3100ba3795,2026-10-03 08:22:18,commit 416c53de43 | peano 22.0.0+0006955e | mlir_aie 1.4.4.dev73+g18ca6c1 | kernels 5726d482c21a | runtime CachedXRTRuntime | xdna 2.21.0_20260625 | xrt 2.21.0 | host docker-runner-6aa540df4097 | device NPU Krackan 1 | pmode default,iron/operators/flm/prefill_attn/test.py::test_gemma4_cache_bound,kind_attn-num_kv_heads_1,5/5,no,,,,,,,,,,,,,,,
416c53de436a8336898b5be313cb6d3100ba3795,2026-10-03 08:22:18,commit 416c53de43 | peano 22.0.0+0006955e | mlir_aie 1.4.4.dev73+g18ca6c1 | kernels 5726d482c21a | runtime CachedXRTRuntime | xdna 2.21.0_20260625 | xrt 2.21.0 | host docker-runner-6aa540df4097 | device NPU Krackan 1 | pmode default,iron/operators/flm/prefill_attn/test.py::test_gemma4_cache_bound,kind_attn-num_kv_heads_2,5/5,no,,,,,,,,,,,,,,,
416c53de436a8336898b5be313cb6d3100ba3795,2026-10-03 08:22:18,commit 416c53de43 | peano 22.0.0+0006955e | mlir_aie 1.4.4.dev73+g18ca6c1 | kernels 5726d482c21a | runtime CachedXRTRuntime | xdna 2.21.0_20260625 | xrt 2.21.0 | host docker-runner-6aa540df4097 | device NPU Krackan 1 | pmode default,iron/operators/flm/prefill_attn/test.py::test_gemma4_cache_bound,kind_swa-num_kv_heads_1,5/5,no,,,,,,,,,,,,,,,
416c53de436a8336898b5be313cb6d3100ba3795,2026-10-03 08:22:18,commit 416c53de43 | peano 22.0.0+0006955e | mlir_aie 1.4.4.dev73+g18ca6c1 | kernels 5726d482c21a | runtime CachedXRTRuntime | xdna 2.21.0_20260625 | xrt 2.21.0 | host docker-runner-6aa540df4097 | device NPU Krackan 1 | pmode default,iron/operators/flm/prefill_attn/test.py::test_gemma4_cache_bound,kind_swa-num_kv_heads_2,5/5,no,,,,,,,,,,,,,,,
416c53de436a8336898b5be313cb6d3100ba3795,2026-10-03 08:22:18,commit 416c53de43 | peano 22.0.0+0006955e | mlir_aie 1.4.4.dev73+g18ca6c1 | kernels 5726d482c21a | runtime CachedXRTRuntime | xdna 2.21.0_20260625 | xrt 2.21.0 | host docker-runner-6aa540df4097 | device NPU Krackan 1 | pmode default,iron/operators/flm/prefill_attn/test.py::test_matches_reference,kind_attn-L_begin_0-L_end_128-max_l_1024-num_kv_heads_1,5/5,no,370.48,371.2,368.6,371.9,1.5610893632332363,6.3682512000000004,6.3554,6.344445,6.40033,0.027055425568635907,365.11306,364.3763,363.7482,366.9522,1.551142265557873
416c53de436a8336898b5be313cb6d3100ba3795,2026-10-03 08:22:18,commit 416c53de43 | peano 22.0.0+0006955e | mlir_aie 1.4.4.dev73+g18ca6c1 | kernels 5726d482c21a | runtime CachedXRTRuntime | xdna 2.21.0_20260625 | xrt 2.21.0 | host docker-runner-6aa540df4097 | device NPU Krackan 1 | pmode default,iron/operators/flm/prefill_attn/test.py::test_matches_reference,kind_attn-L_begin_0-L_end_128-max_l_1024-num_kv_heads_2,5/5,no,369.64,369.2,366.3,372.0,2.352232981658068,7.0918874,7.099883,7.045973,7.157183,0.04584241413036611,365.94138,366.3539,363.5722,369.3107,2.365492127866847
416c53de436a8336898b5be313cb6d3100ba3795,2026-10-03 08:22:18,commit 416c53de43 | peano 22.0.0+0006955e | mlir_aie 1.4.4.dev73+g18ca6c1 | kernels 5726d482c21a | runtime CachedXRTRuntime | xdna 2.21.0_20260625 | xrt 2.21.0 | host docker-runner-6aa540df4097 | device NPU Krackan 1 | pmode default,iron/operators/flm/prefill_attn/test.py::test_matches_reference,kind_attn-L_begin_0-L_end_256-max_l_512-num_kv_heads_1,5/5,no,767.86,768.6,765.9,769.3,1.510959959760672,6.1449292,6.13902,6.133657,6.160693,0.012042267693420428,701.8875,701.2125,700.6,703.6881,1.3754891002839575
416c53de436a8336898b5be313cb6d3100ba3795,2026-10-03 08:22:18,commit 416c53de43 | peano 22.0.0+0006955e | mlir_aie 1.4.4.dev73+g18ca6c1 | kernels 5726d482c21a | runtime CachedXRTRuntime | xdna 2.21.0_20260625 | xrt 2.21.0 | host docker-runner-6aa540df4097 | device NPU Krackan 1 | pmode default,iron/operators/flm/prefill_attn/test.py::test_matches_reference,kind_attn-L_begin_0-L_end_256-max_l_512-num_kv_heads_2,5/5,no,778.4399999999999,776.4,772.4,789.5,6.520199383454478,6.7353122,6.752564,6.640482,6.78777,0.05601608833362053,692.3901,694.1636,682.6416,697.7827,5.758422756276214
416c53de436a8336898b5be313cb6d3100ba3795,2026-10-03 08:22:18,commit 416c53de43 | peano 22.0.0+0006955e | mlir_aie 1.4.4.dev73+g18ca6c1 | kernels 5726d482c21a | runtime CachedXRTRuntime | xdna 2.21.0_20260625 | xrt 2.21.0 | host docker-runner-6aa540df4097 | device NPU Krackan 1 | pmode default,iron/operators/flm/prefill_attn/test.py::test_matches_reference,kind_attn-L_begin_0-L_end_512-max_l_1024-num_kv_heads_1,5/5,yes,1821.72,1821.8,1814.0,1828.5,5.789386841453941,5.1804428,5.180117,5.161297,5.202291,0.016383696628050583,1181.141,1181.067,1176.776,1186.122,3.7351811201064966
416c53de436a8336898b5be313cb6d3100ba3795,2026-10-03 08:22:18,commit 416c53de43 | peano 22.0.0+0006955e | mlir_aie 1.4.4.dev73+g18ca6c1 | kernels 5726d482c21a | runtime CachedXRTRuntime | xdna 2.21.0_20260625 | xrt 2.21.0 | host docker-runner-6aa540df4097 | device NPU Krackan 1 | pmode default,iron/operators/flm/prefill_attn/test.py::test_matches_reference,kind_attn-L_begin_0-L_end_512-max_l_1024-num_kv_heads_2,5/5,no,1901.5800000000002,1829.4,1819.9,2206.4,170.45651058261168,5.5460972,5.731887,4.75247,5.761736,0.44386764914070964,1138.05898,1176.183,975.2069,1182.308,91.08151636914045
416c53de436a8336898b5be313cb6d3100ba3795,2026-10-03 08:22:18,commit 416c53de43 | peano 22.0.0+0006955e | mlir_aie 1.4.4.dev73+g18ca6c1 | kernels 5726d482c21a | runtime CachedXRTRuntime | xdna 2.21.0_20260625 | xrt 2.21.0 | host docker-runner-6aa540df4097 | device NPU Krackan 1 | pmode default,iron/operators/flm/prefill_attn/test.py::test_matches_reference,kind_attn-L_begin_128-L_end_384-max_l_1024-num_kv_heads_1,5/5,no,1005.02,1007.1,992.6,1010.2,7.065904046900149,4.9560058,4.945583,4.930328,5.017615,0.03505150979201894,1070.4972,1068.246,1064.951,1083.805,7.571225640541982
416c53de436a8336898b5be313cb6d3100ba3795,2026-10-03 08:22:18,commit 416c53de43 | peano 22.0.0+0006955e | mlir_aie 1.4.4.dev73+g18ca6c1 | kernels 5726d482c21a | runtime CachedXRTRuntime | xdna 2.21.0_20260625 | xrt 2.21.0 | host docker-runner-6aa540df4097 | device NPU Krackan 1 | pmode default,iron/operators/flm/prefill_attn/test.py::test_matches_reference,kind_attn-L_begin_128-L_end_384-max_l_1024-num_kv_heads_2,5/5,no,1003.34,1004.3,998.5,1005.4,2.830724288940906,5.7478782,5.74235,5.736113,5.775595,0.016221975579441675,1072.2404000000001,1071.209,1070.046,1077.411,3.0261909721628584
416c53de436a8336898b5be313cb6d3100ba3795,2026-10-03 08:22:18,commit 416c53de43 | peano 22.0.0+0006955e | mlir_aie 1.4.4.dev73+g18ca6c1 | kernels 5726d482c21a | runtime CachedXRTRuntime | xdna 2.21.0_20260625 | xrt 2.21.0 | host docker-runner-6aa540df4097 | device NPU Krackan 1 | pmode default,iron/operators/flm/prefill_attn/test.py::test_matches_reference,kind_attn-L_begin_256-L_end_1024-max_l_1024-num_kv_heads_1,5/5,no,4513.04,4508.2,4503.5,4532.9,11.665676148427735,3.252833,3.256271,3.238551,3.259719,0.008390709862699275,1785.8056,1787.693,1777.965,1789.586,4.606368667399551
416c53de436a8336898b5be313cb6d3100ba3795,2026-10-03 08:22:18,commit 416c53de43 | peano 22.0.0+0006955e | mlir_aie 1.4.4.dev73+g18ca6c1 | kernels 5726d482c21a | runtime CachedXRTRuntime | xdna 2.21.0_20260625 | xrt 2.21.0 | host docker-runner-6aa540df4097 | device NPU Krackan 1 | pmode default,iron/operators/flm/prefill_attn/test.py::test_matches_reference,kind_attn-L_begin_256-L_end_1024-max_l_1024-num_kv_heads_2,5/5,no,4592.9400000000005,4493.6,4483.4,5006.6,231.30546469982082,3.6597886,3.733592,3.351032,3.74206,0.172658457339338,1758.071,1793.524,1609.752,1797.592,82.94083219982788
416c53de436a8336898b5be313cb6d3100ba3795,2026-10-03 08:22:18,commit 416c53de43 | peano 22.0.0+0006955e | mlir_aie 1.4.4.dev73+g18ca6c1 | kernels 5726d482c21a | runtime CachedXRTRuntime | xdna 2.21.0_20260625 | xrt 2.21.0 | host docker-runner-6aa540df4097 | device NPU Krackan 1 | pmode default,iron/operators/flm/prefill_attn/test.py::test_matches_reference,kind_swa-L_begin_0-L_end_1024-max_l_2048-num_kv_heads_1,5/5,no,1903.36,1911.0,1877.0,1913.8,15.485573931888972,4.9584209999999995,4.938248,4.931062,5.027845,0.0407379056469526,1693.576,1686.686,1684.231,1717.288,13.914242469498674
416c53de436a8336898b5be313cb6d3100ba3795,2026-10-03 08:22:18,commit 416c53de43 | peano 22.0.0+0006955e | mlir_aie 1.4.4.dev73+g18ca6c1 | kernels 5726d482c21a | runtime CachedXRTRuntime | xdna 2.21.0_20260625 | xrt 2.21.0 | host docker-runner-6aa540df4097 | device NPU Krackan 1 | pmode default,iron/operators/flm/prefill_attn/test.py::test_matches_reference,kind_swa-L_begin_0-L_end_1024-max_l_2048-num_kv_heads_2,5/5,no,1976.18,1914.6,1906.4,2235.7,145.12958692148192,5.3269874,5.476719,4.690153,5.500207,0.35617900258830554,1637.516,1683.544,1441.753,1690.764,109.48948321870921
416c53de436a8336898b5be313cb6d3100ba3795,2026-10-03 08:22:18,commit 416c53de43 | peano 22.0.0+0006955e | mlir_aie 1.4.4.dev73+g18ca6c1 | kernels 5726d482c21a | runtime CachedXRTRuntime | xdna 2.21.0_20260625 | xrt 2.21.0 | host docker-runner-6aa540df4097 | device NPU Krackan 1 | pmode default,iron/operators/flm/prefill_attn/test.py::test_matches_reference,kind_swa-L_begin_0-L_end_128-max_l_2048-num_kv_heads_1,5/5,no,214.96,214.3,212.3,218.3,2.5628109567426165,5.4881934,5.505736,5.402902,5.555337,0.06571308676968383,314.65641999999997,315.6622,309.7664,318.506,3.7675353113142824
416c53de436a8336898b5be313cb6d3100ba3795,2026-10-03 08:22:18,commit 416c53de43 | peano 22.0.0+0006955e | mlir_aie 1.4.4.dev73+g18ca6c1 | kernels 5726d482c21a | runtime CachedXRTRuntime | xdna 2.21.0_20260625 | xrt 2.21.0 | host docker-runner-6aa540df4097 | device NPU Krackan 1 | pmode default,iron/operators/flm/prefill_attn/test.py::test_matches_reference,kind_swa-L_begin_0-L_end_128-max_l_2048-num_kv_heads_2,5/5,no,216.88,217.3,213.1,219.7,2.8199290771223327,6.0447112,6.032595,5.965709,6.150266,0.07870229930059222,311.9071,311.2819,307.8306,317.3537,4.0610398317426055
416c53de436a8336898b5be313cb6d3100ba3795,2026-10-03 08:22:18,commit 416c53de43 | peano 22.0.0+0006955e | mlir_aie 1.4.4.dev73+g18ca6c1 | kernels 5726d482c21a | runtime CachedXRTRuntime | xdna 2.21.0_20260625 | xrt 2.21.0 | host docker-runner-6aa540df4097 | device NPU Krackan 1 | pmode default,iron/operators/flm/prefill_attn/test.py::test_matches_reference,kind_swa-L_begin_0-L_end_512-max_l_1024-num_kv_heads_1,5/5,no,804.24,804.4,802.2,806.0,1.5241391012633818,5.8671388,5.865817,5.854449,5.88194,0.01095027575908495,1337.7074,1337.406,1334.814,1341.082,2.496619674680159
416c53de436a8336898b5be313cb6d3100ba3795,2026-10-03 08:22:18,commit 416c53de43 | peano 22.0.0+0006955e | mlir_aie 1.4.4.dev73+g18ca6c1 | kernels 5726d482c21a | runtime CachedXRTRuntime | xdna 2.21.0_20260625 | xrt 2.21.0 | host docker-runner-6aa540df4097 | device NPU Krackan 1 | pmode default,iron/operators/flm/prefill_attn/test.py::test_matches_reference,kind_swa-L_begin_0-L_end_512-max_l_1024-num_kv_heads_2,5/5,no,802.52,798.7,795.3,817.1,9.016207628487736,6.5336538,6.564505,6.41648,6.592288,0.072661206215559,1340.7060000000001,1347.036,1316.662,1352.738,14.910037759844894
416c53de436a8336898b5be313cb6d3100ba3795,2026-10-03 08:22:18,commit 416c53de43 | peano 22.0.0+0006955e | mlir_aie 1.4.4.dev73+g18ca6c1 | kernels 5726d482c21a | runtime CachedXRTRuntime | xdna 2.21.0_20260625 | xrt 2.21.0 | host docker-runner-6aa540df4097 | device NPU Krackan 1 | pmode default,iron/operators/flm/prefill_attn/test.py::test_matches_reference,kind_swa-L_begin_1024-L_end_2048-max_l_2048-num_kv_heads_1,5/5,no,2363.62,2361.5,2356.1,2378.3,8.836967805757935,4.2145264,4.218235,4.188433,4.227885,0.015710401770801453,1817.1262,1818.725,1805.876,1822.886,6.773593411181381
416c53de436a8336898b5be313cb6d3100ba3795,2026-10-03 08:22:18,commit 416c53de43 | peano 22.0.0+0006955e | mlir_aie 1.4.4.dev73+g18ca6c1 | kernels 5726d482c21a | runtime CachedXRTRuntime | xdna 2.21.0_20260625 | xrt 2.21.0 | host docker-runner-6aa540df4097 | device NPU Krackan 1 | pmode default,iron/operators/flm/prefill_attn/test.py::test_matches_reference,kind_swa-L_begin_1024-L_end_2048-max_l_2048-num_kv_heads_2,5/5,no,2359.28,2362.4,2350.6,2364.4,6.125928501051997,4.8889396,4.882407,4.878352,4.907046,0.012735885964470851,1820.4634,1818.031,1816.521,1827.206,4.742541544362031
416c53de436a8336898b5be313cb6d3100ba3795,2026-10-03 08:22:18,commit 416c53de43 | peano 22.0.0+0006955e | mlir_aie 1.4.4.dev73+g18ca6c1 | kernels 5726d482c21a | runtime CachedXRTRuntime | xdna 2.21.0_20260625 | xrt 2.21.0 | host docker-runner-6aa540df4097 | device NPU Krackan 1 | pmode default,iron/operators/flm/prefill_attn/test.py::test_matches_reference,kind_swa-L_begin_512-L_end_1024-max_l_2048-num_kv_heads_1,5/5,yes,1256.22,1257.2,1252.6,1258.1,2.3657979626333407,4.1735478,4.17027,4.167247,4.185615,0.00788936174224517,1709.4852,1708.143,1706.904,1714.428,3.2316758346096837
416c53de436a8336898b5be313cb6d3100ba3795,2026-10-03 08:22:18,commit 416c53de43 | peano 22.0.0+0006955e | mlir_aie 1.4.4.dev73+g18ca6c1 | kernels 5726d482c21a | runtime CachedXRTRuntime | xdna 2.21.0_20260625 | xrt 2.21.0 | host docker-runner-6aa540df4097 | device NPU Krackan 1 | pmode default,iron/operators/flm/prefill_attn/test.py::test_matches_reference,kind_swa-L_begin_512-L_end_1024-max_l_2048-num_kv_heads_2,5/5,no,1250.74,1252.4,1245.1,1253.9,3.547252457889124,5.0301896,5.023379,5.017322,5.052887,0.014312965321693471,1716.9714,1714.647,1712.579,1724.719,4.885612428345146
416c53de436a8336898b5be313cb6d3100ba3795,2026-10-03 08:22:18,commit 416c53de43 | peano 22.0.0+0006955e | mlir_aie 1.4.4.dev73+g18ca6c1 | kernels 5726d482c21a | runtime CachedXRTRuntime | xdna 2.21.0_20260625 | xrt 2.21.0 | host docker-runner-6aa540df4097 | device NPU Krackan 1 | pmode default,iron/operators/flm/prefill_attn/test.py::test_one_callable_serves_every_range,kind_attn,5/5,no,,,,,,,,,,,,,,,
416c53de436a8336898b5be313cb6d3100ba3795,2026-10-03 08:22:18,commit 416c53de43 | peano 22.0.0+0006955e | mlir_aie 1.4.4.dev73+g18ca6c1 | kernels 5726d482c21a | runtime CachedXRTRuntime | xdna 2.21.0_20260625 | xrt 2.21.0 | host docker-runner-6aa540df4097 | device NPU Krackan 1 | pmode default,iron/operators/flm/prefill_attn/test.py::test_one_callable_serves_every_range,kind_swa,5/5,no,,,,,,,,,,,,,,,
416c53de436a8336898b5be313cb6d3100ba3795,2026-10-03 08:22:18,commit 416c53de43 | peano 22.0.0+0006955e | mlir_aie 1.4.4.dev73+g18ca6c1 | kernels 5726d482c21a | runtime CachedXRTRuntime | xdna 2.21.0_20260625 | xrt 2.21.0 | host docker-runner-6aa540df4097 | device NPU Krackan 1 | pmode default,iron/operators/flm/prefill_attn/test.py::test_rejects_unservable_shapes,"cls_<class 'iron.operators.flm.prefill_attn.op.PrefillAttention'>-kwargs_{'max_context': 1000, 'num_kv_heads': 1}-match_multiple of 128",5/5,no,,,,,,,,,,,,,,,
416c53de436a8336898b5be313cb6d3100ba3795,2026-10-03 08:22:18,commit 416c53de43 | peano 22.0.0+0006955e | mlir_aie 1.4.4.dev73+g18ca6c1 | kernels 5726d482c21a | runtime CachedXRTRuntime | xdna 2.21.0_20260625 | xrt 2.21.0 | host docker-runner-6aa540df4097 | device NPU Krackan 1 | pmode default,iron/operators/flm/prefill_attn/test.py::test_rejects_unservable_shapes,cls_<class 'iron.operators.flm.prefill_attn.op.PrefillAttention'>-kwargs_{'num_kv_heads': 0}-match_must be positive,5/5,no,,,,,,,,,,,,,,,
416c53de436a8336898b5be313cb6d3100ba3795,2026-10-03 08:22:18,commit 416c53de43 | peano 22.0.0+0006955e | mlir_aie 1.4.4.dev73+g18ca6c1 | kernels 5726d482c21a | runtime CachedXRTRuntime | xdna 2.21.0_20260625 | xrt 2.21.0 | host docker-runner-6aa540df4097 | device NPU Krackan 1 | pmode default,iron/operators/flm/prefill_attn/test.py::test_rejects_unservable_shapes,cls_<class 'iron.operators.flm.prefill_attn.op.PrefillAttention'>-kwargs_{'num_kv_heads': 3}-match_multiple of,5/5,no,,,,,,,,,,,,,,,
416c53de436a8336898b5be313cb6d3100ba3795,2026-10-03 08:22:18,commit 416c53de43 | peano 22.0.0+0006955e | mlir_aie 1.4.4.dev73+g18ca6c1 | kernels 5726d482c21a | runtime CachedXRTRuntime | xdna 2.21.0_20260625 | xrt 2.21.0 | host docker-runner-6aa540df4097 | device NPU Krackan 1 | pmode default,iron/operators/flm/prefill_attn/test.py::test_rejects_unservable_shapes,cls_<class 'iron.operators.flm.prefill_attn.op.PrefillAttention'>-kwargs_{'num_kv_heads': 8}-match_query heads,5/5,no,,,,,,,,,,,,,,,
416c53de436a8336898b5be313cb6d3100ba3795,2026-10-03 08:22:18,commit 416c53de43 | peano 22.0.0+0006955e | mlir_aie 1.4.4.dev73+g18ca6c1 | kernels 5726d482c21a | runtime CachedXRTRuntime | xdna 2.21.0_20260625 | xrt 2.21.0 | host docker-runner-6aa540df4097 | device NPU Krackan 1 | pmode default,iron/operators/flm/prefill_attn/test.py::test_rejects_unservable_shapes,"cls_<class 'iron.operators.flm.prefill_attn.op.PrefillSlidingAttention'>-kwargs_{'max_context': 1000, 'num_kv_heads': 1}-match_multiple of 128",5/5,no,,,,,,,,,,,,,,,
416c53de436a8336898b5be313cb6d3100ba3795,2026-10-03 08:22:18,commit 416c53de43 | peano 22.0.0+0006955e | mlir_aie 1.4.4.dev73+g18ca6c1 | kernels 5726d482c21a | runtime CachedXRTRuntime | xdna 2.21.0_20260625 | xrt 2.21.0 | host docker-runner-6aa540df4097 | device NPU Krackan 1 | pmode default,iron/operators/flm/prefill_attn/test.py::test_rejects_unservable_shapes,"cls_<class 'iron.operators.flm.prefill_attn.op.PrefillSlidingAttention'>-kwargs_{'num_kv_heads': 1, 'window': 500}-match_multiple of 128",5/5,no,,,,,,,,,,,,,,,
416c53de436a8336898b5be313cb6d3100ba3795,2026-10-03 08:22:18,commit 416c53de43 | peano 22.0.0+0006955e | mlir_aie 1.4.4.dev73+g18ca6c1 | kernels 5726d482c21a | runtime CachedXRTRuntime | xdna 2.21.0_20260625 | xrt 2.21.0 | host docker-runner-6aa540df4097 | device NPU Krackan 1 | pmode default,iron/operators/flm/prefill_attn/test.py::test_rejects_unservable_shapes,cls_<class 'iron.operators.flm.prefill_attn.op.PrefillSlidingAttention'>-kwargs_{'num_kv_heads': 3}-match_multiple of,5/5,no,,,,,,,,,,,,,,,
416c53de436a8336898b5be313cb6d3100ba3795,2026-10-03 08:22:18,commit 416c53de43 | peano 22.0.0+0006955e | mlir_aie 1.4.4.dev73+g18ca6c1 | kernels 5726d482c21a | runtime CachedXRTRuntime | xdna 2.21.0_20260625 | xrt 2.21.0 | host docker-runner-6aa540df4097 | device NPU Krackan 1 | pmode default,iron/operators/flm/prefill_attn/test.py::test_rejects_unservable_shapes,cls_<class 'iron.operators.flm.prefill_attn.op.PrefillSlidingAttention'>-kwargs_{'num_kv_heads': 4}-match_query heads,5/5,no,,,,,,,,,,,,,,,
416c53de436a8336898b5be313cb6d3100ba3795,2026-10-03 08:22:18,commit 416c53de43 | peano 22.0.0+0006955e | mlir_aie 1.4.4.dev73+g18ca6c1 | kernels 5726d482c21a | runtime CachedXRTRuntime | xdna 2.21.0_20260625 | xrt 2.21.0 | host docker-runner-6aa540df4097 | device NPU Krackan 1 | pmode default,iron/operators/gelu/test.py::test_gelu,input_length_1024-num_aie_columns_1-num_channels_1-tile_size_1024,5/5,no,134.44,116.2,111.3,179.6,29.859387133697165,0.031567052,0.03524927,0.02280344,0.03681765,0.006216022162618952,,,,,
416c53de436a8336898b5be313cb6d3100ba3795,2026-10-03 08:22:18,commit 416c53de43 | peano 22.0.0+0006955e | mlir_aie 1.4.4.dev73+g18ca6c1 | kernels 5726d482c21a | runtime CachedXRTRuntime | xdna 2.21.0_20260625 | xrt 2.21.0 | host docker-runner-6aa540df4097 | device NPU Krackan 1 | pmode default,iron/operators/gelu/test.py::test_gelu,input_length_1024-num_aie_columns_1-num_channels_2-tile_size_512,5/5,no,168.14,173.1,143.8,179.7,14.407046886853662,0.024517196,0.02366003,0.02279329,0.02847747,0.002306067982753328,,,,,
416c53de436a8336898b5be313cb6d3100ba3795,2026-10-03 08:22:18,commit 416c53de43 | peano 22.0.0+0006955e | mlir_aie 1.4.4.dev73+g18ca6c1 | kernels 5726d482c21a | runtime CachedXRTRuntime | xdna 2.21.0_20260625 | xrt 2.21.0 | host docker-runner-6aa540df4097 | device NPU Krackan 1 | pmode default,iron/operators/gelu/test.py::test_gelu,input_length_1024-num_aie_columns_2-num_channels_1-tile_size_512,5/5,no,173.62,174.3,129.3,254.0,49.740798143978346,0.024991254,0.02350349,0.01612389,0.0316719,0.006245579977306352,,,,,
416c53de436a8336898b5be313cb6d3100ba3795,2026-10-03 08:22:18,commit 416c53de43 | peano 22.0.0+0006955e | mlir_aie 1.4.4.dev73+g18ca6c1 | kernels 5726d482c21a | runtime CachedXRTRuntime | xdna 2.21.0_20260625 | xrt 2.21.0 | host docker-runner-6aa540df4097 | device NPU Krackan 1 | pmode default,iron/operators/gelu/test.py::test_gelu,input_length_1024-num_aie_columns_2-num_channels_2-tile_size_256,5/5,no,153.94,138.1,128.9,190.4,28.674256747124243,0.027319201999999997,0.02965043,0.0215169,0.03177016,0.004771039722651657,,,,,
416c53de436a8336898b5be313cb6d3100ba3795,2026-10-03 08:22:18,commit 416c53de43 | peano 22.0.0+0006955e | mlir_aie 1.4.4.dev73+g18ca6c1 | kernels 5726d482c21a | runtime CachedXRTRuntime | xdna 2.21.0_20260625 | xrt 2.21.0 | host docker-runner-6aa540df4097 | device NPU Krackan 1 | pmode default,iron/operators/gelu/test.py::test_gelu,input_length_1024-num_aie_columns_4-num_channels_1-tile_size_256,5/5,no,152.38,157.5,139.7,163.6,11.375280216328742,0.027000356,0.02600156,0.02503499,0.02931452,0.0020563946155176542,,,,,
416c53de436a8336898b5be313cb6d3100ba3795,2026-10-03 08:22:18,commit 416c53de43 | peano 22.0.0+0006955e | mlir_aie 1.4.4.dev73+g18ca6c1 | kernels 5726d482c21a | runtime CachedXRTRuntime | xdna 2.21.0_20260625 | xrt 2.21.0 | host docker-runner-6aa540df4097 | device NPU Krackan 1 | pmode default,iron/operators/gelu/test.py::test_gelu,input_length_1024-num_aie_columns_4-num_channels_2-tile_size_128,5/5,no,162.66,168.0,146.9,178.1,13.697554526264895,0.025325606,0.0243795,0.02299715,0.02787532,0.0021699631406040054,,,,,
416c53de436a8336898b5be313cb6d3100ba3795,2026-10-03 08:22:18,commit 416c53de43 | peano 22.0.0+0006955e | mlir_aie 1.4.4.dev73+g18ca6c1 | kernels 5726d482c21a | runtime CachedXRTRuntime | xdna 2.21.0_20260625 | xrt 2.21.0 | host docker-runner-6aa540df4097 | device NPU Krackan 1 | pmode default,iron/operators/gelu/test.py::test_gelu,input_length_1024-num_aie_columns_8-num_channels_1-tile_size_128,5/5,no,180.85999999999999,181.7,152.2,208.8,20.67203424919764,0.02289021,0.02254687,0.0196208,0.02690683,0.0026790038834704957,,,,,
416c53de436a8336898b5be313cb6d3100ba3795,2026-10-03 08:22:18,commit 416c53de43 | peano 22.0.0+0006955e | mlir_aie 1.4.4.dev73+g18ca6c1 | kernels 5726d482c21a | runtime CachedXRTRuntime | xdna 2.21.0_20260625 | xrt 2.21.0 | host docker-runner-6aa540df4097 | device NPU Krackan 1 | pmode default,iron/operators/gelu/test.py::test_gelu,input_length_1024-num_aie_columns_8-num_channels_2-tile_size_64,5/5,no,182.2,179.4,170.3,198.5,12.702361985079781,0.02256724,0.0228379,0.02063497,0.02404546,0.001548544372418821,,,,,
416c53de436a8336898b5be313cb6d3100ba3795,2026-10-03 08:22:18,commit 416c53de43 | peano 22.0.0+0006955e | mlir_aie 1.4.4.dev73+g18ca6c1 | kernels 5726d482c21a | runtime CachedXRTRuntime | xdna 2.21.0_20260625 | xrt 2.21.0 | host docker-runner-6aa540df4097 | device NPU Krackan 1 | pmode default,iron/operators/gelu/test.py::test_gelu,input_length_2048-num_aie_columns_1-num_channels_1-tile_size_2048,5/5,no,159.5,150.9,114.7,219.5,38.09068127508354,0.053634248,0.05429948,0.03732663,0.07144103,0.012217645168070237,,,,,
416c53de436a8336898b5be313cb6d3100ba3795,2026-10-03 08:22:18,commit 416c53de43 | peano 22.0.0+0006955e | mlir_aie 1.4.4.dev73+g18ca6c1 | kernels 5726d482c21a | runtime CachedXRTRuntime | xdna 2.21.0_20260625 | xrt 2.21.0 | host docker-runner-6aa540df4097 | device NPU Krackan 1 | pmode default,iron/operators/gelu/test.py::test_gelu,input_length_2048-num_aie_columns_1-num_channels_2-tile_size_1024,5/5,no,156.44,145.3,137.7,208.0,29.43948029432585,0.05360385,0.05639698,0.03938916,0.05947351,0.00828286134250719,,,,,
416c53de436a8336898b5be313cb6d3100ba3795,2026-10-03 08:22:18,commit 416c53de43 | peano 22.0.0+0006955e | mlir_aie 1.4.4.dev73+g18ca6c1 | kernels 5726d482c21a | runtime CachedXRTRuntime | xdna 2.21.0_20260625 | xrt 2.21.0 | host docker-runner-6aa540df4097 | device NPU Krackan 1 | pmode default,iron/operators/gelu/test.py::test_gelu,input_length_2048-num_aie_columns_2-num_channels_1-tile_size_1024,5/5,no,166.7,147.6,134.3,235.2,41.82194400072765,0.051292332,0.05551602,0.03483186,0.06099504,0.010820881907583596,,,,,
416c53de436a8336898b5be313cb6d3100ba3795,2026-10-03 08:22:18,commit 416c53de43 | peano 22.0.0+0006955e | mlir_aie 1.4.4.dev73+g18ca6c1 | kernels 5726d482c21a | runtime CachedXRTRuntime | xdna 2.21.0_20260625 | xrt 2.21.0 | host docker-runner-6aa540df4097 | device NPU Krackan 1 | pmode default,iron/operators/gelu/test.py::test_gelu,input_length_2048-num_aie_columns_2-num_channels_2-tile_size_512,5/5,no,155.78,148.5,133.7,204.1,28.67214676301724,0.053835484,0.05517539,0.04014525,0.06127838,0.008533356487419238,,,,,
416c53de436a8336898b5be313cb6d3100ba3795,2026-10-03 08:22:18,commit 416c53de43 | peano 22.0.0+0006955e | mlir_aie 1.4.4.dev73+g18ca6c1 | kernels 5726d482c21a | runtime CachedXRTRuntime | xdna 2.21.0_20260625 | xrt 2.21.0 | host docker-runner-6aa540df4097 | device NPU Krackan 1 | pmode default,iron/operators/gelu/test.py::test_gelu,input_length_2048-num_aie_columns_4-num_channels_1-tile_size_512,5/5,no,162.5,157.8,116.2,219.7,37.237816799592316,0.052539024000000004,0.05190066,0.03728416,0.07052888,0.011919987338207623,,,,,
416c53de436a8336898b5be313cb6d3100ba3795,2026-10-03 08:22:18,commit 416c53de43 | peano 22.0.0+0006955e | mlir_aie 1.4.4.dev73+g18ca6c1 | kernels 5726d482c21a | runtime CachedXRTRuntime | xdna 2.21.0_20260625 | xrt 2.21.0 | host docker-runner-6aa540df4097 | device NPU Krackan 1 | pmode default,iron/operators/gelu/test.py::test_gelu,input_length_2048-num_aie_columns_4-num_channels_2-tile_size_256,5/5,no,164.68,168.2,120.6,196.6,31.233267520386015,0.05136089,0.04870103,0.04167154,0.0679445,0.010732213599765896,,,,,
416c53de436a8336898b5be313cb6d3100ba3795,2026-10-03 08:22:18,commit 416c53de43 | peano 22.0.0+0006955e | mlir_aie 1.4.4.dev73+g18ca6c1 | kernels 5726d482c21a | runtime CachedXRTRuntime | xdna 2.21.0_20260625 | xrt 2.21.0 | host docker-runner-6aa540df4097 | device NPU Krackan 1 | pmode default,iron/operators/gelu/test.py::test_gelu,input_length_2048-num_aie_columns_8-num_channels_1-tile_size_256,5/5,no,178.76,182.4,169.9,188.4,8.331446453047636,0.04590877,0.04492287,0.04347757,0.04822426,0.0021578650202341188,,,,,
416c53de436a8336898b5be313cb6d3100ba3795,2026-10-03 08:22:18,commit 416c53de43 | peano 22.0.0+0006955e | mlir_aie 1.4.4.dev73+g18ca6c1 | kernels 5726d482c21a | runtime CachedXRTRuntime | xdna 2.21.0_20260625 | xrt 2.21.0 | host docker-runner-6aa540df4097 | device NPU Krackan 1 | pmode default,iron/operators/gelu/test.py::test_gelu,input_length_2048-num_aie_columns_8-num_channels_2-tile_size_128,5/5,no,215.70000000000002,223.0,168.8,241.1,27.383297829151253,0.038557864,0.03673971,0.03397633,0.04853598,0.005706877982481314,,,,,
416c53de436a8336898b5be313cb6d3100ba3795,2026-10-03 08:22:18,commit 416c53de43 | peano 22.0.0+0006955e | mlir_aie 1.4.4.dev73+g18ca6c1 | kernels 5726d482c21a | runtime CachedXRTRuntime | xdna 2.21.0_20260625 | xrt 2.21.0 | host docker-runner-6aa540df4097 | device NPU Krackan 1 | pmode default,iron/operators/gelu/test.py::test_gelu,input_length_4096-num_aie_columns_1-num_channels_1-tile_size_4096,5/5,no,179.48,171.7,143.3,254.3,43.98570222242678,0.095008668,0.09543503,0.06442683,0.1143312,0.01922410898510695,,,,,
416c53de436a8336898b5be313cb6d3100ba3795,2026-10-03 08:22:18,commit 416c53de43 | peano 22.0.0+0006955e | mlir_aie 1.4.4.dev73+g18ca6c1 | kernels 5726d482c21a | runtime CachedXRTRuntime | xdna 2.21.0_20260625 | xrt 2.21.0 | host docker-runner-6aa540df4097 | device NPU Krackan 1 | pmode default,iron/operators/gelu/test.py::test_gelu,input_length_4096-num_aie_columns_1-num_channels_2-tile_size_2048,5/5,no,171.98,173.2,115.6,219.0,36.94701611767857,0.09946150599999999,0.09456909,0.07482064,0.1416933,0.025025935573052608,,,,,
416c53de436a8336898b5be313cb6d3100ba3795,2026-10-03 08:22:18,commit 416c53de43 | peano 22.0.0+0006955e | mlir_aie 1.4.4.dev73+g18ca6c1 | kernels 5726d482c21a | runtime CachedXRTRuntime | xdna 2.21.0_20260625 | xrt 2.21.0 | host docker-runner-6aa540df4097 | device NPU Krackan 1 | pmode default,iron/operators/gelu/test.py::test_gelu,input_length_4096-num_aie_columns_2-num_channels_1-tile_size_2048,5/5,no,181.18,174.8,162.4,212.0,19.3352527782804,0.091200864,0.09374446,0.07726698,0.1008749,0.009109794227600864,,,,,
416c53de436a8336898b5be313cb6d3100ba3795,2026-10-03 08:22:18,commit 416c53de43 | peano 22.0.0+0006955e | mlir_aie 1.4.4.dev73+g18ca6c1 | kernels 5726d482c21a | runtime CachedXRTRuntime | xdna 2.21.0_20260625 | xrt 2.21.0 | host docker-runner-6aa540df4097 | device NPU Krackan 1 | pmode default,iron/operators/gelu/test.py::test_gelu,input_length_4096-num_aie_columns_2-num_channels_2-tile_size_1024,5/5,no,138.70000000000002,128.5,116.9,172.8,22.346252482239613,0.12041081,0.1274573,0.09482085,0.1401516,0.017928093294756694,,,,,
416c53de436a8336898b5be313cb6d3100ba3795,2026-10-03 08:22:18,commit 416c53de43 | peano 22.0.0+0006955e | mlir_aie 1.4.4.dev73+g18ca6c1 | kernels 5726d482c21a | runtime CachedXRTRuntime | xdna 2.21.0_20260625 | xrt 2.21.0 | host docker-runner-6aa540df4097 | device NPU Krackan 1 | pmode default,iron/operators/gelu/test.py::test_gelu,input_length_4096-num_aie_columns_4-num_channels_1-tile_size_1024,5/5,no,156.9,159.9,115.5,189.0,27.015828693564075,0.107261926,0.1024551,0.08670159,0.1418037,0.020865000380627368,,,,,
416c53de436a8336898b5be313cb6d3100ba3795,2026-10-03 08:22:18,commit 416c53de43 | peano 22.0.0+0006955e | mlir_aie 1.4.4.dev73+g18ca6c1 | kernels 5726d482c21a | runtime CachedXRTRuntime | xdna 2.21.0_20260625 | xrt 2.21.0 | host docker-runner-6aa540df4097 | device NPU Krackan 1 | pmode default,iron/operators/gelu/test.py::test_gelu,input_length_4096-num_aie_columns_4-num_channels_2-tile_size_512,5/5,no,194.48,191.5,173.2,230.7,21.778131232959357,0.085016656,0.08554988,0.07101895,0.094574,0.008749926835192968,,,,,
416c53de436a8336898b5be313cb6d3100ba3795,2026-10-03 08:22:18,commit 416c53de43 | peano 22.0.0+0006955e | mlir_aie 1.4.4.dev73+g18ca6c1 | kernels 5726d482c21a | runtime CachedXRTRuntime | xdna 2.21.0_20260625 | xrt 2.21.0 | host docker-runner-6aa540df4097 | device NPU Krackan 1 | pmode default,iron/operators/gelu/test.py::test_gelu,input_length_4096-num_aie_columns_8-num_channels_1-tile_size_512,5/5,no,172.62,167.7,149.0,207.4,23.12416484978431,0.09620733399999999,0.09768138,0.07897997,0.1099494,0.012222094998095867,,,,,
416c53de436a8336898b5be313cb6d3100ba3795,2026-10-03 08:22:18,commit 416c53de43 | peano 22.0.0+0006955e | mlir_aie 1.4.4.dev73+g18ca6c1 | kernels 5726d482c21a | runtime CachedXRTRuntime | xdna 2.21.0_20260625 | xrt 2.21.0 | host docker-runner-6aa540df4097 | device NPU Krackan 1 | pmode default,iron/operators/gelu/test.py::test_gelu,input_length_4096-num_aie_columns_8-num_channels_2-tile_size_256,5/5,no,217.5,206.7,200.1,260.3,24.684002916869062,0.076020882,0.07927461,0.06294373,0.08187456,0.007659917079340349,,,,,
416c53de436a8336898b5be313cb6d3100ba3795,2026-10-03 08:22:18,commit 416c53de43 | peano 22.0.0+0006955e | mlir_aie 1.4.4.dev73+g18ca6c1 | kernels 5726d482c21a | runtime CachedXRTRuntime | xdna 2.21.0_20260625 | xrt 2.21.0 | host docker-runner-6aa540df4097 | device NPU Krackan 1 | pmode default,iron/operators/gelu/test.py::test_gelu,input_length_8192-num_aie_columns_1-num_channels_1-tile_size_8192,5/5,no,162.34,175.7,129.7,179.1,22.236973714964005,0.20523384,0.1865273,0.182948,0.2526504,0.030831241379370374,,,,,
416c53de436a8336898b5be313cb6d3100ba3795,2026-10-03 08:22:18,commit 416c53de43 | peano 22.0.0+0006955e | mlir_aie 1.4.4.dev73+g18ca6c1 | kernels 5726d482c21a | runtime CachedXRTRuntime | xdna 2.21.0_20260625 | xrt 2.21.0 | host docker-runner-6aa540df4097 | device NPU Krackan 1 | pmode default,iron/operators/gelu/test.py::test_gelu,input_length_8192-num_aie_columns_1-num_channels_2-tile_size_4096,5/5,no,135.3,137.1,123.0,147.8,9.44669254289564,0.24317932,0.2389888,0.2217335,0.2664845,0.01710638437943566,,,,,
416c53de436a8336898b5be313cb6d3100ba3795,2026-10-03 08:22:18,commit 416c53de43 | peano 22.0.0+0006955e | mlir_aie 1.4.4.dev73+g18ca6c1 | kernels 5726d482c21a | runtime CachedXRTRuntime | xdna 2.21.0_20260625 | xrt 2.21.0 | host docker-runner-6aa540df4097 | device NPU Krackan 1 | pmode default,iron/operators/gelu/test.py::test_gelu,input_length_8192-num_aie_columns_2-num_channels_1-tile_size_4096,5/5,no,159.26,158.7,130.8,184.7,21.42738901499666,0.20884808,0.2065271,0.1773717,0.2505026,0.029002339235947857,,,,,
416c53de436a8336898b5be313cb6d3100ba3795,2026-10-03 08:22:18,commit 416c53de43 | peano 22.0.0+0006955e | mlir_aie 1.4.4.dev73+g18ca6c1 | kernels 5726d482c21a | runtime CachedXRTRuntime | xdna 2.21.0_20260625 | xrt 2.21.0 | host docker-runner-6aa540df4097 | device NPU Krackan 1 | pmode default,iron/operators/gelu/test.py::test_gelu,input_length_8192-num_aie_columns_2-num_channels_2-tile_size_2048,5/5,no,155.92000000000002,148.5,131.3,188.1,22.003227036050866,0.21341178,0.2206258,0.1741978,0.2496039,0.028949345012486888,,,,,
416c53de436a8336898b5be313cb6d3100ba3795,2026-10-03 08:22:18,commit 416c53de43 | peano 22.0.0+0006955e | mlir_aie 1.4.4.dev73+g18ca6c1 | kernels 5726d482c21a | runtime CachedXRTRuntime | xdna 2.21.0_20260625 | xrt 2.21.0 | host docker-runner-6aa540df4097 | device NPU Krackan 1 | pmode default,iron/operators/gelu/test.py::test_gelu,input_length_8192-num_aie_columns_4-num_channels_1-tile_size_2048,5/5,no,180.68,168.2,132.1,276.5,56.421511854965395,0.1932091,0.1947694,0.1185117,0.2481278,0.04855445671882243,,,,,
416c53de436a8336898b5be313cb6d3100ba3795,2026-10-03 08:22:18,commit 416c53de43 | peano 22.0.0+0006955e | mlir_aie 1.4.4.dev73+g18ca6c1 | kernels 5726d482c21a | runtime CachedXRTRuntime | xdna 2.21.0_20260625 | xrt 2.21.0 | host docker-runner-6aa540df4097 | device NPU Krackan 1 | pmode default,iron/operators/gelu/test.py::test_gelu,input_length_8192-num_aie_columns_4-num_channels_2-tile_size_1024,5/5,no,181.88,155.1,133.7,298.5,67.73309383159757,0.19597061999999998,0.2113315,0.1097616,0.2450787,0.05409500747912879,,,,,
416c53de436a8336898b5be313cb6d3100ba3795,2026-10-03 08:22:18,commit 416c53de43 | peano 22.0.0+0006955e | mlir_aie 1.4.4.dev73+g18ca6c1 | kernels 5726d482c21a | runtime CachedXRTRuntime | xdna 2.21.0_20260625 | xrt 2.21.0 | host docker-runner-6aa540df4097 | device NPU Krackan 1 | pmode default,iron/operators/gelu/test.py::test_gelu,input_length_8192-num_aie_columns_8-num_channels_1-tile_size_1024,5/5,no,190.44,168.9,116.1,315.8,75.61364294887531,0.19147994,0.1939727,0.1037517,0.2822613,0.06481117750961635,,,,,
416c53de436a8336898b5be313cb6d3100ba3795,2026-10-03 08:22:18,commit 416c53de43 | peano 22.0.0+0006955e | mlir_aie 1.4.4.dev73+g18ca6c1 | kernels 5726d482c21a | runtime CachedXRTRuntime | xdna 2.21.0_20260625 | xrt 2.21.0 | host docker-runner-6aa540df4097 | device NPU Krackan 1 | pmode default,iron/operators/gelu/test.py::test_gelu,input_length_8192-num_aie_columns_8-num_channels_2-tile_size_512,5/5,no,200.86,198.3,174.0,233.1,21.288565005655027,0.16458328,0.1652046,0.1405724,0.1883424,0.017101050953874153,,,,,
416c53de436a8336898b5be313cb6d3100ba3795,2026-10-03 08:22:18,commit 416c53de43 | peano 22.0.0+0006955e | mlir_aie 1.4.4.dev73+g18ca6c1 | kernels 5726d482c21a | runtime CachedXRTRuntime | xdna 2.21.0_20260625 | xrt 2.21.0 | host docker-runner-6aa540df4097 | device NPU Krackan 1 | pmode default,iron/operators/gelu/test.py::test_gelu,input_length_8388608-num_aie_columns_8-num_channels_2-tile_size_4096,5/5,yes,671.74,640.8,633.9,774.0,59.2460800391047,50.236892,52.36743,43.34957,52.93107,4.0386357583248325,,,,,
416c53de436a8336898b5be313cb6d3100ba3795,2026-10-03 08:22:18,commit 416c53de43 | peano 22.0.0+0006955e | mlir_aie 1.4.4.dev73+g18ca6c1 | kernels 5726d482c21a | runtime CachedXRTRuntime | xdna 2.21.0_20260625 | xrt 2.21.0 | host docker-runner-6aa540df4097 | device NPU Krackan 1 | pmode default,iron/operators/gemm/test.py::test_gemm,M_1024-K_2560-N_10240-num_aie_columns_8-b_col_maj_False-c_col_maj_False-m_64-k_64-n_64-partition_N_1,5/5,no,18895.28,18849.0,18829.2,19050.6,93.87956114085685,4.1621404,4.172282,4.128117,4.176669,0.02058729847017362,2841.3544,2848.278,2818.128,2851.272,14.054136768225847
416c53de436a8336898b5be313cb6d3100ba3795,2026-10-03 08:22:18,commit 416c53de43 | peano 22.0.0+0006955e | mlir_aie 1.4.4.dev73+g18ca6c1 | kernels 5726d482c21a | runtime CachedXRTRuntime | xdna 2.21.0_20260625 | xrt 2.21.0 | host docker-runner-6aa540df4097 | device NPU Krackan 1 | pmode default,iron/operators/gemm/test.py::test_gemm,M_1792-K_896-N_1152-num_aie_columns_8-b_col_maj_False-c_col_maj_True-m_64-k_32-n_48-partition_N_1,5/5,no,2333.98,2229.0,1867.6,2689.2,351.012467015062,4.1057635999999995,4.219187,3.497092,5.035654,0.6390503888288467,1615.0672,1659.684,1375.637,1980.854,251.3804493028446
416c53de436a8336898b5be313cb6d3100ba3795,2026-10-03 08:22:18,commit 416c53de43 | peano 22.0.0+0006955e | mlir_aie 1.4.4.dev73+g18ca6c1 | kernels 5726d482c21a | runtime CachedXRTRuntime | xdna 2.21.0_20260625 | xrt 2.21.0 | host docker-runner-6aa540df4097 | device NPU Krackan 1 | pmode default,iron/operators/gemm/test.py::test_gemm,M_192-K_384-N_64-num_aie_columns_4-b_col_maj_False-c_col_maj_False-m_48-k_96-n_16-partition_N_1,5/5,no,270.8,297.5,162.1,368.7,89.59564721569905,0.90405238,0.7435106,0.5998503,1.364676,0.33457515048084785,38.572904,31.72312,25.59361,58.22619,14.275213195078035
416c53de436a8336898b5be313cb6d3100ba3795,2026-10-03 08:22:18,commit 416c53de43 | peano 22.0.0+0006955e | mlir_aie 1.4.4.dev73+g18ca6c1 | kernels 5726d482c21a | runtime CachedXRTRuntime | xdna 2.21.0_20260625 | xrt 2.21.0 | host docker-runner-6aa540df4097 | device NPU Krackan 1 | pmode default,iron/operators/gemm/test.py::test_gemm,M_192-K_384-N_64-num_aie_columns_4-b_col_maj_True-c_col_maj_True-m_48-k_96-n_16-partition_N_1,5/5,no,240.52,240.3,193.6,300.0,39.16499712753724,0.93855784,0.9203077,0.7373267,1.142249,0.14804349300213437,40.045138,39.26646,31.45927,48.73597,6.316528007819644
416c53de436a8336898b5be313cb6d3100ba3795,2026-10-03 08:22:18,commit 416c53de43 | peano 22.0.0+0006955e | mlir_aie 1.4.4.dev73+g18ca6c1 | kernels 5726d482c21a | runtime CachedXRTRuntime | xdna 2.21.0_20260625 | xrt 2.21.0 | host docker-runner-6aa540df4097 | device NPU Krackan 1 | pmode default,iron/operators/gemm/test.py::test_gemm,M_2048-K_2048-N_2048-num_aie_columns_1-b_col_maj_False-c_col_maj_False-m_64-k_64-n_64-partition_N_1,5/5,yes,47091.32,47050.0,47019.7,47293.5,113.81006985324316,0.53440724,0.5348744,0.5321197,0.5352185,0.0012877608485274104,364.82202,365.1409,363.2604,365.3758,0.8791058963515184
416c53de436a8336898b5be313cb6d3100ba3795,2026-10-03 08:22:18,commit 416c53de43 | peano 22.0.0+0006955e | mlir_aie 1.4.4.dev73+g18ca6c1 | kernels 5726d482c21a | runtime CachedXRTRuntime | xdna 2.21.0_20260625 | xrt 2.21.0 | host docker-runner-6aa540df4097 | device NPU Krackan 1 | pmode default,iron/operators/gemm/test.py::test_gemm,M_2048-K_2048-N_2048-num_aie_columns_2-b_col_maj_False-c_col_maj_True-m_8-k_16-n_32-partition_N_1,5/5,no,119042.2,118837.2,118357.5,119599.9,540.4911793914858,0.211406,0.2117673,0.2104167,0.2126254,0.0009598551895989291,144.31984,144.5665,143.6445,145.1523,0.6552653798271371
416c53de436a8336898b5be313cb6d3100ba3795,2026-10-03 08:22:18,commit 416c53de43 | peano 22.0.0+0006955e | mlir_aie 1.4.4.dev73+g18ca6c1 | kernels 5726d482c21a | runtime CachedXRTRuntime | xdna 2.21.0_20260625 | xrt 2.21.0 | host docker-runner-6aa540df4097 | device NPU Krackan 1 | pmode default,iron/operators/gemm/test.py::test_gemm,M_2048-K_2048-N_2048-num_aie_columns_2-b_col_maj_True-c_col_maj_False-m_64-k_64-n_64-partition_N_1,5/5,yes,27591.92,27654.6,27170.0,27791.9,247.96384212219337,0.91213252,0.9100062,0.9055088,0.9262367,0.008274873006095036,622.6824799999999,621.2309,618.1607,632.3109,5.648956983550125
416c53de436a8336898b5be313cb6d3100ba3795,2026-10-03 08:22:18,commit 416c53de43 | peano 22.0.0+0006955e | mlir_aie 1.4.4.dev73+g18ca6c1 | kernels 5726d482c21a | runtime CachedXRTRuntime | xdna 2.21.0_20260625 | xrt 2.21.0 | host docker-runner-6aa540df4097 | device NPU Krackan 1 | pmode default,iron/operators/gemm/test.py::test_gemm,M_2048-K_2048-N_2048-num_aie_columns_8-b_col_maj_False-c_col_maj_False-m_32-k_32-n_128-partition_N_1,5/5,no,6829.62,6837.9,6747.8,6916.8,65.70568468557342,3.685082,3.68035,3.638373,3.729481,0.03542880064297965,2515.6826,2512.452,2483.796,2545.993,24.186216194353435
416c53de436a8336898b5be313cb6d3100ba3795,2026-10-03 08:22:18,commit 416c53de43 | peano 22.0.0+0006955e | mlir_aie 1.4.4.dev73+g18ca6c1 | kernels 5726d482c21a | runtime CachedXRTRuntime | xdna 2.21.0_20260625 | xrt 2.21.0 | host docker-runner-6aa540df4097 | device NPU Krackan 1 | pmode default,iron/operators/gemm/test.py::test_gemm,M_2048-K_2048-N_2048-num_aie_columns_8-b_col_maj_True-c_col_maj_False-m_128-k_32-n_32-partition_N_1,5/5,no,8087.94,8024.9,7727.7,8575.1,337.85687502254575,3.1158118,3.135976,2.934767,3.256581,0.12822827093390918,2127.061,2140.826,2003.468,2223.159,87.53694911293174
416c53de436a8336898b5be313cb6d3100ba3795,2026-10-03 08:22:18,commit 416c53de43 | peano 22.0.0+0006955e | mlir_aie 1.4.4.dev73+g18ca6c1 | kernels 5726d482c21a | runtime CachedXRTRuntime | xdna 2.21.0_20260625 | xrt 2.21.0 | host docker-runner-6aa540df4097 | device NPU Krackan 1 | pmode default,iron/operators/gemm/test.py::test_gemm,M_2048-K_2048-N_2048-num_aie_columns_8-b_col_maj_True-c_col_maj_True-m_64-k_64-n_64-partition_N_1,5/5,yes,7673.22,7685.2,7431.4,7892.3,192.59873312148258,3.2813423999999998,3.274565,3.188656,3.386395,0.08259590407096466,2240.063,2235.436,2176.789,2311.779,56.38560008104899
416c53de436a8336898b5be313cb6d3100ba3795,2026-10-03 08:22:18,commit 416c53de43 | peano 22.0.0+0006955e | mlir_aie 1.4.4.dev73+g18ca6c1 | kernels 5726d482c21a | runtime CachedXRTRuntime | xdna 2.21.0_20260625 | xrt 2.21.0 | host docker-runner-6aa540df4097 | device NPU Krackan 1 | pmode default,iron/operators/gemm/test.py::test_gemm,M_2048-K_2048-N_8192-num_aie_columns_2-b_col_maj_False-c_col_maj_False-m_64-k_64-n_64-partition_N_1,5/5,no,93253.26,93277.6,93076.5,93343.1,102.46796084630653,0.80959676,0.8093848,0.808817,0.8111332,0.0008905114418130704,736.91294,736.72,736.2032,738.3114,0.8105407503636163
416c53de436a8336898b5be313cb6d3100ba3795,2026-10-03 08:22:18,commit 416c53de43 | peano 22.0.0+0006955e | mlir_aie 1.4.4.dev73+g18ca6c1 | kernels 5726d482c21a | runtime CachedXRTRuntime | xdna 2.21.0_20260625 | xrt 2.21.0 | host docker-runner-6aa540df4097 | device NPU Krackan 1 | pmode default,iron/operators/gemm/test.py::test_gemm,M_2048-K_2048-N_8192-num_aie_columns_2-b_col_maj_False-c_col_maj_True-m_64-k_64-n_64-partition_N_1,5/5,no,100869.98,100877.0,100843.1,100902.5,25.127216320154446,0.74846316,0.748411,0.7482223,0.7486624,0.0001862513436192999,681.26786,681.2204,681.0486,681.4492,0.16953220343049924
416c53de436a8336898b5be313cb6d3100ba3795,2026-10-03 08:22:18,commit 416c53de43 | peano 22.0.0+0006955e | mlir_aie 1.4.4.dev73+g18ca6c1 | kernels 5726d482c21a | runtime CachedXRTRuntime | xdna 2.21.0_20260625 | xrt 2.21.0 | host docker-runner-6aa540df4097 | device NPU Krackan 1 | pmode default,iron/operators/gemm/test.py::test_gemm,M_2048-K_2048-N_8192-num_aie_columns_2-b_col_maj_True-c_col_maj_False-m_64-k_64-n_64-partition_N_1,5/5,no,107211.14,107224.4,107105.2,107308.7,97.33163925466286,0.7041948,0.7041073,0.7035542,0.7048911,0.0006394638261856365,640.97376,640.8941,640.3907,641.6076,0.5820730478213146
416c53de436a8336898b5be313cb6d3100ba3795,2026-10-03 08:22:18,commit 416c53de43 | peano 22.0.0+0006955e | mlir_aie 1.4.4.dev73+g18ca6c1 | kernels 5726d482c21a | runtime CachedXRTRuntime | xdna 2.21.0_20260625 | xrt 2.21.0 | host docker-runner-6aa540df4097 | device NPU Krackan 1 | pmode default,iron/operators/gemm/test.py::test_gemm,M_2048-K_2560-N_10240-num_aie_columns_8-b_col_maj_False-c_col_maj_False-m_64-k_64-n_64-partition_N_1,5/5,no,37013.979999999996,37005.7,36946.6,37131.5,74.20631374755186,2.8329266,2.833549,2.823949,2.838087,0.0056725865617018615,2900.917,2901.554,2891.724,2906.201,5.80870678378582
416c53de436a8336898b5be313cb6d3100ba3795,2026-10-03 08:22:18,commit 416c53de43 | peano 22.0.0+0006955e | mlir_aie 1.4.4.dev73+g18ca6c1 | kernels 5726d482c21a | runtime CachedXRTRuntime | xdna 2.21.0_20260625 | xrt 2.21.0 | host docker-runner-6aa540df4097 | device NPU Krackan 1 | pmode default,iron/operators/gemm/test.py::test_gemm,M_2048-K_64-N_2048-num_aie_columns_2-b_col_maj_False-c_col_maj_False-m_64-k_64-n_64-partition_N_1,5/5,no,1043.82,1029.1,986.6,1148.3,66.7112209452053,8.5655776,8.660705,7.761643,9.034244,0.5263932174219188,515.95006,521.6801,467.5248,544.1803,31.707447365453415
416c53de436a8336898b5be313cb6d3100ba3795,2026-10-03 08:22:18,commit 416c53de43 | peano 22.0.0+0006955e | mlir_aie 1.4.4.dev73+g18ca6c1 | kernels 5726d482c21a | runtime CachedXRTRuntime | xdna 2.21.0_20260625 | xrt 2.21.0 | host docker-runner-6aa540df4097 | device NPU Krackan 1 | pmode default,iron/operators/gemm/test.py::test_gemm,M_2048-K_64-N_2048-num_aie_columns_2-b_col_maj_False-c_col_maj_True-m_64-k_64-n_64-partition_N_1,5/5,no,1254.68,1122.4,1076.8,1806.6,311.6202047364708,7.3815516,7.940877,4.933519,8.27736,1.4021609085747968,444.62994,478.3211,297.172,498.5892,84.45956320043337
416c53de436a8336898b5be313cb6d3100ba3795,2026-10-03 08:22:18,commit 416c53de43 | peano 22.0.0+0006955e | mlir_aie 1.4.4.dev73+g18ca6c1 | kernels 5726d482c21a | runtime CachedXRTRuntime | xdna 2.21.0_20260625 | xrt 2.21.0 | host docker-runner-6aa540df4097 | device NPU Krackan 1 | pmode default,iron/operators/gemm/test.py::test_gemm,M_2048-K_64-N_2048-num_aie_columns_2-b_col_maj_True-c_col_maj_False-m_64-k_64-n_64-partition_N_1,5/5,no,1195.82,1210.1,1074.5,1331.1,115.00909529250283,7.5092159999999994,7.365214,6.696018,8.295109,0.7264275563884535,452.31984,443.6458,403.3366,499.6584,43.75662207995494
416c53de436a8336898b5be313cb6d3100ba3795,2026-10-03 08:22:18,commit 416c53de43 | peano 22.0.0+0006955e | mlir_aie 1.4.4.dev73+g18ca6c1 | kernels 5726d482c21a | runtime CachedXRTRuntime | xdna 2.21.0_20260625 | xrt 2.21.0 | host docker-runner-6aa540df4097 | device NPU Krackan 1 | pmode default,iron/operators/gemm/test.py::test_gemm,M_2048-K_64-N_8192-num_aie_columns_2-b_col_maj_False-c_col_maj_False-m_64-k_64-n_64-partition_N_1,5/5,no,3705.2,3702.6,3432.4,3865.2,169.60053065954708,9.4261242,9.416321,9.02018,10.15756,0.4473606844708194,580.5925,579.9887,555.5888,625.6444,27.55465553649693
416c53de436a8336898b5be313cb6d3100ba3795,2026-10-03 08:22:18,commit 416c53de43 | peano 22.0.0+0006955e | mlir_aie 1.4.4.dev73+g18ca6c1 | kernels 5726d482c21a | runtime CachedXRTRuntime | xdna 2.21.0_20260625 | xrt 2.21.0 | host docker-runner-6aa540df4097 | device NPU Krackan 1 | pmode default,iron/operators/gemm/test.py::test_gemm,M_2048-K_64-N_8192-num_aie_columns_2-b_col_maj_False-c_col_maj_True-m_64-k_64-n_64-partition_N_1,5/5,no,3772.82,3825.3,3572.6,3907.9,152.270144808495,9.2534288,9.114422,8.921802,9.759118,0.37885911744499473,569.95556,561.3936,549.5293,601.103,23.335464175220476
416c53de436a8336898b5be313cb6d3100ba3795,2026-10-03 08:22:18,commit 416c53de43 | peano 22.0.0+0006955e | mlir_aie 1.4.4.dev73+g18ca6c1 | kernels 5726d482c21a | runtime CachedXRTRuntime | xdna 2.21.0_20260625 | xrt 2.21.0 | host docker-runner-6aa540df4097 | device NPU Krackan 1 | pmode default,iron/operators/gemm/test.py::test_gemm,M_2048-K_64-N_8192-num_aie_columns_2-b_col_maj_True-c_col_maj_False-m_64-k_64-n_64-partition_N_1,5/5,no,3996.7200000000003,3959.9,3856.4,4204.8,150.9226523753145,8.7332616,8.804442,8.291778,9.040967,0.32557526124738034,537.9164,542.3007,510.7236,556.8692,20.053504363452284
416c53de436a8336898b5be313cb6d3100ba3795,2026-10-03 08:22:18,commit 416c53de43 | peano 22.0.0+0006955e | mlir_aie 1.4.4.dev73+g18ca6c1 | kernels 5726d482c21a | runtime CachedXRTRuntime | xdna 2.21.0_20260625 | xrt 2.21.0 | host docker-runner-6aa540df4097 | device NPU Krackan 1 | pmode default,iron/operators/gemm/test.py::test_gemm,M_2048-K_8192-N_2048-num_aie_columns_2-b_col_maj_False-c_col_maj_False-m_64-k_64-n_64-partition_N_1,5/5,no,93100.54,93160.2,92811.3,93200.6,162.6225937562167,0.8109261400000001,0.8104051,0.8100538,0.813451,0.0014195166423821902,738.12298,737.6487,737.3289,740.4212,1.2920976809049776
416c53de436a8336898b5be313cb6d3100ba3795,2026-10-03 08:22:18,commit 416c53de43 | peano 22.0.0+0006955e | mlir_aie 1.4.4.dev73+g18ca6c1 | kernels 5726d482c21a | runtime CachedXRTRuntime | xdna 2.21.0_20260625 | xrt 2.21.0 | host docker-runner-6aa540df4097 | device NPU Krackan 1 | pmode default,iron/operators/gemm/test.py::test_gemm,M_2048-K_8192-N_2048-num_aie_columns_2-b_col_maj_False-c_col_maj_True-m_64-k_64-n_64-partition_N_1,5/5,no,100796.94,100815.3,100721.2,100847.4,52.59722426136044,0.74900562,0.7488693,0.7486306,0.7495689,0.00039100913927935644,681.76158,681.6375,681.4202,682.2743,0.35591921414837807
416c53de436a8336898b5be313cb6d3100ba3795,2026-10-03 08:22:18,commit 416c53de43 | peano 22.0.0+0006955e | mlir_aie 1.4.4.dev73+g18ca6c1 | kernels 5726d482c21a | runtime CachedXRTRuntime | xdna 2.21.0_20260625 | xrt 2.21.0 | host docker-runner-6aa540df4097 | device NPU Krackan 1 | pmode default,iron/operators/gemm/test.py::test_gemm,M_2048-K_8192-N_2048-num_aie_columns_2-b_col_maj_True-c_col_maj_False-m_64-k_64-n_64-partition_N_1,5/5,no,106576.31999999999,106520.2,106428.9,106808.1,155.31204718244243,0.70839,0.708762,0.7068518,0.7093701,0.0010314434036824147,644.7923,645.1309,643.3922,645.6844,0.9388600215154419
416c53de436a8336898b5be313cb6d3100ba3795,2026-10-03 08:22:18,commit 416c53de43 | peano 22.0.0+0006955e | mlir_aie 1.4.4.dev73+g18ca6c1 | kernels 5726d482c21a | runtime CachedXRTRuntime | xdna 2.21.0_20260625 | xrt 2.21.0 | host docker-runner-6aa540df4097 | device NPU Krackan 1 | pmode default,iron/operators/gemm/test.py::test_gemm,M_384-K_1536-N_1792-num_aie_columns_4-b_col_maj_True-c_col_maj_False-m_32-k_48-n_64-partition_N_1,5/5,no,2308.52,2220.5,1864.5,2654.1,335.25759051809695,3.5533078,3.630236,3.037123,4.323326,0.5326098249147306,931.8333200000001,952.0072,796.467,1133.766,139.67374198456918
416c53de436a8336898b5be313cb6d3100ba3795,2026-10-03 08:22:18,commit 416c53de43 | peano 22.0.0+0006955e | mlir_aie 1.4.4.dev73+g18ca6c1 | kernels 5726d482c21a | runtime CachedXRTRuntime | xdna 2.21.0_20260625 | xrt 2.21.0 | host docker-runner-6aa540df4097 | device NPU Krackan 1 | pmode default,iron/operators/gemm/test.py::test_gemm,M_64-K_512-N_256-num_aie_columns_4-b_col_maj_True-c_col_maj_False-m_16-k_64-n_64-partition_N_4,5/5,no,3264.82,3377.1,2220.4,3868.9,617.9772463448795,0.3955637,0.3687139,0.321843,0.5607908,0.09434898794531399,21.318806,19.87174,17.34565,30.22368,5.084915131059712
416c53de436a8336898b5be313cb6d3100ba3795,2026-10-03 08:22:18,commit 416c53de43 | peano 22.0.0+0006955e | mlir_aie 1.4.4.dev73+g18ca6c1 | kernels 5726d482c21a | runtime CachedXRTRuntime | xdna 2.21.0_20260625 | xrt 2.21.0 | host docker-runner-6aa540df4097 | device NPU Krackan 1 | pmode default,iron/operators/gemm/test.py::test_gemm,M_896-K_1792-N_640-num_aie_columns_8-b_col_maj_False-c_col_maj_True-m_32-k_64-n_80-partition_N_1,5/5,no,1432.56,1320.1,1043.1,1936.1,405.86525842944485,4.9448048,5.038814,3.435766,6.376772,1.3418174641892242,1527.7744,1556.82,1061.533,1970.203,414.575519049666
416c53de436a8336898b5be313cb6d3100ba3795,2026-10-03 08:22:18,commit 416c53de43 | peano 22.0.0+0006955e | mlir_aie 1.4.4.dev73+g18ca6c1 | kernels 5726d482c21a | runtime CachedXRTRuntime | xdna 2.21.0_20260625 | xrt 2.21.0 | host docker-runner-6aa540df4097 | device NPU Krackan 1 | pmode default,iron/operators/gemv/test.py::test_gemv,M_128-K_128-num_aie_columns_1-tile_size_input_32-tile_size_output_128,5/5,no,157.96,153.2,135.0,190.3,24.18580161995877,0.21455482,0.2172026,0.1748983,0.2465423,0.0317813885740853,0.21125396,0.213861,0.1722076,0.2427493,0.031292428563679746
416c53de436a8336898b5be313cb6d3100ba3795,2026-10-03 08:22:18,commit 416c53de43 | peano 22.0.0+0006955e | mlir_aie 1.4.4.dev73+g18ca6c1 | kernels 5726d482c21a | runtime CachedXRTRuntime | xdna 2.21.0_20260625 | xrt 2.21.0 | host docker-runner-6aa540df4097 | device NPU Krackan 1 | pmode default,iron/operators/gemv/test.py::test_gemv,M_2048-K_8192-num_aie_columns_1-tile_size_input_1-tile_size_output_2048,5/5,no,2829.64,3001.0,2499.2,3040.7,259.1453125178999,11.948808,11.18793,11.04187,13.43417,1.1376282047839708,11.941518,11.18111,11.03514,13.42597,1.136929465784927
416c53de436a8336898b5be313cb6d3100ba3795,2026-10-03 08:22:18,commit 416c53de43 | peano 22.0.0+0006955e | mlir_aie 1.4.4.dev73+g18ca6c1 | kernels 5726d482c21a | runtime CachedXRTRuntime | xdna 2.21.0_20260625 | xrt 2.21.0 | host docker-runner-6aa540df4097 | device NPU Krackan 1 | pmode default,iron/operators/gemv/test.py::test_gemv,M_2048-K_8192-num_aie_columns_2-tile_size_input_1-tile_size_output_1024,5/5,no,1379.82,1378.3,1337.0,1412.7,31.69285408416226,24.34362,24.36047,23.76615,25.11295,0.5620850795920493,24.328772,24.34561,23.75165,25.09763,0.5617428800794888
416c53de436a8336898b5be313cb6d3100ba3795,2026-10-03 08:22:18,commit 416c53de43 | peano 22.0.0+0006955e | mlir_aie 1.4.4.dev73+g18ca6c1 | kernels 5726d482c21a | runtime CachedXRTRuntime | xdna 2.21.0_20260625 | xrt 2.21.0 | host docker-runner-6aa540df4097 | device NPU Krackan 1 | pmode default,iron/operators/gemv/test.py::test_gemv,M_2048-K_8192-num_aie_columns_4-tile_size_input_1-tile_size_output_512,5/5,no,832.6800000000001,829.4,810.6,864.6,22.399040158006777,40.344552,40.48199,38.83306,41.41758,1.0745138690449734,40.319944,40.4573,38.80938,41.39232,1.0738570232251599
416c53de436a8336898b5be313cb6d3100ba3795,2026-10-03 08:22:18,commit 416c53de43 | peano 22.0.0+0006955e | mlir_aie 1.4.4.dev73+g18ca6c1 | kernels 5726d482c21a | runtime CachedXRTRuntime | xdna 2.21.0_20260625 | xrt 2.21.0 | host docker-runner-6aa540df4097 | device NPU Krackan 1 | pmode default,iron/operators/gemv/test.py::test_gemv,M_2048-K_8192-num_aie_columns_8-tile_size_input_1-tile_size_output_256,5/5,yes,790.08,785.6,782.5,799.4,8.5812003822309,42.500091999999995,42.73983,42.00109,42.90504,0.45894147924326956,42.474168,42.71376,41.97547,42.87887,0.45866160540206463
416c53de436a8336898b5be313cb6d3100ba3795,2026-10-03 08:22:18,commit 416c53de43 | peano 22.0.0+0006955e | mlir_aie 1.4.4.dev73+g18ca6c1 | kernels 5726d482c21a | runtime CachedXRTRuntime | xdna 2.21.0_20260625 | xrt 2.21.0 | host docker-runner-6aa540df4097 | device NPU Krackan 1 | pmode default,iron/operators/gemv/test.py::test_gemv,M_8192-K_2048-num_aie_columns_1-tile_size_input_4-tile_size_output_1024,5/5,no,2634.2400000000002,2528.5,2483.0,2858.8,181.77074297036918,12.79299,13.27857,11.74427,13.52165,0.8609020187280313,12.785186,13.27047,11.73711,13.5134,0.8603771233767203
416c53de436a8336898b5be313cb6d3100ba3795,2026-10-03 08:22:18,commit 416c53de43 | peano 22.0.0+0006955e | mlir_aie 1.4.4.dev73+g18ca6c1 | kernels 5726d482c21a | runtime CachedXRTRuntime | xdna 2.21.0_20260625 | xrt 2.21.0 | host docker-runner-6aa540df4097 | device NPU Krackan 1 | pmode default,iron/operators/gemv/test.py::test_gemv,M_8192-K_2048-num_aie_columns_2-tile_size_input_4-tile_size_output_1024,5/5,no,1403.8,1414.1,1338.7,1498.2,64.50961168694164,23.95741,23.74374,22.41057,25.08102,1.08468969025708,23.942796,23.72926,22.3969,25.06572,1.0840291558256174
416c53de436a8336898b5be313cb6d3100ba3795,2026-10-03 08:22:18,commit 416c53de43 | peano 22.0.0+0006955e | mlir_aie 1.4.4.dev73+g18ca6c1 | kernels 5726d482c21a | runtime CachedXRTRuntime | xdna 2.21.0_20260625 | xrt 2.21.0 | host docker-runner-6aa540df4097 | device NPU Krackan 1 | pmode default,iron/operators/gemv/test.py::test_gemv,M_8192-K_2048-num_aie_columns_4-tile_size_input_4-tile_size_output_1024,5/5,no,962.12,858.8,847.2,1350.5,217.91242965925554,36.037918,39.09583,24.86161,39.6303,6.301462683573553,36.015936,39.07198,24.84645,39.60613,6.2976165085435305
416c53de436a8336898b5be313cb6d3100ba3795,2026-10-03 08:22:18,commit 416c53de43 | peano 22.0.0+0006955e | mlir_aie 1.4.4.dev73+g18ca6c1 | kernels 5726d482c21a | runtime CachedXRTRuntime | xdna 2.21.0_20260625 | xrt 2.21.0 | host docker-runner-6aa540df4097 | device NPU Krackan 1 | pmode default,iron/operators/gemv/test.py::test_gemv,M_8192-K_2048-num_aie_columns_8-tile_size_input_4-tile_size_output_1024,5/5,yes,791.12,778.4,766.9,822.6,24.415302578505983,42.471176,43.13423,40.81476,43.7789,1.2971958001512345,42.445268,43.10792,40.78986,43.75219,1.29640684970807
416c53de436a8336898b5be313cb6d3100ba3795,2026-10-03 08:22:18,commit 416c53de43 | peano 22.0.0+0006955e | mlir_aie 1.4.4.dev73+g18ca6c1 | kernels 5726d482c21a | runtime CachedXRTRuntime | xdna 2.21.0_20260625 | xrt 2.21.0 | host docker-runner-6aa540df4097 | device NPU Krackan 1 | pmode default,iron/operators/gemv/test.py::test_gemv_batched,M_1024-K_1024-num_aie_columns_1-tile_size_input_1-tile_size_output_64-num_batches_2,5/5,no,497.62,498.3,424.7,593.0,61.295815517863865,8.543906400000001,8.433683,7.086254,9.895723,1.01208943954119,8.5272516,8.417243,7.072441,9.876433,1.0101163823489845
416c53de436a8336898b5be313cb6d3100ba3795,2026-10-03 08:22:18,commit 416c53de43 | peano 22.0.0+0006955e | mlir_aie 1.4.4.dev73+g18ca6c1 | kernels 5726d482c21a | runtime CachedXRTRuntime | xdna 2.21.0_20260625 | xrt 2.21.0 | host docker-runner-6aa540df4097 | device NPU Krackan 1 | pmode default,iron/operators/gemv/test.py::test_gemv_batched,M_1026-K_64-num_aie_columns_1-tile_size_input_1-tile_size_output_2-num_batches_2,5/5,no,319.1,318.8,283.5,356.7,27.998482101714014,0.84196272,0.8375212,0.7484912,0.9419551,0.0740050425754016,0.82821464,0.8238457,0.7362694,0.9265742,0.0727966051253285
416c53de436a8336898b5be313cb6d3100ba3795,2026-10-03 08:22:18,commit 416c53de43 | peano 22.0.0+0006955e | mlir_aie 1.4.4.dev73+g18ca6c1 | kernels 5726d482c21a | runtime CachedXRTRuntime | xdna 2.21.0_20260625 | xrt 2.21.0 | host docker-runner-6aa540df4097 | device NPU Krackan 1 | pmode default,iron/operators/gemv/test.py::test_gemv_batched,M_256-K_128-num_aie_columns_1-tile_size_input_1-tile_size_output_256-num_batches_4,5/5,no,243.84,236.8,214.5,277.8,28.6007517383722,1.09950572,1.119901,0.9547047,1.236219,0.12664164663560326,1.08677016,1.106929,0.9436463,1.2219,0.12517485224957528
416c53de436a8336898b5be313cb6d3100ba3795,2026-10-03 08:22:18,commit 416c53de43 | peano 22.0.0+0006955e | mlir_aie 1.4.4.dev73+g18ca6c1 | kernels 5726d482c21a | runtime CachedXRTRuntime | xdna 2.21.0_20260625 | xrt 2.21.0 | host docker-runner-6aa540df4097 | device NPU Krackan 1 | pmode default,iron/operators/gemv/test.py::test_gemv_batched,M_256-K_128-num_aie_columns_8-tile_size_input_1-tile_size_output_32-num_batches_100,5/5,no,462.08,441.4,389.5,551.8,78.51609389163472,14.679128,15.02024,12.0168,17.02499,2.430019048602294,14.5091,14.84626,11.87761,16.82779,2.4018725342636316
416c53de436a8336898b5be313cb6d3100ba3795,2026-10-03 08:22:18,commit 416c53de43 | peano 22.0.0+0006955e | mlir_aie 1.4.4.dev73+g18ca6c1 | kernels 5726d482c21a | runtime CachedXRTRuntime | xdna 2.21.0_20260625 | xrt 2.21.0 | host docker-runner-6aa540df4097 | device NPU Krackan 1 | pmode default,iron/operators/gemv/test.py::test_gemv_batched,M_448-K_64-num_aie_columns_8-tile_size_input_1-tile_size_output_56-num_batches_192,5/5,no,941.7,941.5,913.6,968.6,24.053274205396654,11.906558,11.9032,11.56955,12.26581,0.3042875940126379,11.697668,11.69437,11.36657,12.05062,0.2989528638765653
416c53de436a8336898b5be313cb6d3100ba3795,2026-10-03 08:22:18,commit 416c53de43 | peano 22.0.0+0006955e | mlir_aie 1.4.4.dev73+g18ca6c1 | kernels 5726d482c21a | runtime CachedXRTRuntime | xdna 2.21.0_20260625 | xrt 2.21.0 | host docker-runner-6aa540df4097 | device NPU Krackan 1 | pmode default,iron/operators/gemv/test.py::test_gemv_batched,M_512-K_64-num_aie_columns_8-tile_size_input_4-tile_size_output_64-num_batches_32,5/5,no,265.18,254.4,225.8,346.2,49.170641647226844,8.2447496,8.387603,6.163419,9.449657,1.3438033176547077,8.102326,8.242712,6.056949,9.286419,1.3205897993913551
416c53de436a8336898b5be313cb6d3100ba3795,2026-10-03 08:22:18,commit 416c53de43 | peano 22.0.0+0006955e | mlir_aie 1.4.4.dev73+g18ca6c1 | kernels 5726d482c21a | runtime CachedXRTRuntime | xdna 2.21.0_20260625 | xrt 2.21.0 | host docker-runner-6aa540df4097 | device NPU Krackan 1 | pmode default,iron/operators/gemv/test.py::test_gemv_batched,M_64-K_1536-num_aie_columns_1-tile_size_input_1-tile_size_output_64-num_batches_8,5/5,no,268.42,248.3,245.3,330.6,36.09677270892788,6.0309403999999995,6.437295,4.834454,6.515381,0.708517412145813,5.9343525999999995,6.334199,4.757029,6.411035,0.6971699925472264
416c53de436a8336898b5be313cb6d3100ba3795,2026-10-03 08:22:18,commit 416c53de43 | peano 22.0.0+0006955e | mlir_aie 1.4.4.dev73+g18ca6c1 | kernels 5726d482c21a | runtime CachedXRTRuntime | xdna 2.21.0_20260625 | xrt 2.21.0 | host docker-runner-6aa540df4097 | device NPU Krackan 1 | pmode default,iron/operators/gemv/test.py::test_gemv_gelu,M_128-K_128-num_aie_columns_1-tile_size_input_32-tile_size_output_128,5/5,no,145.98000000000002,156.3,118.2,160.9,18.125865496576985,0.23109622,0.2129416,0.2068417,0.2815448,0.03159821325379015,0.22754088,0.2096656,0.2036595,0.2772133,0.031112070828490344
416c53de436a8336898b5be313cb6d3100ba3795,2026-10-03 08:22:18,commit 416c53de43 | peano 22.0.0+0006955e | mlir_aie 1.4.4.dev73+g18ca6c1 | kernels 5726d482c21a | runtime CachedXRTRuntime | xdna 2.21.0_20260625 | xrt 2.21.0 | host docker-runner-6aa540df4097 | device NPU Krackan 1 | pmode default,iron/operators/gemv/test.py::test_gemv_gelu,M_2048-K_8192-num_aie_columns_1-tile_size_input_1-tile_size_output_2048,5/5,no,2703.2,2532.1,2488.4,3178.5,292.1904430333066,12.527812,13.2596,10.56306,13.49269,1.243320854554447,12.520172,13.25151,10.55662,13.48446,1.242561318474867
416c53de436a8336898b5be313cb6d3100ba3795,2026-10-03 08:22:18,commit 416c53de43 | peano 22.0.0+0006955e | mlir_aie 1.4.4.dev73+g18ca6c1 | kernels 5726d482c21a | runtime CachedXRTRuntime | xdna 2.21.0_20260625 | xrt 2.21.0 | host docker-runner-6aa540df4097 | device NPU Krackan 1 | pmode default,iron/operators/gemv/test.py::test_gemv_gelu,M_8192-K_2048-num_aie_columns_1-tile_size_input_4-tile_size_output_1024,5/5,no,2558.94,2531.3,2490.0,2654.6,65.47142888313951,13.127396000000001,13.26396,12.64776,13.48379,0.3319544961737982,13.119386,13.25587,12.64004,13.47556,0.33175119506943707
416c53de436a8336898b5be313cb6d3100ba3795,2026-10-03 08:22:18,commit 416c53de43 | peano 22.0.0+0006955e | mlir_aie 1.4.4.dev73+g18ca6c1 | kernels 5726d482c21a | runtime CachedXRTRuntime | xdna 2.21.0_20260625 | xrt 2.21.0 | host docker-runner-6aa540df4097 | device NPU Krackan 1 | pmode default,iron/operators/layer_norm/test.py::test_layer_norm,input_length_1024-num_aie_columns_1-num_channels_1-tile_size_1024,5/5,no,185.14,167.4,143.3,277.9,53.9662209164214,0.023351422,0.02446995,0.01474129,0.02858479,0.005347521555605923,,,,,
416c53de436a8336898b5be313cb6d3100ba3795,2026-10-03 08:22:18,commit 416c53de43 | peano 22.0.0+0006955e | mlir_aie 1.4.4.dev73+g18ca6c1 | kernels 5726d482c21a | runtime CachedXRTRuntime | xdna 2.21.0_20260625 | xrt 2.21.0 | host docker-runner-6aa540df4097 | device NPU Krackan 1 | pmode default,iron/operators/layer_norm/test.py::test_layer_norm,input_length_1024-num_aie_columns_1-num_channels_2-tile_size_512,5/5,no,216.6,193.4,167.2,281.1,52.10820472823835,0.019766556,0.02117463,0.01456951,0.0244979,0.004472728682161483,,,,,
416c53de436a8336898b5be313cb6d3100ba3795,2026-10-03 08:22:18,commit 416c53de43 | peano 22.0.0+0006955e | mlir_aie 1.4.4.dev73+g18ca6c1 | kernels 5726d482c21a | runtime CachedXRTRuntime | xdna 2.21.0_20260625 | xrt 2.21.0 | host docker-runner-6aa540df4097 | device NPU Krackan 1 | pmode default,iron/operators/layer_norm/test.py::test_layer_norm,input_length_1024-num_aie_columns_2-num_channels_1-tile_size_512,5/5,no,173.28,179.0,132.7,215.6,30.855582963217536,0.024265158,0.02287744,0.01899541,0.03087546,0.00446537934065741,,,,,
416c53de436a8336898b5be313cb6d3100ba3795,2026-10-03 08:22:18,commit 416c53de43 | peano 22.0.0+0006955e | mlir_aie 1.4.4.dev73+g18ca6c1 | kernels 5726d482c21a | runtime CachedXRTRuntime | xdna 2.21.0_20260625 | xrt 2.21.0 | host docker-runner-6aa540df4097 | device NPU Krackan 1 | pmode default,iron/operators/layer_norm/test.py::test_layer_norm,input_length_1024-num_aie_columns_2-num_channels_2-tile_size_256,5/5,no,215.98,183.5,162.9,344.9,74.38452123930084,0.020379268,0.02231788,0.01187429,0.02514272,0.005215908818228134,,,,,
416c53de436a8336898b5be313cb6d3100ba3795,2026-10-03 08:22:18,commit 416c53de43 | peano 22.0.0+0006955e | mlir_aie 1.4.4.dev73+g18ca6c1 | kernels 5726d482c21a | runtime CachedXRTRuntime | xdna 2.21.0_20260625 | xrt 2.21.0 | host docker-runner-6aa540df4097 | device NPU Krackan 1 | pmode default,iron/operators/layer_norm/test.py::test_layer_norm,input_length_1024-num_aie_columns_4-num_channels_1-tile_size_256,5/5,no,201.34,196.1,170.3,226.9,23.837638305838937,0.020577493999999998,0.02088262,0.01805582,0.02404814,0.002479811726639746,,,,,
416c53de436a8336898b5be313cb6d3100ba3795,2026-10-03 08:22:18,commit 416c53de43 | peano 22.0.0+0006955e | mlir_aie 1.4.4.dev73+g18ca6c1 | kernels 5726d482c21a | runtime CachedXRTRuntime | xdna 2.21.0_20260625 | xrt 2.21.0 | host docker-runner-6aa540df4097 | device NPU Krackan 1 | pmode default,iron/operators/layer_norm/test.py::test_layer_norm,input_length_1024-num_aie_columns_4-num_channels_2-tile_size_128,5/5,no,200.74,197.6,140.1,299.5,60.26983490934748,0.021733224,0.02073231,0.01367567,0.02923689,0.005715246709458832,,,,,
416c53de436a8336898b5be313cb6d3100ba3795,2026-10-03 08:22:18,commit 416c53de43 | peano 22.0.0+0006955e | mlir_aie 1.4.4.dev73+g18ca6c1 | kernels 5726d482c21a | runtime CachedXRTRuntime | xdna 2.21.0_20260625 | xrt 2.21.0 | host docker-runner-6aa540df4097 | device NPU Krackan 1 | pmode default,iron/operators/layer_norm/test.py::test_layer_norm,input_length_1024-num_aie_columns_8-num_channels_1-tile_size_128,5/5,no,170.88,167.9,125.2,205.8,30.115394734255105,0.024648312,0.02438821,0.01990175,0.03271069,0.0048981078249993645,,,,,
416c53de436a8336898b5be313cb6d3100ba3795,2026-10-03 08:22:18,commit 416c53de43 | peano 22.0.0+0006955e | mlir_aie 1.4.4.dev73+g18ca6c1 | kernels 5726d482c21a | runtime CachedXRTRuntime | xdna 2.21.0_20260625 | xrt 2.21.0 | host docker-runner-6aa540df4097 | device NPU Krackan 1 | pmode default,iron/operators/layer_norm/test.py::test_layer_norm,input_length_1024-num_aie_columns_8-num_channels_2-tile_size_64,5/5,no,216.82,216.4,155.1,306.3,58.54047317881878,0.019958082,0.01892424,0.01337234,0.02641115,0.005056590051123386,,,,,
416c53de436a8336898b5be313cb6d3100ba3795,2026-10-03 08:22:18,commit 416c53de43 | peano 22.0.0+0006955e | mlir_aie 1.4.4.dev73+g18ca6c1 | kernels 5726d482c21a | runtime CachedXRTRuntime | xdna 2.21.0_20260625 | xrt 2.21.0 | host docker-runner-6aa540df4097 | device NPU Krackan 1 | pmode default,iron/operators/layer_norm/test.py::test_layer_norm,input_length_2048-num_aie_columns_1-num_channels_1-tile_size_2048,5/5,no,171.5,170.4,128.8,205.8,28.162563803744856,0.048931684,0.04808217,0.03979945,0.06360989,0.008936457966760656,,,,,
416c53de436a8336898b5be313cb6d3100ba3795,2026-10-03 08:22:18,commit 416c53de43 | peano 22.0.0+0006955e | mlir_aie 1.4.4.dev73+g18ca6c1 | kernels 5726d482c21a | runtime CachedXRTRuntime | xdna 2.21.0_20260625 | xrt 2.21.0 | host docker-runner-6aa540df4097 | device NPU Krackan 1 | pmode default,iron/operators/layer_norm/test.py::test_layer_norm,input_length_2048-num_aie_columns_1-num_channels_2-tile_size_1024,5/5,no,152.88,144.6,122.3,185.9,29.160709867902735,0.055151616,0.05665871,0.04407287,0.06699214,0.010277761431889243,,,,,
416c53de436a8336898b5be313cb6d3100ba3795,2026-10-03 08:22:18,commit 416c53de43 | peano 22.0.0+0006955e | mlir_aie 1.4.4.dev73+g18ca6c1 | kernels 5726d482c21a | runtime CachedXRTRuntime | xdna 2.21.0_20260625 | xrt 2.21.0 | host docker-runner-6aa540df4097 | device NPU Krackan 1 | pmode default,iron/operators/layer_norm/test.py::test_layer_norm,input_length_2048-num_aie_columns_2-num_channels_1-tile_size_1024,5/5,no,188.3,177.2,139.3,259.0,43.84176091353996,0.045268424,0.04621773,0.03162531,0.05882311,0.00971782130022877,,,,,
416c53de436a8336898b5be313cb6d3100ba3795,2026-10-03 08:22:18,commit 416c53de43 | peano 22.0.0+0006955e | mlir_aie 1.4.4.dev73+g18ca6c1 | kernels 5726d482c21a | runtime CachedXRTRuntime | xdna 2.21.0_20260625 | xrt 2.21.0 | host docker-runner-6aa540df4097 | device NPU Krackan 1 | pmode default,iron/operators/layer_norm/test.py::test_layer_norm,input_length_2048-num_aie_columns_2-num_channels_2-tile_size_512,5/5,no,179.32,167.9,145.3,241.3,36.361133095655866,0.04699495,0.04879967,0.03395521,0.05638146,0.008137584948364595,,,,,
416c53de436a8336898b5be313cb6d3100ba3795,2026-10-03 08:22:18,commit 416c53de43 | peano 22.0.0+0006955e | mlir_aie 1.4.4.dev73+g18ca6c1 | kernels 5726d482c21a | runtime CachedXRTRuntime | xdna 2.21.0_20260625 | xrt 2.21.0 | host docker-runner-6aa540df4097 | device NPU Krackan 1 | pmode default,iron/operators/layer_norm/test.py::test_layer_norm,input_length_2048-num_aie_columns_4-num_channels_1-tile_size_512,5/5,no,189.74,192.2,144.5,244.2,38.13276806107838,0.044585488,0.04262759,0.03354147,0.05670538,0.008899377975772803,,,,,
416c53de436a8336898b5be313cb6d3100ba3795,2026-10-03 08:22:18,commit 416c53de43 | peano 22.0.0+0006955e | mlir_aie 1.4.4.dev73+g18ca6c1 | kernels 5726d482c21a | runtime CachedXRTRuntime | xdna 2.21.0_20260625 | xrt 2.21.0 | host docker-runner-6aa540df4097 | device NPU Krackan 1 | pmode default,iron/operators/layer_norm/test.py::test_layer_norm,input_length_2048-num_aie_columns_4-num_channels_2-tile_size_256,5/5,no,184.20000000000002,174.3,153.0,217.8,26.221079306542666,0.045189248,0.04699349,0.0376099,0.05352814,0.006365851324180451,,,,,
416c53de436a8336898b5be313cb6d3100ba3795,2026-10-03 08:22:18,commit 416c53de43 | peano 22.0.0+0006955e | mlir_aie 1.4.4.dev73+g18ca6c1 | kernels 5726d482c21a | runtime CachedXRTRuntime | xdna 2.21.0_20260625 | xrt 2.21.0 | host docker-runner-6aa540df4097 | device NPU Krackan 1 | pmode default,iron/operators/layer_norm/test.py::test_layer_norm,input_length_2048-num_aie_columns_8-num_channels_1-tile_size_256,5/5,no,169.62,178.3,126.3,213.9,35.6127364857013,0.050115552,0.04593988,0.03828968,0.06486144,0.010967007614065473,,,,,
416c53de436a8336898b5be313cb6d3100ba3795,2026-10-03 08:22:18,commit 416c53de43 | peano 22.0.0+0006955e | mlir_aie 1.4.4.dev73+g18ca6c1 | kernels 5726d482c21a | runtime CachedXRTRuntime | xdna 2.21.0_20260625 | xrt 2.21.0 | host docker-runner-6aa540df4097 | device NPU Krackan 1 | pmode default,iron/operators/layer_norm/test.py::test_layer_norm,input_length_2048-num_aie_columns_8-num_channels_2-tile_size_128,5/5,no,235.52,242.7,158.3,321.1,59.31940660525863,0.036679304,0.03374777,0.02551063,0.05176587,0.00970734438965055,,,,,
416c53de436a8336898b5be313cb6d3100ba3795,2026-10-03 08:22:18,commit 416c53de43 | peano 22.0.0+0006955e | mlir_aie 1.4.4.dev73+g18ca6c1 | kernels 5726d482c21a | runtime CachedXRTRuntime | xdna 2.21.0_20260625 | xrt 2.21.0 | host docker-runner-6aa540df4097 | device NPU Krackan 1 | pmode default,iron/operators/layer_norm/test.py::test_layer_norm,input_length_4096-num_aie_columns_1-num_channels_1-tile_size_4096,5/5,no,192.4,143.9,117.4,370.8,102.793068832485,0.09998153600000001,0.1138933,0.0441896,0.1396011,0.03618954606940353,,,,,
416c53de436a8336898b5be313cb6d3100ba3795,2026-10-03 08:22:18,commit 416c53de43 | peano 22.0.0+0006955e | mlir_aie 1.4.4.dev73+g18ca6c1 | kernels 5726d482c21a | runtime CachedXRTRuntime | xdna 2.21.0_20260625 | xrt 2.21.0 | host docker-runner-6aa540df4097 | device NPU Krackan 1 | pmode default,iron/operators/layer_norm/test.py::test_layer_norm,input_length_4096-num_aie_columns_1-num_channels_2-tile_size_2048,5/5,no,167.6,171.5,122.4,222.4,40.11751487816761,0.102395502,0.09550735,0.07368132,0.133842,0.024559088723639967,,,,,
416c53de436a8336898b5be313cb6d3100ba3795,2026-10-03 08:22:18,commit 416c53de43 | peano 22.0.0+0006955e | mlir_aie 1.4.4.dev73+g18ca6c1 | kernels 5726d482c21a | runtime CachedXRTRuntime | xdna 2.21.0_20260625 | xrt 2.21.0 | host docker-runner-6aa540df4097 | device NPU Krackan 1 | pmode default,iron/operators/layer_norm/test.py::test_layer_norm,input_length_4096-num_aie_columns_2-num_channels_1-tile_size_2048,5/5,no,178.45999999999998,168.7,135.2,242.7,40.17627409305148,0.095261232,0.09709555,0.06750109,0.1211772,0.019603673252045647,,,,,
416c53de436a8336898b5be313cb6d3100ba3795,2026-10-03 08:22:18,commit 416c53de43 | peano 22.0.0+0006955e | mlir_aie 1.4.4.dev73+g18ca6c1 | kernels 5726d482c21a | runtime CachedXRTRuntime | xdna 2.21.0_20260625 | xrt 2.21.0 | host docker-runner-6aa540df4097 | device NPU Krackan 1 | pmode default,iron/operators/layer_norm/test.py::test_layer_norm,input_length_4096-num_aie_columns_2-num_channels_2-tile_size_1024,5/5,no,205.76,185.4,135.2,332.5,75.18811741226136,0.086918724,0.0883935,0.04926882,0.1211861,0.026021477891471308,,,,,
416c53de436a8336898b5be313cb6d3100ba3795,2026-10-03 08:22:18,commit 416c53de43 | peano 22.0.0+0006955e | mlir_aie 1.4.4.dev73+g18ca6c1 | kernels 5726d482c21a | runtime CachedXRTRuntime | xdna 2.21.0_20260625 | xrt 2.21.0 | host docker-runner-6aa540df4097 | device NPU Krackan 1 | pmode default,iron/operators/layer_norm/test.py::test_layer_norm,input_length_4096-num_aie_columns_4-num_channels_1-tile_size_1024,5/5,no,159.56,168.1,128.0,189.4,25.053802106666367,0.10482390800000001,0.0974542,0.08650886,0.128016,0.017137191664269844,,,,,
416c53de436a8336898b5be313cb6d3100ba3795,2026-10-03 08:22:18,commit 416c53de43 | peano 22.0.0+0006955e | mlir_aie 1.4.4.dev73+g18ca6c1 | kernels 5726d482c21a | runtime CachedXRTRuntime | xdna 2.21.0_20260625 | xrt 2.21.0 | host docker-runner-6aa540df4097 | device NPU Krackan 1 | pmode default,iron/operators/layer_norm/test.py::test_layer_norm,input_length_4096-num_aie_columns_4-num_channels_2-tile_size_512,5/5,no,168.5,157.2,129.0,225.2,41.950089392038244,0.101974022,0.1042372,0.07274374,0.1270127,0.02401018240486773,,,,,
416c53de436a8336898b5be313cb6d3100ba3795,2026-10-03 08:22:18,commit 416c53de43 | peano 22.0.0+0006955e | mlir_aie 1.4.4.dev73+g18ca6c1 | kernels 5726d482c21a | runtime CachedXRTRuntime | xdna 2.21.0_20260625 | xrt 2.21.0 | host docker-runner-6aa540df4097 | device NPU Krackan 1 | pmode default,iron/operators/layer_norm/test.py::test_layer_norm,input_length_4096-num_aie_columns_8-num_channels_1-tile_size_512,5/5,no,170.34,159.1,126.5,234.5,41.182556987151735,0.10042345600000001,0.1029838,0.0698541,0.1295475,0.02235992316479822,,,,,
416c53de436a8336898b5be313cb6d3100ba3795,2026-10-03 08:22:18,commit 416c53de43 | peano 22.0.0+0006955e | mlir_aie 1.4.4.dev73+g18ca6c1 | kernels 5726d482c21a | runtime CachedXRTRuntime | xdna 2.21.0_20260625 | xrt 2.21.0 | host docker-runner-6aa540df4097 | device NPU Krackan 1 | pmode default,iron/operators/layer_norm/test.py::test_layer_norm,input_length_4096-num_aie_columns_8-num_channels_2-tile_size_256,5/5,no,216.3,212.2,169.5,264.0,37.26486280667084,0.077604538,0.077216,0.06205779,0.09667674,0.013604925720141582,,,,,
416c53de436a8336898b5be313cb6d3100ba3795,2026-10-03 08:22:18,commit 416c53de43 | peano 22.0.0+0006955e | mlir_aie 1.4.4.dev73+g18ca6c1 | kernels 5726d482c21a | runtime CachedXRTRuntime | xdna 2.21.0_20260625 | xrt 2.21.0 | host docker-runner-6aa540df4097 | device NPU Krackan 1 | pmode default,iron/operators/layer_norm/test.py::test_layer_norm,input_length_8192-num_aie_columns_1-num_channels_1-tile_size_8192,5/5,no,136.44,123.9,121.9,178.8,24.272680115718583,0.2452984,0.2644585,0.1832765,0.2688502,0.03625339886431339,,,,,
416c53de436a8336898b5be313cb6d3100ba3795,2026-10-03 08:22:18,commit 416c53de43 | peano 22.0.0+0006955e | mlir_aie 1.4.4.dev73+g18ca6c1 | kernels 5726d482c21a | runtime CachedXRTRuntime | xdna 2.21.0_20260625 | xrt 2.21.0 | host docker-runner-6aa540df4097 | device NPU Krackan 1 | pmode default,iron/operators/layer_norm/test.py::test_layer_norm,input_length_8192-num_aie_columns_1-num_channels_2-tile_size_4096,5/5,no,163.96,140.8,114.0,274.2,64.09362682825804,0.21930196000000002,0.2327802,0.1195249,0.2875471,0.06390120170789435,,,,,
416c53de436a8336898b5be313cb6d3100ba3795,2026-10-03 08:22:18,commit 416c53de43 | peano 22.0.0+0006955e | mlir_aie 1.4.4.dev73+g18ca6c1 | kernels 5726d482c21a | runtime CachedXRTRuntime | xdna 2.21.0_20260625 | xrt 2.21.0 | host docker-runner-6aa540df4097 | device NPU Krackan 1 | pmode default,iron/operators/layer_norm/test.py::test_layer_norm,input_length_8192-num_aie_columns_2-num_channels_1-tile_size_4096,5/5,no,151.07999999999998,150.4,109.3,176.8,27.04527685197547,0.22340102,0.2178477,0.1853226,0.2997768,0.04605664169207303,,,,,
416c53de436a8336898b5be313cb6d3100ba3795,2026-10-03 08:22:18,commit 416c53de43 | peano 22.0.0+0006955e | mlir_aie 1.4.4.dev73+g18ca6c1 | kernels 5726d482c21a | runtime CachedXRTRuntime | xdna 2.21.0_20260625 | xrt 2.21.0 | host docker-runner-6aa540df4097 | device NPU Krackan 1 | pmode default,iron/operators/layer_norm/test.py::test_layer_norm,input_length_8192-num_aie_columns_2-num_channels_2-tile_size_2048,5/5,no,156.54,158.2,127.3,193.9,28.00773107554413,0.21473746,0.2071669,0.1689691,0.257343,0.03804724700097235,,,,,
416c53de436a8336898b5be313cb6d3100ba3795,2026-10-03 08:22:18,commit 416c53de43 | peano 22.0.0+0006955e | mlir_aie 1.4.4.dev73+g18ca6c1 | kernels 5726d482c21a | runtime CachedXRTRuntime | xdna 2.21.0_20260625 | xrt 2.21.0 | host docker-runner-6aa540df4097 | device NPU Krackan 1 | pmode default,iron/operators/layer_norm/test.py::test_layer_norm,input_length_8192-num_aie_columns_4-num_channels_1-tile_size_2048,5/5,no,182.58,179.9,132.2,258.7,50.78530299210589,0.1902837,0.1821831,0.126668,0.2479194,0.04953170056867622,,,,,
416c53de436a8336898b5be313cb6d3100ba3795,2026-10-03 08:22:18,commit 416c53de43 | peano 22.0.0+0006955e | mlir_aie 1.4.4.dev73+g18ca6c1 | kernels 5726d482c21a | runtime CachedXRTRuntime | xdna 2.21.0_20260625 | xrt 2.21.0 | host docker-runner-6aa540df4097 | device NPU Krackan 1 | pmode default,iron/operators/layer_norm/test.py::test_layer_norm,input_length_8192-num_aie_columns_4-num_channels_2-tile_size_1024,5/5,no,184.14000000000001,183.3,156.9,229.9,27.93291964689692,0.18093364,0.1787778,0.1425452,0.2088078,0.02490852875307973,,,,,
416c53de436a8336898b5be313cb6d3100ba3795,2026-10-03 08:22:18,commit 416c53de43 | peano 22.0.0+0006955e | mlir_aie 1.4.4.dev73+g18ca6c1 | kernels 5726d482c21a | runtime CachedXRTRuntime | xdna 2.21.0_20260625 | xrt 2.21.0 | host docker-runner-6aa540df4097 | device NPU Krackan 1 | pmode default,iron/operators/layer_norm/test.py::test_layer_norm,input_length_8192-num_aie_columns_8-num_channels_1-tile_size_1024,5/5,no,162.94,156.2,109.8,234.0,50.1855357647998,0.21662205999999998,0.2097595,0.1400426,0.2984634,0.06441388226945337,,,,,
416c53de436a8336898b5be313cb6d3100ba3795,2026-10-03 08:22:18,commit 416c53de43 | peano 22.0.0+0006955e | mlir_aie 1.4.4.dev73+g18ca6c1 | kernels 5726d482c21a | runtime CachedXRTRuntime | xdna 2.21.0_20260625 | xrt 2.21.0 | host docker-runner-6aa540df4097 | device NPU Krackan 1 | pmode default,iron/operators/layer_norm/test.py::test_layer_norm,input_length_8192-num_aie_columns_8-num_channels_2-tile_size_512,5/5,no,218.54,226.3,196.9,237.7,16.871069912723375,0.1506655,0.1447791,0.1378533,0.1664068,0.011872502911559965,,,,,
416c53de436a8336898b5be313cb6d3100ba3795,2026-10-03 08:22:18,commit 416c53de43 | peano 22.0.0+0006955e | mlir_aie 1.4.4.dev73+g18ca6c1 | kernels 5726d482c21a | runtime CachedXRTRuntime | xdna 2.21.0_20260625 | xrt 2.21.0 | host docker-runner-6aa540df4097 | device NPU Krackan 1 | pmode default,iron/operators/layer_norm/test.py::test_layer_norm,input_length_8388608-num_aie_columns_8-num_channels_2-tile_size_4096,5/5,yes,673.66,656.4,612.0,791.3,68.4006067224553,50.183804,51.12129,42.4022,54.82437,4.6247199972138855,,,,,
416c53de436a8336898b5be313cb6d3100ba3795,2026-10-03 08:22:18,commit 416c53de43 | peano 22.0.0+0006955e | mlir_aie 1.4.4.dev73+g18ca6c1 | kernels 5726d482c21a | runtime CachedXRTRuntime | xdna 2.21.0_20260625 | xrt 2.21.0 | host docker-runner-6aa540df4097 | device NPU Krackan 1 | pmode default,iron/operators/leaky_relu/test.py::test_leaky_relu,input_length_1024-num_aie_columns_1-num_channels_1-tile_size_1024-alpha_0.01,5/5,no,160.38,159.2,136.0,187.8,21.017659241694833,0.025891413999999998,0.02572977,0.02180602,0.03011123,0.003373832683748558,,,,,
416c53de436a8336898b5be313cb6d3100ba3795,2026-10-03 08:22:18,commit 416c53de43 | peano 22.0.0+0006955e | mlir_aie 1.4.4.dev73+g18ca6c1 | kernels 5726d482c21a | runtime CachedXRTRuntime | xdna 2.21.0_20260625 | xrt 2.21.0 | host docker-runner-6aa540df4097 | device NPU Krackan 1 | pmode default,iron/operators/leaky_relu/test.py::test_leaky_relu,input_length_1024-num_aie_columns_1-num_channels_2-tile_size_512-alpha_0.01,5/5,no,156.54,153.2,142.3,179.5,15.774758318275433,0.02636989,0.02673594,0.02282123,0.02878203,0.0025525041542669422,,,,,
416c53de436a8336898b5be313cb6d3100ba3795,2026-10-03 08:22:18,commit 416c53de43 | peano 22.0.0+0006955e | mlir_aie 1.4.4.dev73+g18ca6c1 | kernels 5726d482c21a | runtime CachedXRTRuntime | xdna 2.21.0_20260625 | xrt 2.21.0 | host docker-runner-6aa540df4097 | device NPU Krackan 1 | pmode default,iron/operators/leaky_relu/test.py::test_leaky_relu,input_length_1024-num_aie_columns_2-num_channels_1-tile_size_512-alpha_0.01,5/5,no,165.76,170.0,124.2,216.7,38.14935123956894,0.025795592,0.02409639,0.01890415,0.03298013,0.005947656069673162,,,,,
416c53de436a8336898b5be313cb6d3100ba3795,2026-10-03 08:22:18,commit 416c53de43 | peano 22.0.0+0006955e | mlir_aie 1.4.4.dev73+g18ca6c1 | kernels 5726d482c21a | runtime CachedXRTRuntime | xdna 2.21.0_20260625 | xrt 2.21.0 | host docker-runner-6aa540df4097 | device NPU Krackan 1 | pmode default,iron/operators/leaky_relu/test.py::test_leaky_relu,input_length_1024-num_aie_columns_2-num_channels_2-tile_size_256-alpha_0.01,5/5,no,182.42,188.1,134.9,230.3,34.765025528539454,0.023150798,0.02176998,0.01778557,0.03035941,0.004652039409814796,,,,,
416c53de436a8336898b5be313cb6d3100ba3795,2026-10-03 08:22:18,commit 416c53de43 | peano 22.0.0+0006955e | mlir_aie 1.4.4.dev73+g18ca6c1 | kernels 5726d482c21a | runtime CachedXRTRuntime | xdna 2.21.0_20260625 | xrt 2.21.0 | host docker-runner-6aa540df4097 | device NPU Krackan 1 | pmode default,iron/operators/leaky_relu/test.py::test_leaky_relu,input_length_1024-num_aie_columns_4-num_channels_1-tile_size_256-alpha_0.01,5/5,no,199.74,207.7,172.8,225.4,22.404196035564407,0.020718264,0.01972218,0.01816899,0.0237011,0.0023814123565292092,,,,,
416c53de436a8336898b5be313cb6d3100ba3795,2026-10-03 08:22:18,commit 416c53de43 | peano 22.0.0+0006955e | mlir_aie 1.4.4.dev73+g18ca6c1 | kernels 5726d482c21a | runtime CachedXRTRuntime | xdna 2.21.0_20260625 | xrt 2.21.0 | host docker-runner-6aa540df4097 | device NPU Krackan 1 | pmode default,iron/operators/leaky_relu/test.py::test_leaky_relu,input_length_1024-num_aie_columns_4-num_channels_2-tile_size_128-alpha_0.01,5/5,no,204.28,198.0,152.9,270.3,45.781131484488235,0.020850048,0.02068614,0.01515325,0.02679734,0.004527957438721128,,,,,
416c53de436a8336898b5be313cb6d3100ba3795,2026-10-03 08:22:18,commit 416c53de43 | peano 22.0.0+0006955e | mlir_aie 1.4.4.dev73+g18ca6c1 | kernels 5726d482c21a | runtime CachedXRTRuntime | xdna 2.21.0_20260625 | xrt 2.21.0 | host docker-runner-6aa540df4097 | device NPU Krackan 1 | pmode default,iron/operators/leaky_relu/test.py::test_leaky_relu,input_length_1024-num_aie_columns_8-num_channels_1-tile_size_128-alpha_0.01,5/5,no,215.06,225.8,172.0,259.9,35.41797566208435,0.01947598,0.01813834,0.01576082,0.02381285,0.0032892629837776733,,,,,
416c53de436a8336898b5be313cb6d3100ba3795,2026-10-03 08:22:18,commit 416c53de43 | peano 22.0.0+0006955e | mlir_aie 1.4.4.dev73+g18ca6c1 | kernels 5726d482c21a | runtime CachedXRTRuntime | xdna 2.21.0_20260625 | xrt 2.21.0 | host docker-runner-6aa540df4097 | device NPU Krackan 1 | pmode default,iron/operators/leaky_relu/test.py::test_leaky_relu,input_length_1024-num_aie_columns_8-num_channels_2-tile_size_64-alpha_0.01,5/5,no,236.18,225.6,188.4,342.8,62.71205625715043,0.018164104,0.01815691,0.01194716,0.02173532,0.0039285584639572315,,,,,
416c53de436a8336898b5be313cb6d3100ba3795,2026-10-03 08:22:18,commit 416c53de43 | peano 22.0.0+0006955e | mlir_aie 1.4.4.dev73+g18ca6c1 | kernels 5726d482c21a | runtime CachedXRTRuntime | xdna 2.21.0_20260625 | xrt 2.21.0 | host docker-runner-6aa540df4097 | device NPU Krackan 1 | pmode default,iron/operators/leaky_relu/test.py::test_leaky_relu,input_length_2048-num_aie_columns_1-num_channels_1-tile_size_2048-alpha_0.01,5/5,no,167.0,176.0,133.8,187.2,21.666564102321342,0.04978632,0.0465362,0.04375671,0.06121427,0.007121375365022547,,,,,
416c53de436a8336898b5be313cb6d3100ba3795,2026-10-03 08:22:18,commit 416c53de43 | peano 22.0.0+0006955e | mlir_aie 1.4.4.dev73+g18ca6c1 | kernels 5726d482c21a | runtime CachedXRTRuntime | xdna 2.21.0_20260625 | xrt 2.21.0 | host docker-runner-6aa540df4097 | device NPU Krackan 1 | pmode default,iron/operators/leaky_relu/test.py::test_leaky_relu,input_length_2048-num_aie_columns_1-num_channels_1-tile_size_2048-alpha_0.1,5/5,no,158.42,151.8,142.6,192.9,20.78718355140975,0.052358644,0.0539661,0.04247046,0.05745103,0.006182758894816294,,,,,
416c53de436a8336898b5be313cb6d3100ba3795,2026-10-03 08:22:18,commit 416c53de43 | peano 22.0.0+0006955e | mlir_aie 1.4.4.dev73+g18ca6c1 | kernels 5726d482c21a | runtime CachedXRTRuntime | xdna 2.21.0_20260625 | xrt 2.21.0 | host docker-runner-6aa540df4097 | device NPU Krackan 1 | pmode default,iron/operators/leaky_relu/test.py::test_leaky_relu,input_length_2048-num_aie_columns_1-num_channels_1-tile_size_2048-alpha_0.25,5/5,no,166.78,160.4,144.0,207.1,23.738618325420706,0.049829068000000004,0.05106086,0.03954718,0.05688731,0.006318802369181205,,,,,
416c53de436a8336898b5be313cb6d3100ba3795,2026-10-03 08:22:18,commit 416c53de43 | peano 22.0.0+0006955e | mlir_aie 1.4.4.dev73+g18ca6c1 | kernels 5726d482c21a | runtime CachedXRTRuntime | xdna 2.21.0_20260625 | xrt 2.21.0 | host docker-runner-6aa540df4097 | device NPU Krackan 1 | pmode default,iron/operators/leaky_relu/test.py::test_leaky_relu,input_length_2048-num_aie_columns_1-num_channels_2-tile_size_1024-alpha_0.01,5/5,no,175.22,181.5,141.7,201.4,23.12675939253056,0.047457888000000004,0.04512604,0.04068457,0.05781228,0.0067071253380617535,,,,,
416c53de436a8336898b5be313cb6d3100ba3795,2026-10-03 08:22:18,commit 416c53de43 | peano 22.0.0+0006955e | mlir_aie 1.4.4.dev73+g18ca6c1 | kernels 5726d482c21a | runtime CachedXRTRuntime | xdna 2.21.0_20260625 | xrt 2.21.0 | host docker-runner-6aa540df4097 | device NPU Krackan 1 | pmode default,iron/operators/leaky_relu/test.py::test_leaky_relu,input_length_2048-num_aie_columns_2-num_channels_1-tile_size_1024-alpha_0.01,5/5,no,155.9,162.2,129.9,181.3,22.166077686410826,0.053432316,0.05049963,0.04518602,0.06307992,0.007820134577053646,,,,,
416c53de436a8336898b5be313cb6d3100ba3795,2026-10-03 08:22:18,commit 416c53de43 | peano 22.0.0+0006955e | mlir_aie 1.4.4.dev73+g18ca6c1 | kernels 5726d482c21a | runtime CachedXRTRuntime | xdna 2.21.0_20260625 | xrt 2.21.0 | host docker-runner-6aa540df4097 | device NPU Krackan 1 | pmode default,iron/operators/leaky_relu/test.py::test_leaky_relu,input_length_2048-num_aie_columns_2-num_channels_2-tile_size_512-alpha_0.01,5/5,no,176.56,168.6,155.3,202.7,19.340449839649533,0.04684153,0.0486025,0.04041919,0.05275122,0.004995860475133388,,,,,
416c53de436a8336898b5be313cb6d3100ba3795,2026-10-03 08:22:18,commit 416c53de43 | peano 22.0.0+0006955e | mlir_aie 1.4.4.dev73+g18ca6c1 | kernels 5726d482c21a | runtime CachedXRTRuntime | xdna 2.21.0_20260625 | xrt 2.21.0 | host docker-runner-6aa540df4097 | device NPU Krackan 1 | pmode default,iron/operators/leaky_relu/test.py::test_leaky_relu,input_length_2048-num_aie_columns_4-num_channels_1-tile_size_512-alpha_0.01,5/5,no,177.88,177.6,167.6,184.2,6.484751344500418,0.046104006,0.04612405,0.04447316,0.04887857,0.001723158373925625,,,,,
416c53de436a8336898b5be313cb6d3100ba3795,2026-10-03 08:22:18,commit 416c53de43 | peano 22.0.0+0006955e | mlir_aie 1.4.4.dev73+g18ca6c1 | kernels 5726d482c21a | runtime CachedXRTRuntime | xdna 2.21.0_20260625 | xrt 2.21.0 | host docker-runner-6aa540df4097 | device NPU Krackan 1 | pmode default,iron/operators/leaky_relu/test.py::test_leaky_relu,input_length_2048-num_aie_columns_4-num_channels_2-tile_size_256-alpha_0.01,5/5,no,185.38,182.5,150.6,228.3,29.44786919286352,0.045070286,0.04488816,0.03588182,0.0543972,0.006990991028365004,,,,,
416c53de436a8336898b5be313cb6d3100ba3795,2026-10-03 08:22:18,commit 416c53de43 | peano 22.0.0+0006955e | mlir_aie 1.4.4.dev73+g18ca6c1 | kernels 5726d482c21a | runtime CachedXRTRuntime | xdna 2.21.0_20260625 | xrt 2.21.0 | host docker-runner-6aa540df4097 | device NPU Krackan 1 | pmode default,iron/operators/leaky_relu/test.py::test_leaky_relu,input_length_2048-num_aie_columns_8-num_channels_1-tile_size_256-alpha_0.01,5/5,no,195.74,189.9,159.3,225.8,26.839578983285115,0.042510030000000004,0.04313123,0.0362815,0.05142079,0.006046349385443252,,,,,
416c53de436a8336898b5be313cb6d3100ba3795,2026-10-03 08:22:18,commit 416c53de43 | peano 22.0.0+0006955e | mlir_aie 1.4.4.dev73+g18ca6c1 | kernels 5726d482c21a | runtime CachedXRTRuntime | xdna 2.21.0_20260625 | xrt 2.21.0 | host docker-runner-6aa540df4097 | device NPU Krackan 1 | pmode default,iron/operators/leaky_relu/test.py::test_leaky_relu,input_length_2048-num_aie_columns_8-num_channels_2-tile_size_128-alpha_0.01,5/5,no,218.7,222.9,185.9,246.6,23.14940603989657,0.037808354,0.03675273,0.03321992,0.04406812,0.004167086154236555,,,,,
416c53de436a8336898b5be313cb6d3100ba3795,2026-10-03 08:22:18,commit 416c53de43 | peano 22.0.0+0006955e | mlir_aie 1.4.4.dev73+g18ca6c1 | kernels 5726d482c21a | runtime CachedXRTRuntime | xdna 2.21.0_20260625 | xrt 2.21.0 | host docker-runner-6aa540df4097 | device NPU Krackan 1 | pmode default,iron/operators/leaky_relu/test.py::test_leaky_relu,input_length_4096-num_aie_columns_1-num_channels_1-tile_size_4096-alpha_0.01,5/5,no,176.26,177.6,144.9,224.6,30.89292799331264,0.095103302,0.0922481,0.07294162,0.1130672,0.01549733174846948,,,,,
416c53de436a8336898b5be313cb6d3100ba3795,2026-10-03 08:22:18,commit 416c53de43 | peano 22.0.0+0006955e | mlir_aie 1.4.4.dev73+g18ca6c1 | kernels 5726d482c21a | runtime CachedXRTRuntime | xdna 2.21.0_20260625 | xrt 2.21.0 | host docker-runner-6aa540df4097 | device NPU Krackan 1 | pmode default,iron/operators/leaky_relu/test.py::test_leaky_relu,input_length_4096-num_aie_columns_1-num_channels_2-tile_size_2048-alpha_0.01,5/5,no,202.68,179.5,160.9,322.5,67.44540013966854,0.08620783600000001,0.09126966,0.05079932,0.1018551,0.02029085619949735,,,,,
416c53de436a8336898b5be313cb6d3100ba3795,2026-10-03 08:22:18,commit 416c53de43 | peano 22.0.0+0006955e | mlir_aie 1.4.4.dev73+g18ca6c1 | kernels 5726d482c21a | runtime CachedXRTRuntime | xdna 2.21.0_20260625 | xrt 2.21.0 | host docker-runner-6aa540df4097 | device NPU Krackan 1 | pmode default,iron/operators/leaky_relu/test.py::test_leaky_relu,input_length_4096-num_aie_columns_2-num_channels_1-tile_size_2048-alpha_0.01,5/5,no,188.78,186.2,170.3,217.4,17.909271341961404,0.087371556,0.08799424,0.07534814,0.09618749,0.00784175039946631,,,,,
416c53de436a8336898b5be313cb6d3100ba3795,2026-10-03 08:22:18,commit 416c53de43 | peano 22.0.0+0006955e | mlir_aie 1.4.4.dev73+g18ca6c1 | kernels 5726d482c21a | runtime CachedXRTRuntime | xdna 2.21.0_20260625 | xrt 2.21.0 | host docker-runner-6aa540df4097 | device NPU Krackan 1 | pmode default,iron/operators/leaky_relu/test.py::test_leaky_relu,input_length_4096-num_aie_columns_2-num_channels_2-tile_size_1024-alpha_0.01,5/5,no,170.2,167.1,130.4,222.2,34.18501133537913,0.099289796,0.09805611,0.07373106,0.1256268,0.01916263596713485,,,,,
416c53de436a8336898b5be313cb6d3100ba3795,2026-10-03 08:22:18,commit 416c53de43 | peano 22.0.0+0006955e | mlir_aie 1.4.4.dev73+g18ca6c1 | kernels 5726d482c21a | runtime CachedXRTRuntime | xdna 2.21.0_20260625 | xrt 2.21.0 | host docker-runner-6aa540df4097 | device NPU Krackan 1 | pmode default,iron/operators/leaky_relu/test.py::test_leaky_relu,input_length_4096-num_aie_columns_4-num_channels_1-tile_size_1024-alpha_0.01,5/5,no,173.62,181.5,115.2,196.9,33.39800892268879,0.098173504,0.09028738,0.08319496,0.1422235,0.024835560341656883,,,,,
416c53de436a8336898b5be313cb6d3100ba3795,2026-10-03 08:22:18,commit 416c53de43 | peano 22.0.0+0006955e | mlir_aie 1.4.4.dev73+g18ca6c1 | kernels 5726d482c21a | runtime CachedXRTRuntime | xdna 2.21.0_20260625 | xrt 2.21.0 | host docker-runner-6aa540df4097 | device NPU Krackan 1 | pmode default,iron/operators/leaky_relu/test.py::test_leaky_relu,input_length_4096-num_aie_columns_4-num_channels_2-tile_size_512-alpha_0.01,5/5,no,181.26,182.9,145.0,217.1,26.151347957610138,0.091942916,0.0895555,0.07545918,0.1129573,0.013735352643792222,,,,,
416c53de436a8336898b5be313cb6d3100ba3795,2026-10-03 08:22:18,commit 416c53de43 | peano 22.0.0+0006955e | mlir_aie 1.4.4.dev73+g18ca6c1 | kernels 5726d482c21a | runtime CachedXRTRuntime | xdna 2.21.0_20260625 | xrt 2.21.0 | host docker-runner-6aa540df4097 | device NPU Krackan 1 | pmode default,iron/operators/leaky_relu/test.py::test_leaky_relu,input_length_4096-num_aie_columns_8-num_channels_1-tile_size_512-alpha_0.01,5/5,no,190.92,179.8,134.1,242.0,41.98091232929556,0.089451882,0.09111232,0.06769101,0.1221356,0.021144037007885225,,,,,
416c53de436a8336898b5be313cb6d3100ba3795,2026-10-03 08:22:18,commit 416c53de43 | peano 22.0.0+0006955e | mlir_aie 1.4.4.dev73+g18ca6c1 | kernels 5726d482c21a | runtime CachedXRTRuntime | xdna 2.21.0_20260625 | xrt 2.21.0 | host docker-runner-6aa540df4097 | device NPU Krackan 1 | pmode default,iron/operators/leaky_relu/test.py::test_leaky_relu,input_length_4096-num_aie_columns_8-num_channels_2-tile_size_256-alpha_0.01,5/5,no,216.29999999999998,231.1,163.9,235.7,30.31526018361049,0.077200882,0.07090799,0.06950944,0.09996217,0.01297214946488322,,,,,
416c53de436a8336898b5be313cb6d3100ba3795,2026-10-03 08:22:18,commit 416c53de43 | peano 22.0.0+0006955e | mlir_aie 1.4.4.dev73+g18ca6c1 | kernels 5726d482c21a | runtime CachedXRTRuntime | xdna 2.21.0_20260625 | xrt 2.21.0 | host docker-runner-6aa540df4097 | device NPU Krackan 1 | pmode default,iron/operators/leaky_relu/test.py::test_leaky_relu,input_length_8192-num_aie_columns_1-num_channels_2-tile_size_4096-alpha_0.01,5/5,no,187.38,186.9,117.4,281.2,60.284633199514445,0.18949184,0.1752899,0.1165229,0.2792235,0.05964760570675072,,,,,
416c53de436a8336898b5be313cb6d3100ba3795,2026-10-03 08:22:18,commit 416c53de43 | peano 22.0.0+0006955e | mlir_aie 1.4.4.dev73+g18ca6c1 | kernels 5726d482c21a | runtime CachedXRTRuntime | xdna 2.21.0_20260625 | xrt 2.21.0 | host docker-runner-6aa540df4097 | device NPU Krackan 1 | pmode default,iron/operators/leaky_relu/test.py::test_leaky_relu,input_length_8192-num_aie_columns_2-num_channels_1-tile_size_4096-alpha_0.01,5/5,no,154.26,160.2,117.4,183.8,24.867408389295413,0.21736312,0.2046018,0.1782419,0.279107,0.03853849606882707,,,,,
416c53de436a8336898b5be313cb6d3100ba3795,2026-10-03 08:22:18,commit 416c53de43 | peano 22.0.0+0006955e | mlir_aie 1.4.4.dev73+g18ca6c1 | kernels 5726d482c21a | runtime CachedXRTRuntime | xdna 2.21.0_20260625 | xrt 2.21.0 | host docker-runner-6aa540df4097 | device NPU Krackan 1 | pmode default,iron/operators/leaky_relu/test.py::test_leaky_relu,input_length_8192-num_aie_columns_2-num_channels_2-tile_size_2048-alpha_0.01,5/5,no,166.7,168.0,141.0,181.9,16.406248809523763,0.19821678,0.1950941,0.1801469,0.2323988,0.021011880782476372,,,,,
416c53de436a8336898b5be313cb6d3100ba3795,2026-10-03 08:22:18,commit 416c53de43 | peano 22.0.0+0006955e | mlir_aie 1.4.4.dev73+g18ca6c1 | kernels 5726d482c21a | runtime CachedXRTRuntime | xdna 2.21.0_20260625 | xrt 2.21.0 | host docker-runner-6aa540df4097 | device NPU Krackan 1 | pmode default,iron/operators/leaky_relu/test.py::test_leaky_relu,input_length_8192-num_aie_columns_4-num_channels_1-tile_size_2048-alpha_0.01,5/5,no,178.96,169.2,166.2,205.7,17.323481174406027,0.18439862,0.1936391,0.1593069,0.1972111,0.016767737467291165,,,,,
416c53de436a8336898b5be313cb6d3100ba3795,2026-10-03 08:22:18,commit 416c53de43 | peano 22.0.0+0006955e | mlir_aie 1.4.4.dev73+g18ca6c1 | kernels 5726d482c21a | runtime CachedXRTRuntime | xdna 2.21.0_20260625 | xrt 2.21.0 | host docker-runner-6aa540df4097 | device NPU Krackan 1 | pmode default,iron/operators/leaky_relu/test.py::test_leaky_relu,input_length_8192-num_aie_columns_4-num_channels_2-tile_size_1024-alpha_0.01,5/5,no,198.4,198.8,172.8,225.2,19.64891854530421,0.16648936,0.1648555,0.1455334,0.1896527,0.016571694232123645,,,,,
416c53de436a8336898b5be313cb6d3100ba3795,2026-10-03 08:22:18,commit 416c53de43 | peano 22.0.0+0006955e | mlir_aie 1.4.4.dev73+g18ca6c1 | kernels 5726d482c21a | runtime CachedXRTRuntime | xdna 2.21.0_20260625 | xrt 2.21.0 | host docker-runner-6aa540df4097 | device NPU Krackan 1 | pmode default,iron/operators/leaky_relu/test.py::test_leaky_relu,input_length_8192-num_aie_columns_8-num_channels_1-tile_size_1024-alpha_0.01,5/5,no,182.48,182.4,169.1,196.9,11.49508590659505,0.1801246,0.1796028,0.1663984,0.1937307,0.011335168835310747,,,,,
416c53de436a8336898b5be313cb6d3100ba3795,2026-10-03 08:22:18,commit 416c53de43 | peano 22.0.0+0006955e | mlir_aie 1.4.4.dev73+g18ca6c1 | kernels 5726d482c21a | runtime CachedXRTRuntime | xdna 2.21.0_20260625 | xrt 2.21.0 | host docker-runner-6aa540df4097 | device NPU Krackan 1 | pmode default,iron/operators/leaky_relu/test.py::test_leaky_relu,input_length_8192-num_aie_columns_8-num_channels_2-tile_size_512-alpha_0.01,5/5,no,204.82,204.2,190.5,227.6,14.260329589459001,0.16057076,0.1604316,0.1440016,0.1719717,0.010682717282742251,,,,,
416c53de436a8336898b5be313cb6d3100ba3795,2026-10-03 08:22:18,commit 416c53de43 | peano 22.0.0+0006955e | mlir_aie 1.4.4.dev73+g18ca6c1 | kernels 5726d482c21a | runtime CachedXRTRuntime | xdna 2.21.0_20260625 | xrt 2.21.0 | host docker-runner-6aa540df4097 | device NPU Krackan 1 | pmode default,iron/operators/leaky_relu/test.py::test_leaky_relu,input_length_8388608-num_aie_columns_8-num_channels_2-tile_size_4096-alpha_0.01,5/5,yes,647.3199999999999,643.2,622.4,690.3,25.827446641121913,51.901126,52.17088,48.60883,53.91526,2.003434132278874,,,,,
416c53de436a8336898b5be313cb6d3100ba3795,2026-10-03 08:22:18,commit 416c53de43 | peano 22.0.0+0006955e | mlir_aie 1.4.4.dev73+g18ca6c1 | kernels 5726d482c21a | runtime CachedXRTRuntime | xdna 2.21.0_20260625 | xrt 2.21.0 | host docker-runner-6aa540df4097 | device NPU Krackan 1 | pmode default,iron/operators/mem_copy/test.py::test_mem_copy,input_length_1024-num_cores_1-num_channels_1-bypass_False-tile_size_1024,5/5,no,168.96,173.6,136.4,200.5,24.408666493686212,0.024663534,0.02359569,0.02042465,0.03002933,0.003687496116402023,,,,,
416c53de436a8336898b5be313cb6d3100ba3795,2026-10-03 08:22:18,commit 416c53de43 | peano 22.0.0+0006955e | mlir_aie 1.4.4.dev73+g18ca6c1 | kernels 5726d482c21a | runtime CachedXRTRuntime | xdna 2.21.0_20260625 | xrt 2.21.0 | host docker-runner-6aa540df4097 | device NPU Krackan 1 | pmode default,iron/operators/mem_copy/test.py::test_mem_copy,input_length_1024-num_cores_1-num_channels_1-bypass_True-tile_size_1024,5/5,no,178.1,178.5,171.6,184.5,4.96336579349135,0.023016074,0.02294935,0.02220644,0.02387545,0.0006420891588634708,,,,,
416c53de436a8336898b5be313cb6d3100ba3795,2026-10-03 08:22:18,commit 416c53de43 | peano 22.0.0+0006955e | mlir_aie 1.4.4.dev73+g18ca6c1 | kernels 5726d482c21a | runtime CachedXRTRuntime | xdna 2.21.0_20260625 | xrt 2.21.0 | host docker-runner-6aa540df4097 | device NPU Krackan 1 | pmode default,iron/operators/mem_copy/test.py::test_mem_copy,input_length_1024-num_cores_16-num_channels_2-bypass_False-tile_size_64,5/5,no,193.24,211.2,123.8,239.0,46.470937154311834,0.022433796000000002,0.01939835,0.01714059,0.03308669,0.0065137407364724,,,,,
416c53de436a8336898b5be313cb6d3100ba3795,2026-10-03 08:22:18,commit 416c53de43 | peano 22.0.0+0006955e | mlir_aie 1.4.4.dev73+g18ca6c1 | kernels 5726d482c21a | runtime CachedXRTRuntime | xdna 2.21.0_20260625 | xrt 2.21.0 | host docker-runner-6aa540df4097 | device NPU Krackan 1 | pmode default,iron/operators/mem_copy/test.py::test_mem_copy,input_length_1024-num_cores_16-num_channels_2-bypass_True-tile_size_64,5/5,no,213.52,221.4,179.6,238.7,22.84112519119844,0.019370614,0.01850112,0.01715645,0.02281246,0.002207640050445271,,,,,
416c53de436a8336898b5be313cb6d3100ba3795,2026-10-03 08:22:18,commit 416c53de43 | peano 22.0.0+0006955e | mlir_aie 1.4.4.dev73+g18ca6c1 | kernels 5726d482c21a | runtime CachedXRTRuntime | xdna 2.21.0_20260625 | xrt 2.21.0 | host docker-runner-6aa540df4097 | device NPU Krackan 1 | pmode default,iron/operators/mem_copy/test.py::test_mem_copy,input_length_1024-num_cores_2-num_channels_1-bypass_False-tile_size_512,5/5,no,170.86,179.4,152.4,184.4,14.445691399168126,0.024115648,0.02282632,0.02220764,0.02688176,0.0021119486310324878,,,,,
416c53de436a8336898b5be313cb6d3100ba3795,2026-10-03 08:22:18,commit 416c53de43 | peano 22.0.0+0006955e | mlir_aie 1.4.4.dev73+g18ca6c1 | kernels 5726d482c21a | runtime CachedXRTRuntime | xdna 2.21.0_20260625 | xrt 2.21.0 | host docker-runner-6aa540df4097 | device NPU Krackan 1 | pmode default,iron/operators/mem_copy/test.py::test_mem_copy,input_length_1024-num_cores_2-num_channels_1-bypass_True-tile_size_512,5/5,no,163.62,165.7,139.2,179.7,16.230126308812263,0.0252446,0.02471549,0.02278949,0.02942423,0.002660608706442945,,,,,
416c53de436a8336898b5be313cb6d3100ba3795,2026-10-03 08:22:18,commit 416c53de43 | peano 22.0.0+0006955e | mlir_aie 1.4.4.dev73+g18ca6c1 | kernels 5726d482c21a | runtime CachedXRTRuntime | xdna 2.21.0_20260625 | xrt 2.21.0 | host docker-runner-6aa540df4097 | device NPU Krackan 1 | pmode default,iron/operators/mem_copy/test.py::test_mem_copy,input_length_1024-num_cores_2-num_channels_2-bypass_False-tile_size_512,5/5,no,198.85999999999999,204.7,165.7,237.5,29.20963882008814,0.020960966,0.02000879,0.01724908,0.02472146,0.003086769247575854,,,,,
416c53de436a8336898b5be313cb6d3100ba3795,2026-10-03 08:22:18,commit 416c53de43 | peano 22.0.0+0006955e | mlir_aie 1.4.4.dev73+g18ca6c1 | kernels 5726d482c21a | runtime CachedXRTRuntime | xdna 2.21.0_20260625 | xrt 2.21.0 | host docker-runner-6aa540df4097 | device NPU Krackan 1 | pmode default,iron/operators/mem_copy/test.py::test_mem_copy,input_length_1024-num_cores_2-num_channels_2-bypass_True-tile_size_512,5/5,no,162.96,157.9,151.7,179.8,11.808810270302429,0.02523708,0.02594704,0.02277681,0.0269955,0.0017723529989113335,,,,,
416c53de436a8336898b5be313cb6d3100ba3795,2026-10-03 08:22:18,commit 416c53de43 | peano 22.0.0+0006955e | mlir_aie 1.4.4.dev73+g18ca6c1 | kernels 5726d482c21a | runtime CachedXRTRuntime | xdna 2.21.0_20260625 | xrt 2.21.0 | host docker-runner-6aa540df4097 | device NPU Krackan 1 | pmode default,iron/operators/mem_copy/test.py::test_mem_copy,input_length_1024-num_cores_4-num_channels_1-bypass_False-tile_size_256,5/5,no,173.76000000000002,172.9,153.8,196.5,16.871514454843698,0.023749712,0.02368725,0.02084436,0.02663147,0.002286818942673425,,,,,
416c53de436a8336898b5be313cb6d3100ba3795,2026-10-03 08:22:18,commit 416c53de43 | peano 22.0.0+0006955e | mlir_aie 1.4.4.dev73+g18ca6c1 | kernels 5726d482c21a | runtime CachedXRTRuntime | xdna 2.21.0_20260625 | xrt 2.21.0 | host docker-runner-6aa540df4097 | device NPU Krackan 1 | pmode default,iron/operators/mem_copy/test.py::test_mem_copy,input_length_1024-num_cores_4-num_channels_1-bypass_True-tile_size_256,5/5,no,175.44,174.5,162.2,197.5,13.996892512268571,0.023459624000000002,0.02347789,0.02073441,0.0252562,0.001789938389674348,,,,,
416c53de436a8336898b5be313cb6d3100ba3795,2026-10-03 08:22:18,commit 416c53de43 | peano 22.0.0+0006955e | mlir_aie 1.4.4.dev73+g18ca6c1 | kernels 5726d482c21a | runtime CachedXRTRuntime | xdna 2.21.0_20260625 | xrt 2.21.0 | host docker-runner-6aa540df4097 | device NPU Krackan 1 | pmode default,iron/operators/mem_copy/test.py::test_mem_copy,input_length_1024-num_cores_4-num_channels_2-bypass_False-tile_size_256,5/5,no,156.84,162.9,118.4,178.9,23.445425993144163,0.026667352,0.0251458,0.02289534,0.03458729,0.004643868703330231,,,,,
416c53de436a8336898b5be313cb6d3100ba3795,2026-10-03 08:22:18,commit 416c53de43 | peano 22.0.0+0006955e | mlir_aie 1.4.4.dev73+g18ca6c1 | kernels 5726d482c21a | runtime CachedXRTRuntime | xdna 2.21.0_20260625 | xrt 2.21.0 | host docker-runner-6aa540df4097 | device NPU Krackan 1 | pmode default,iron/operators/mem_copy/test.py::test_mem_copy,input_length_1024-num_cores_4-num_channels_2-bypass_True-tile_size_256,5/5,no,171.82,176.2,150.4,180.4,12.321201240138882,0.023947262,0.02324024,0.02271102,0.02724201,0.0018801870768410263,,,,,
416c53de436a8336898b5be313cb6d3100ba3795,2026-10-03 08:22:18,commit 416c53de43 | peano 22.0.0+0006955e | mlir_aie 1.4.4.dev73+g18ca6c1 | kernels 5726d482c21a | runtime CachedXRTRuntime | xdna 2.21.0_20260625 | xrt 2.21.0 | host docker-runner-6aa540df4097 | device NPU Krackan 1 | pmode default,iron/operators/mem_copy/test.py::test_mem_copy,input_length_1024-num_cores_8-num_channels_1-bypass_False-tile_size_128,5/5,no,189.9,185.7,179.9,215.9,14.897650821522166,0.021667308,0.02205661,0.01897605,0.02276529,0.0015552984779842096,,,,,
416c53de436a8336898b5be313cb6d3100ba3795,2026-10-03 08:22:18,commit 416c53de43 | peano 22.0.0+0006955e | mlir_aie 1.4.4.dev73+g18ca6c1 | kernels 5726d482c21a | runtime CachedXRTRuntime | xdna 2.21.0_20260625 | xrt 2.21.0 | host docker-runner-6aa540df4097 | device NPU Krackan 1 | pmode default,iron/operators/mem_copy/test.py::test_mem_copy,input_length_1024-num_cores_8-num_channels_1-bypass_True-tile_size_128,5/5,no,193.0,195.0,159.8,224.2,24.719324424425512,0.021510226,0.02100071,0.01827054,0.02562963,0.0028389917712860675,,,,,
416c53de436a8336898b5be313cb6d3100ba3795,2026-10-03 08:22:18,commit 416c53de43 | peano 22.0.0+0006955e | mlir_aie 1.4.4.dev73+g18ca6c1 | kernels 5726d482c21a | runtime CachedXRTRuntime | xdna 2.21.0_20260625 | xrt 2.21.0 | host docker-runner-6aa540df4097 | device NPU Krackan 1 | pmode default,iron/operators/mem_copy/test.py::test_mem_copy,input_length_1024-num_cores_8-num_channels_2-bypass_False-tile_size_128,5/5,no,185.2,190.5,141.4,228.7,31.793710069760646,0.02266767,0.02150447,0.01790789,0.02895723,0.004078865428002008,,,,,
416c53de436a8336898b5be313cb6d3100ba3795,2026-10-03 08:22:18,commit 416c53de43 | peano 22.0.0+0006955e | mlir_aie 1.4.4.dev73+g18ca6c1 | kernels 5726d482c21a | runtime CachedXRTRuntime | xdna 2.21.0_20260625 | xrt 2.21.0 | host docker-runner-6aa540df4097 | device NPU Krackan 1 | pmode default,iron/operators/mem_copy/test.py::test_mem_copy,input_length_1024-num_cores_8-num_channels_2-bypass_True-tile_size_128,5/5,no,161.2,159.9,125.9,188.2,24.95515978710615,0.02593724,0.02561697,0.02176547,0.03253634,0.004294105615334815,,,,,
416c53de436a8336898b5be313cb6d3100ba3795,2026-10-03 08:22:18,commit 416c53de43 | peano 22.0.0+0006955e | mlir_aie 1.4.4.dev73+g18ca6c1 | kernels 5726d482c21a | runtime CachedXRTRuntime | xdna 2.21.0_20260625 | xrt 2.21.0 | host docker-runner-6aa540df4097 | device NPU Krackan 1 | pmode default,iron/operators/mem_copy/test.py::test_mem_copy,input_length_2048-num_cores_1-num_channels_1-bypass_False-tile_size_2048,5/5,no,167.12,177.4,132.4,177.7,19.64909667134853,0.049664572,0.04618906,0.04609005,0.06185816,0.006866675723956245,,,,,
416c53de436a8336898b5be313cb6d3100ba3795,2026-10-03 08:22:18,commit 416c53de43 | peano 22.0.0+0006955e | mlir_aie 1.4.4.dev73+g18ca6c1 | kernels 5726d482c21a | runtime CachedXRTRuntime | xdna 2.21.0_20260625 | xrt 2.21.0 | host docker-runner-6aa540df4097 | device NPU Krackan 1 | pmode default,iron/operators/mem_copy/test.py::test_mem_copy,input_length_2048-num_cores_1-num_channels_1-bypass_True-tile_size_2048,5/5,no,161.44,158.2,130.9,209.1,29.281273879392607,0.05198157,0.0517986,0.03917593,0.06259217,0.008565907791072119,,,,,
416c53de436a8336898b5be313cb6d3100ba3795,2026-10-03 08:22:18,commit 416c53de43 | peano 22.0.0+0006955e | mlir_aie 1.4.4.dev73+g18ca6c1 | kernels 5726d482c21a | runtime CachedXRTRuntime | xdna 2.21.0_20260625 | xrt 2.21.0 | host docker-runner-6aa540df4097 | device NPU Krackan 1 | pmode default,iron/operators/mem_copy/test.py::test_mem_copy,input_length_2048-num_cores_16-num_channels_2-bypass_False-tile_size_128,5/5,no,221.78,224.7,196.3,239.9,16.396097096565388,0.037107398,0.03645296,0.03414087,0.04174204,0.002888186456285329,,,,,
416c53de436a8336898b5be313cb6d3100ba3795,2026-10-03 08:22:18,commit 416c53de43 | peano 22.0.0+0006955e | mlir_aie 1.4.4.dev73+g18ca6c1 | kernels 5726d482c21a | runtime CachedXRTRuntime | xdna 2.21.0_20260625 | xrt 2.21.0 | host docker-runner-6aa540df4097 | device NPU Krackan 1 | pmode default,iron/operators/mem_copy/test.py::test_mem_copy,input_length_2048-num_cores_16-num_channels_2-bypass_True-tile_size_128,5/5,no,217.1,212.5,195.5,241.6,18.05311607451744,0.037938528,0.03854424,0.03390307,0.04189596,0.0031159269507595976,,,,,
416c53de436a8336898b5be313cb6d3100ba3795,2026-10-03 08:22:18,commit 416c53de43 | peano 22.0.0+0006955e | mlir_aie 1.4.4.dev73+g18ca6c1 | kernels 5726d482c21a | runtime CachedXRTRuntime | xdna 2.21.0_20260625 | xrt 2.21.0 | host docker-runner-6aa540df4097 | device NPU Krackan 1 | pmode default,iron/operators/mem_copy/test.py::test_mem_copy,input_length_2048-num_cores_2-num_channels_1-bypass_False-tile_size_1024,5/5,no,197.74,190.4,166.4,267.9,41.61824119301534,0.04270028,0.04301572,0.03058325,0.04922574,0.007630781200850277,,,,,
416c53de436a8336898b5be313cb6d3100ba3795,2026-10-03 08:22:18,commit 416c53de43 | peano 22.0.0+0006955e | mlir_aie 1.4.4.dev73+g18ca6c1 | kernels 5726d482c21a | runtime CachedXRTRuntime | xdna 2.21.0_20260625 | xrt 2.21.0 | host docker-runner-6aa540df4097 | device NPU Krackan 1 | pmode default,iron/operators/mem_copy/test.py::test_mem_copy,input_length_2048-num_cores_2-num_channels_1-bypass_True-tile_size_1024,5/5,no,174.28,179.4,129.6,208.9,31.43035157296208,0.04837763,0.04566027,0.03920593,0.06323134,0.009580799920233694,,,,,
416c53de436a8336898b5be313cb6d3100ba3795,2026-10-03 08:22:18,commit 416c53de43 | peano 22.0.0+0006955e | mlir_aie 1.4.4.dev73+g18ca6c1 | kernels 5726d482c21a | runtime CachedXRTRuntime | xdna 2.21.0_20260625 | xrt 2.21.0 | host docker-runner-6aa540df4097 | device NPU Krackan 1 | pmode default,iron/operators/mem_copy/test.py::test_mem_copy,input_length_2048-num_cores_2-num_channels_2-bypass_False-tile_size_1024,5/5,no,172.57999999999998,174.0,148.1,185.0,15.016058071278229,0.047775324,0.04707478,0.0442806,0.05530203,0.004496565441437498,,,,,
416c53de436a8336898b5be313cb6d3100ba3795,2026-10-03 08:22:18,commit 416c53de43 | peano 22.0.0+0006955e | mlir_aie 1.4.4.dev73+g18ca6c1 | kernels 5726d482c21a | runtime CachedXRTRuntime | xdna 2.21.0_20260625 | xrt 2.21.0 | host docker-runner-6aa540df4097 | device NPU Krackan 1 | pmode default,iron/operators/mem_copy/test.py::test_mem_copy,input_length_2048-num_cores_2-num_channels_2-bypass_True-tile_size_1024,5/5,no,157.51999999999998,146.5,130.2,200.0,28.044910411695028,0.053241486000000005,0.05589939,0.04096594,0.06291955,0.008749214030164654,,,,,
416c53de436a8336898b5be313cb6d3100ba3795,2026-10-03 08:22:18,commit 416c53de43 | peano 22.0.0+0006955e | mlir_aie 1.4.4.dev73+g18ca6c1 | kernels 5726d482c21a | runtime CachedXRTRuntime | xdna 2.21.0_20260625 | xrt 2.21.0 | host docker-runner-6aa540df4097 | device NPU Krackan 1 | pmode default,iron/operators/mem_copy/test.py::test_mem_copy,input_length_2048-num_cores_4-num_channels_1-bypass_False-tile_size_512,5/5,no,152.14,152.9,120.3,175.3,23.650221986273195,0.05495386,0.05359468,0.04671959,0.06806813,0.008998761347918948,,,,,
416c53de436a8336898b5be313cb6d3100ba3795,2026-10-03 08:22:18,commit 416c53de43 | peano 22.0.0+0006955e | mlir_aie 1.4.4.dev73+g18ca6c1 | kernels 5726d482c21a | runtime CachedXRTRuntime | xdna 2.21.0_20260625 | xrt 2.21.0 | host docker-runner-6aa540df4097 | device NPU Krackan 1 | pmode default,iron/operators/mem_copy/test.py::test_mem_copy,input_length_2048-num_cores_4-num_channels_1-bypass_True-tile_size_512,5/5,no,152.88,143.0,136.7,183.3,19.201484317625038,0.054205178,0.0572739,0.04468957,0.05993562,0.006259967737250729,,,,,
416c53de436a8336898b5be313cb6d3100ba3795,2026-10-03 08:22:18,commit 416c53de43 | peano 22.0.0+0006955e | mlir_aie 1.4.4.dev73+g18ca6c1 | kernels 5726d482c21a | runtime CachedXRTRuntime | xdna 2.21.0_20260625 | xrt 2.21.0 | host docker-runner-6aa540df4097 | device NPU Krackan 1 | pmode default,iron/operators/mem_copy/test.py::test_mem_copy,input_length_2048-num_cores_4-num_channels_2-bypass_False-tile_size_512,5/5,no,161.94,174.3,119.0,179.5,25.339356740059525,0.051819268,0.04699619,0.0456478,0.06886522,0.009813355803188328,,,,,
416c53de436a8336898b5be313cb6d3100ba3795,2026-10-03 08:22:18,commit 416c53de43 | peano 22.0.0+0006955e | mlir_aie 1.4.4.dev73+g18ca6c1 | kernels 5726d482c21a | runtime CachedXRTRuntime | xdna 2.21.0_20260625 | xrt 2.21.0 | host docker-runner-6aa540df4097 | device NPU Krackan 1 | pmode default,iron/operators/mem_copy/test.py::test_mem_copy,input_length_2048-num_cores_4-num_channels_2-bypass_True-tile_size_512,5/5,no,170.66,187.5,118.3,207.0,36.67837237392085,0.05009173,0.04367972,0.03957029,0.06922661,0.012310786492164095,,,,,
416c53de436a8336898b5be313cb6d3100ba3795,2026-10-03 08:22:18,commit 416c53de43 | peano 22.0.0+0006955e | mlir_aie 1.4.4.dev73+g18ca6c1 | kernels 5726d482c21a | runtime CachedXRTRuntime | xdna 2.21.0_20260625 | xrt 2.21.0 | host docker-runner-6aa540df4097 | device NPU Krackan 1 | pmode default,iron/operators/mem_copy/test.py::test_mem_copy,input_length_2048-num_cores_8-num_channels_1-bypass_False-tile_size_256,5/5,no,158.8,170.9,100.9,219.9,46.542776023782686,0.055601786,0.04792465,0.03724838,0.08120378,0.01754342539878772,,,,,
416c53de436a8336898b5be313cb6d3100ba3795,2026-10-03 08:22:18,commit 416c53de43 | peano 22.0.0+0006955e | mlir_aie 1.4.4.dev73+g18ca6c1 | kernels 5726d482c21a | runtime CachedXRTRuntime | xdna 2.21.0_20260625 | xrt 2.21.0 | host docker-runner-6aa540df4097 | device NPU Krackan 1 | pmode default,iron/operators/mem_copy/test.py::test_mem_copy,input_length_2048-num_cores_8-num_channels_1-bypass_True-tile_size_256,5/5,no,172.92,184.1,109.6,222.1,48.2834029455257,0.050915694,0.04450481,0.03687715,0.07474521,0.016065587413931683,,,,,
416c53de436a8336898b5be313cb6d3100ba3795,2026-10-03 08:22:18,commit 416c53de43 | peano 22.0.0+0006955e | mlir_aie 1.4.4.dev73+g18ca6c1 | kernels 5726d482c21a | runtime CachedXRTRuntime | xdna 2.21.0_20260625 | xrt 2.21.0 | host docker-runner-6aa540df4097 | device NPU Krackan 1 | pmode default,iron/operators/mem_copy/test.py::test_mem_copy,input_length_2048-num_cores_8-num_channels_2-bypass_False-tile_size_256,5/5,no,195.28,210.2,140.5,234.1,42.411696499904366,0.043745856,0.03897241,0.03498971,0.05829443,0.010391137015999741,,,,,
416c53de436a8336898b5be313cb6d3100ba3795,2026-10-03 08:22:18,commit 416c53de43 | peano 22.0.0+0006955e | mlir_aie 1.4.4.dev73+g18ca6c1 | kernels 5726d482c21a | runtime CachedXRTRuntime | xdna 2.21.0_20260625 | xrt 2.21.0 | host docker-runner-6aa540df4097 | device NPU Krackan 1 | pmode default,iron/operators/mem_copy/test.py::test_mem_copy,input_length_2048-num_cores_8-num_channels_2-bypass_True-tile_size_256,5/5,no,201.96,184.1,179.1,250.6,30.343005783870524,0.041228472,0.04450481,0.03268863,0.045737,0.005563440621559647,,,,,
416c53de436a8336898b5be313cb6d3100ba3795,2026-10-03 08:22:18,commit 416c53de43 | peano 22.0.0+0006955e | mlir_aie 1.4.4.dev73+g18ca6c1 | kernels 5726d482c21a | runtime CachedXRTRuntime | xdna 2.21.0_20260625 | xrt 2.21.0 | host docker-runner-6aa540df4097 | device NPU Krackan 1 | pmode default,iron/operators/mem_copy/test.py::test_mem_copy,input_length_4096-num_cores_1-num_channels_1-bypass_False-tile_size_4096,5/5,no,168.04,170.3,145.2,183.9,14.895066297267704,0.098146726,0.09620443,0.08907737,0.1128173,0.00920568978530832,,,,,
416c53de436a8336898b5be313cb6d3100ba3795,2026-10-03 08:22:18,commit 416c53de43 | peano 22.0.0+0006955e | mlir_aie 1.4.4.dev73+g18ca6c1 | kernels 5726d482c21a | runtime CachedXRTRuntime | xdna 2.21.0_20260625 | xrt 2.21.0 | host docker-runner-6aa540df4097 | device NPU Krackan 1 | pmode default,iron/operators/mem_copy/test.py::test_mem_copy,input_length_4096-num_cores_1-num_channels_1-bypass_True-tile_size_4096,5/5,no,172.07999999999998,182.7,145.7,192.9,23.365401772706587,0.096703684,0.08969769,0.08493212,0.1124595,0.013717435890859123,,,,,
416c53de436a8336898b5be313cb6d3100ba3795,2026-10-03 08:22:18,commit 416c53de43 | peano 22.0.0+0006955e | mlir_aie 1.4.4.dev73+g18ca6c1 | kernels 5726d482c21a | runtime CachedXRTRuntime | xdna 2.21.0_20260625 | xrt 2.21.0 | host docker-runner-6aa540df4097 | device NPU Krackan 1 | pmode default,iron/operators/mem_copy/test.py::test_mem_copy,input_length_4096-num_cores_16-num_channels_2-bypass_False-tile_size_256,5/5,no,248.2,217.9,182.0,351.3,74.53844645550375,0.070595142,0.07517493,0.04663435,0.08999923,0.019317754119329452,,,,,
416c53de436a8336898b5be313cb6d3100ba3795,2026-10-03 08:22:18,commit 416c53de43 | peano 22.0.0+0006955e | mlir_aie 1.4.4.dev73+g18ca6c1 | kernels 5726d482c21a | runtime CachedXRTRuntime | xdna 2.21.0_20260625 | xrt 2.21.0 | host docker-runner-6aa540df4097 | device NPU Krackan 1 | pmode default,iron/operators/mem_copy/test.py::test_mem_copy,input_length_4096-num_cores_16-num_channels_2-bypass_True-tile_size_256,5/5,no,196.52,203.7,155.9,228.4,30.543362617760344,0.085106976,0.08042095,0.07172909,0.1051153,0.014028759689683189,,,,,
416c53de436a8336898b5be313cb6d3100ba3795,2026-10-03 08:22:18,commit 416c53de43 | peano 22.0.0+0006955e | mlir_aie 1.4.4.dev73+g18ca6c1 | kernels 5726d482c21a | runtime CachedXRTRuntime | xdna 2.21.0_20260625 | xrt 2.21.0 | host docker-runner-6aa540df4097 | device NPU Krackan 1 | pmode default,iron/operators/mem_copy/test.py::test_mem_copy,input_length_4096-num_cores_2-num_channels_1-bypass_False-tile_size_2048,5/5,no,183.46,186.8,167.6,194.2,11.894032116990438,0.089607902,0.08771535,0.08434492,0.09772799,0.005942557047405603,,,,,
416c53de436a8336898b5be313cb6d3100ba3795,2026-10-03 08:22:18,commit 416c53de43 | peano 22.0.0+0006955e | mlir_aie 1.4.4.dev73+g18ca6c1 | kernels 5726d482c21a | runtime CachedXRTRuntime | xdna 2.21.0_20260625 | xrt 2.21.0 | host docker-runner-6aa540df4097 | device NPU Krackan 1 | pmode default,iron/operators/mem_copy/test.py::test_mem_copy,input_length_4096-num_cores_2-num_channels_1-bypass_True-tile_size_2048,5/5,no,228.62,193.3,160.3,402.0,98.30593573126701,0.079478516,0.08477786,0.04075774,0.1021797,0.023171613115199382,,,,,
416c53de436a8336898b5be313cb6d3100ba3795,2026-10-03 08:22:18,commit 416c53de43 | peano 22.0.0+0006955e | mlir_aie 1.4.4.dev73+g18ca6c1 | kernels 5726d482c21a | runtime CachedXRTRuntime | xdna 2.21.0_20260625 | xrt 2.21.0 | host docker-runner-6aa540df4097 | device NPU Krackan 1 | pmode default,iron/operators/mem_copy/test.py::test_mem_copy,input_length_4096-num_cores_2-num_channels_2-bypass_False-tile_size_2048,5/5,no,166.8,166.0,145.3,178.5,13.581973347050859,0.098775728,0.09869523,0.09176655,0.1127466,0.008556889266936906,,,,,
416c53de436a8336898b5be313cb6d3100ba3795,2026-10-03 08:22:18,commit 416c53de43 | peano 22.0.0+0006955e | mlir_aie 1.4.4.dev73+g18ca6c1 | kernels 5726d482c21a | runtime CachedXRTRuntime | xdna 2.21.0_20260625 | xrt 2.21.0 | host docker-runner-6aa540df4097 | device NPU Krackan 1 | pmode default,iron/operators/mem_copy/test.py::test_mem_copy,input_length_4096-num_cores_2-num_channels_2-bypass_True-tile_size_2048,5/5,no,204.94,171.5,135.7,377.5,98.90089989479368,0.091168252,0.0955352,0.04339914,0.1207645,0.03001619668685758,,,,,
416c53de436a8336898b5be313cb6d3100ba3795,2026-10-03 08:22:18,commit 416c53de43 | peano 22.0.0+0006955e | mlir_aie 1.4.4.dev73+g18ca6c1 | kernels 5726d482c21a | runtime CachedXRTRuntime | xdna 2.21.0_20260625 | xrt 2.21.0 | host docker-runner-6aa540df4097 | device NPU Krackan 1 | pmode default,iron/operators/mem_copy/test.py::test_mem_copy,input_length_4096-num_cores_4-num_channels_1-bypass_False-tile_size_1024,5/5,no,193.34,180.0,150.5,263.9,45.26348417875053,0.088163152,0.09102627,0.06207636,0.1088739,0.018537109938875855,,,,,
416c53de436a8336898b5be313cb6d3100ba3795,2026-10-03 08:22:18,commit 416c53de43 | peano 22.0.0+0006955e | mlir_aie 1.4.4.dev73+g18ca6c1 | kernels 5726d482c21a | runtime CachedXRTRuntime | xdna 2.21.0_20260625 | xrt 2.21.0 | host docker-runner-6aa540df4097 | device NPU Krackan 1 | pmode default,iron/operators/mem_copy/test.py::test_mem_copy,input_length_4096-num_cores_4-num_channels_1-bypass_True-tile_size_1024,5/5,no,186.26,172.1,152.1,218.9,29.94282885767476,0.08978949,0.09519604,0.07484457,0.1077406,0.014235046580039701,,,,,
416c53de436a8336898b5be313cb6d3100ba3795,2026-10-03 08:22:18,commit 416c53de43 | peano 22.0.0+0006955e | mlir_aie 1.4.4.dev73+g18ca6c1 | kernels 5726d482c21a | runtime CachedXRTRuntime | xdna 2.21.0_20260625 | xrt 2.21.0 | host docker-runner-6aa540df4097 | device NPU Krackan 1 | pmode default,iron/operators/mem_copy/test.py::test_mem_copy,input_length_4096-num_cores_4-num_channels_2-bypass_False-tile_size_1024,5/5,no,162.64,163.5,126.6,193.6,23.828827079820776,0.102619234,0.1001828,0.08460669,0.1294247,0.01636064248011612,,,,,
416c53de436a8336898b5be313cb6d3100ba3795,2026-10-03 08:22:18,commit 416c53de43 | peano 22.0.0+0006955e | mlir_aie 1.4.4.dev73+g18ca6c1 | kernels 5726d482c21a | runtime CachedXRTRuntime | xdna 2.21.0_20260625 | xrt 2.21.0 | host docker-runner-6aa540df4097 | device NPU Krackan 1 | pmode default,iron/operators/mem_copy/test.py::test_mem_copy,input_length_4096-num_cores_4-num_channels_2-bypass_True-tile_size_1024,5/5,no,178.9,173.6,141.3,243.7,42.060373274615614,0.095382918,0.09439365,0.06723462,0.1159691,0.02045700216067643,,,,,
416c53de436a8336898b5be313cb6d3100ba3795,2026-10-03 08:22:18,commit 416c53de43 | peano 22.0.0+0006955e | mlir_aie 1.4.4.dev73+g18ca6c1 | kernels 5726d482c21a | runtime CachedXRTRuntime | xdna 2.21.0_20260625 | xrt 2.21.0 | host docker-runner-6aa540df4097 | device NPU Krackan 1 | pmode default,iron/operators/mem_copy/test.py::test_mem_copy,input_length_4096-num_cores_8-num_channels_1-bypass_False-tile_size_512,5/5,no,176.5,178.8,140.1,206.5,30.600898679613973,0.095179004,0.09165361,0.07935524,0.1169642,0.01701172194681156,,,,,
416c53de436a8336898b5be313cb6d3100ba3795,2026-10-03 08:22:18,commit 416c53de43 | peano 22.0.0+0006955e | mlir_aie 1.4.4.dev73+g18ca6c1 | kernels 5726d482c21a | runtime CachedXRTRuntime | xdna 2.21.0_20260625 | xrt 2.21.0 | host docker-runner-6aa540df4097 | device NPU Krackan 1 | pmode default,iron/operators/mem_copy/test.py::test_mem_copy,input_length_4096-num_cores_8-num_channels_1-bypass_True-tile_size_512,5/5,no,194.68,197.5,178.4,207.2,10.686767518758884,0.084356892,0.08295024,0.07907183,0.09182312,0.004766893862031123,,,,,
416c53de436a8336898b5be313cb6d3100ba3795,2026-10-03 08:22:18,commit 416c53de43 | peano 22.0.0+0006955e | mlir_aie 1.4.4.dev73+g18ca6c1 | kernels 5726d482c21a | runtime CachedXRTRuntime | xdna 2.21.0_20260625 | xrt 2.21.0 | host docker-runner-6aa540df4097 | device NPU Krackan 1 | pmode default,iron/operators/mem_copy/test.py::test_mem_copy,input_length_4096-num_cores_8-num_channels_2-bypass_False-tile_size_512,5/5,no,177.48,180.6,128.8,224.9,37.72422298735919,0.095909682,0.09069773,0.07285372,0.1272099,0.021484215106091723,,,,,
416c53de436a8336898b5be313cb6d3100ba3795,2026-10-03 08:22:18,commit 416c53de43 | peano 22.0.0+0006955e | mlir_aie 1.4.4.dev73+g18ca6c1 | kernels 5726d482c21a | runtime CachedXRTRuntime | xdna 2.21.0_20260625 | xrt 2.21.0 | host docker-runner-6aa540df4097 | device NPU Krackan 1 | pmode default,iron/operators/mem_copy/test.py::test_mem_copy,input_length_4096-num_cores_8-num_channels_2-bypass_True-tile_size_512,5/5,no,175.56,177.9,141.5,216.1,32.02714473692589,0.095874236,0.0920972,0.0758336,0.1158125,0.017531755055084475,,,,,
416c53de436a8336898b5be313cb6d3100ba3795,2026-10-03 08:22:18,commit 416c53de43 | peano 22.0.0+0006955e | mlir_aie 1.4.4.dev73+g18ca6c1 | kernels 5726d482c21a | runtime CachedXRTRuntime | xdna 2.21.0_20260625 | xrt 2.21.0 | host docker-runner-6aa540df4097 | device NPU Krackan 1 | pmode default,iron/operators/mem_copy/test.py::test_mem_copy,input_length_8192-num_cores_1-num_channels_1-bypass_False-tile_size_8192,5/5,no,169.92,167.5,146.8,197.5,20.863892254323012,0.1951492,0.1956193,0.1659425,0.2232001,0.023587089938989933,,,,,
416c53de436a8336898b5be313cb6d3100ba3795,2026-10-03 08:22:18,commit 416c53de43 | peano 22.0.0+0006955e | mlir_aie 1.4.4.dev73+g18ca6c1 | kernels 5726d482c21a | runtime CachedXRTRuntime | xdna 2.21.0_20260625 | xrt 2.21.0 | host docker-runner-6aa540df4097 | device NPU Krackan 1 | pmode default,iron/operators/mem_copy/test.py::test_mem_copy,input_length_8192-num_cores_1-num_channels_1-bypass_True-tile_size_8192,5/5,no,174.52,148.6,142.9,235.9,41.6119814476552,0.19558784,0.2204476,0.1389004,0.2292398,0.04135870378805409,,,,,
416c53de436a8336898b5be313cb6d3100ba3795,2026-10-03 08:22:18,commit 416c53de43 | peano 22.0.0+0006955e | mlir_aie 1.4.4.dev73+g18ca6c1 | kernels 5726d482c21a | runtime CachedXRTRuntime | xdna 2.21.0_20260625 | xrt 2.21.0 | host docker-runner-6aa540df4097 | device NPU Krackan 1 | pmode default,iron/operators/mem_copy/test.py::test_mem_copy,input_length_8192-num_cores_16-num_channels_2-bypass_False-tile_size_512,5/5,no,199.18,190.9,177.7,233.2,23.412112249859042,0.1662418,0.1716195,0.1405122,0.1843509,0.01858148046752465,,,,,
416c53de436a8336898b5be313cb6d3100ba3795,2026-10-03 08:22:18,commit 416c53de43 | peano 22.0.0+0006955e | mlir_aie 1.4.4.dev73+g18ca6c1 | kernels 5726d482c21a | runtime CachedXRTRuntime | xdna 2.21.0_20260625 | xrt 2.21.0 | host docker-runner-6aa540df4097 | device NPU Krackan 1 | pmode default,iron/operators/mem_copy/test.py::test_mem_copy,input_length_8192-num_cores_16-num_channels_2-bypass_True-tile_size_512,5/5,no,169.5,162.2,152.2,200.4,20.05043640422822,0.19535818,0.2020484,0.163495,0.2152815,0.021608478384467514,,,,,
416c53de436a8336898b5be313cb6d3100ba3795,2026-10-03 08:22:18,commit 416c53de43 | peano 22.0.0+0006955e | mlir_aie 1.4.4.dev73+g18ca6c1 | kernels 5726d482c21a | runtime CachedXRTRuntime | xdna 2.21.0_20260625 | xrt 2.21.0 | host docker-runner-6aa540df4097 | device NPU Krackan 1 | pmode default,iron/operators/mem_copy/test.py::test_mem_copy,input_length_8192-num_cores_2-num_channels_1-bypass_False-tile_size_4096,5/5,no,162.26,172.5,144.9,173.1,14.390378730248901,0.20327077999999998,0.1899396,0.1893458,0.2261172,0.018646996400546657,,,,,
416c53de436a8336898b5be313cb6d3100ba3795,2026-10-03 08:22:18,commit 416c53de43 | peano 22.0.0+0006955e | mlir_aie 1.4.4.dev73+g18ca6c1 | kernels 5726d482c21a | runtime CachedXRTRuntime | xdna 2.21.0_20260625 | xrt 2.21.0 | host docker-runner-6aa540df4097 | device NPU Krackan 1 | pmode default,iron/operators/mem_copy/test.py::test_mem_copy,input_length_8192-num_cores_2-num_channels_1-bypass_True-tile_size_4096,5/5,no,167.92000000000002,173.1,156.3,175.8,8.7230728530719,0.19554822,0.1892572,0.1864414,0.2096253,0.010376665595074363,,,,,
416c53de436a8336898b5be313cb6d3100ba3795,2026-10-03 08:22:18,commit 416c53de43 | peano 22.0.0+0006955e | mlir_aie 1.4.4.dev73+g18ca6c1 | kernels 5726d482c21a | runtime CachedXRTRuntime | xdna 2.21.0_20260625 | xrt 2.21.0 | host docker-runner-6aa540df4097 | device NPU Krackan 1 | pmode default,iron/operators/mem_copy/test.py::test_mem_copy,input_length_8192-num_cores_2-num_channels_2-bypass_False-tile_size_4096,5/5,no,154.96,159.9,122.8,179.7,26.31032116869727,0.21664502,0.204896,0.1823565,0.2668121,0.03842294751118138,,,,,
416c53de436a8336898b5be313cb6d3100ba3795,2026-10-03 08:22:18,commit 416c53de43 | peano 22.0.0+0006955e | mlir_aie 1.4.4.dev73+g18ca6c1 | kernels 5726d482c21a | runtime CachedXRTRuntime | xdna 2.21.0_20260625 | xrt 2.21.0 | host docker-runner-6aa540df4097 | device NPU Krackan 1 | pmode default,iron/operators/mem_copy/test.py::test_mem_copy,input_length_8192-num_cores_2-num_channels_2-bypass_True-tile_size_4096,5/5,no,169.1,172.5,134.5,186.4,20.480600577131522,0.1964354,0.1899506,0.1758091,0.243708,0.027330295899514155,,,,,
416c53de436a8336898b5be313cb6d3100ba3795,2026-10-03 08:22:18,commit 416c53de43 | peano 22.0.0+0006955e | mlir_aie 1.4.4.dev73+g18ca6c1 | kernels 5726d482c21a | runtime CachedXRTRuntime | xdna 2.21.0_20260625 | xrt 2.21.0 | host docker-runner-6aa540df4097 | device NPU Krackan 1 | pmode default,iron/operators/mem_copy/test.py::test_mem_copy,input_length_8192-num_cores_4-num_channels_1-bypass_False-tile_size_2048,5/5,no,181.96,180.1,154.7,208.5,19.673027220028953,0.18180056,0.1819201,0.1571479,0.2117822,0.020068353006487603,,,,,
416c53de436a8336898b5be313cb6d3100ba3795,2026-10-03 08:22:18,commit 416c53de43 | peano 22.0.0+0006955e | mlir_aie 1.4.4.dev73+g18ca6c1 | kernels 5726d482c21a | runtime CachedXRTRuntime | xdna 2.21.0_20260625 | xrt 2.21.0 | host docker-runner-6aa540df4097 | device NPU Krackan 1 | pmode default,iron/operators/mem_copy/test.py::test_mem_copy,input_length_8192-num_cores_4-num_channels_1-bypass_True-tile_size_2048,5/5,no,174.12,173.7,160.2,188.0,11.291014126286445,0.18884796,0.1886351,0.1743275,0.2046018,0.012274932465720536,,,,,
416c53de436a8336898b5be313cb6d3100ba3795,2026-10-03 08:22:18,commit 416c53de43 | peano 22.0.0+0006955e | mlir_aie 1.4.4.dev73+g18ca6c1 | kernels 5726d482c21a | runtime CachedXRTRuntime | xdna 2.21.0_20260625 | xrt 2.21.0 | host docker-runner-6aa540df4097 | device NPU Krackan 1 | pmode default,iron/operators/mem_copy/test.py::test_mem_copy,input_length_8192-num_cores_4-num_channels_2-bypass_False-tile_size_2048,5/5,no,196.08,177.3,160.4,255.9,38.46403514973436,0.1718643,0.1848501,0.1280465,0.2043339,0.03037840346989947,,,,,
416c53de436a8336898b5be313cb6d3100ba3795,2026-10-03 08:22:18,commit 416c53de43 | peano 22.0.0+0006955e | mlir_aie 1.4.4.dev73+g18ca6c1 | kernels 5726d482c21a | runtime CachedXRTRuntime | xdna 2.21.0_20260625 | xrt 2.21.0 | host docker-runner-6aa540df4097 | device NPU Krackan 1 | pmode default,iron/operators/mem_copy/test.py::test_mem_copy,input_length_8192-num_cores_4-num_channels_2-bypass_True-tile_size_2048,5/5,no,166.12,167.2,144.2,190.1,19.935822029703214,0.19955554,0.1959363,0.1723616,0.2272652,0.02404106223210614,,,,,
416c53de436a8336898b5be313cb6d3100ba3795,2026-10-03 08:22:18,commit 416c53de43 | peano 22.0.0+0006955e | mlir_aie 1.4.4.dev73+g18ca6c1 | kernels 5726d482c21a | runtime CachedXRTRuntime | xdna 2.21.0_20260625 | xrt 2.21.0 | host docker-runner-6aa540df4097 | device NPU Krackan 1 | pmode default,iron/operators/mem_copy/test.py::test_mem_copy,input_length_8192-num_cores_8-num_channels_1-bypass_False-tile_size_1024,5/5,no,179.58,188.0,143.5,200.7,22.950533762856146,0.18513774,0.174309,0.1632507,0.2282784,0.026314077195923095,,,,,
416c53de436a8336898b5be313cb6d3100ba3795,2026-10-03 08:22:18,commit 416c53de43 | peano 22.0.0+0006955e | mlir_aie 1.4.4.dev73+g18ca6c1 | kernels 5726d482c21a | runtime CachedXRTRuntime | xdna 2.21.0_20260625 | xrt 2.21.0 | host docker-runner-6aa540df4097 | device NPU Krackan 1 | pmode default,iron/operators/mem_copy/test.py::test_mem_copy,input_length_8192-num_cores_8-num_channels_1-bypass_True-tile_size_1024,5/5,no,169.0,177.0,120.7,191.3,27.652305509667727,0.1992201,0.1850808,0.1713315,0.2714605,0.040790004320114995,,,,,
416c53de436a8336898b5be313cb6d3100ba3795,2026-10-03 08:22:18,commit 416c53de43 | peano 22.0.0+0006955e | mlir_aie 1.4.4.dev73+g18ca6c1 | kernels 5726d482c21a | runtime CachedXRTRuntime | xdna 2.21.0_20260625 | xrt 2.21.0 | host docker-runner-6aa540df4097 | device NPU Krackan 1 | pmode default,iron/operators/mem_copy/test.py::test_mem_copy,input_length_8192-num_cores_8-num_channels_2-bypass_False-tile_size_1024,5/5,no,179.88,189.3,130.5,217.7,32.40203697300526,0.18764856,0.1731375,0.150537,0.2510015,0.038443767573015,,,,,
416c53de436a8336898b5be313cb6d3100ba3795,2026-10-03 08:22:18,commit 416c53de43 | peano 22.0.0+0006955e | mlir_aie 1.4.4.dev73+g18ca6c1 | kernels 5726d482c21a | runtime CachedXRTRuntime | xdna 2.21.0_20260625 | xrt 2.21.0 | host docker-runner-6aa540df4097 | device NPU Krackan 1 | pmode default,iron/operators/mem_copy/test.py::test_mem_copy,input_length_8192-num_cores_8-num_channels_2-bypass_True-tile_size_1024,5/5,no,225.6,196.9,137.1,304.7,75.22632517942107,0.15950154,0.1664068,0.1075454,0.2389888,0.054831899554164634,,,,,
416c53de436a8336898b5be313cb6d3100ba3795,2026-10-03 08:22:18,commit 416c53de43 | peano 22.0.0+0006955e | mlir_aie 1.4.4.dev73+g18ca6c1 | kernels 5726d482c21a | runtime CachedXRTRuntime | xdna 2.21.0_20260625 | xrt 2.21.0 | host docker-runner-6aa540df4097 | device NPU Krackan 1 | pmode default,iron/operators/mem_copy/test.py::test_mem_copy,input_length_8388608-num_cores_16-num_channels_2-bypass_False-tile_size_4096,5/5,yes,709.16,713.8,638.4,766.0,46.42163288812663,47.484072,47.01021,43.80423,52.56135,3.215360106118753,,,,,
416c53de436a8336898b5be313cb6d3100ba3795,2026-10-03 08:22:18,commit 416c53de43 | peano 22.0.0+0006955e | mlir_aie 1.4.4.dev73+g18ca6c1 | kernels 5726d482c21a | runtime CachedXRTRuntime | xdna 2.21.0_20260625 | xrt 2.21.0 | host docker-runner-6aa540df4097 | device NPU Krackan 1 | pmode default,iron/operators/mha/test.py::test_arg_spec_matches_design_shapes,seq_len_16384-dim_64-num_heads_1-num_pipelines_8-num_kv_heads_0,5/5,no,,,,,,,,,,,,,,,
416c53de436a8336898b5be313cb6d3100ba3795,2026-10-03 08:22:18,commit 416c53de43 | peano 22.0.0+0006955e | mlir_aie 1.4.4.dev73+g18ca6c1 | kernels 5726d482c21a | runtime CachedXRTRuntime | xdna 2.21.0_20260625 | xrt 2.21.0 | host docker-runner-6aa540df4097 | device NPU Krackan 1 | pmode default,iron/operators/mha/test.py::test_arg_spec_matches_design_shapes,seq_len_16384-dim_64-num_heads_8-num_pipelines_8-num_kv_heads_2,5/5,no,,,,,,,,,,,,,,,
416c53de436a8336898b5be313cb6d3100ba3795,2026-10-03 08:22:18,commit 416c53de43 | peano 22.0.0+0006955e | mlir_aie 1.4.4.dev73+g18ca6c1 | kernels 5726d482c21a | runtime CachedXRTRuntime | xdna 2.21.0_20260625 | xrt 2.21.0 | host docker-runner-6aa540df4097 | device NPU Krackan 1 | pmode default,iron/operators/mha/test.py::test_mha,seq_len_16384-dim_64-num_heads_1-num_pipelines_4-num_kv_heads_0,5/5,no,16512.9,16336.9,15962.0,17323.4,581.3527414573705,0.5085008400000001,0.5134754,0.4842364,0.5255345,0.017663255251311977,,,,,
416c53de436a8336898b5be313cb6d3100ba3795,2026-10-03 08:22:18,commit 416c53de43 | peano 22.0.0+0006955e | mlir_aie 1.4.4.dev73+g18ca6c1 | kernels 5726d482c21a | runtime CachedXRTRuntime | xdna 2.21.0_20260625 | xrt 2.21.0 | host docker-runner-6aa540df4097 | device NPU Krackan 1 | pmode default,iron/operators/mha/test.py::test_mha,seq_len_16384-dim_64-num_heads_1-num_pipelines_8-num_kv_heads_0,5/5,yes,17425.22,17014.9,16553.0,18504.3,997.0580309089337,0.48265146,0.4930165,0.4533336,0.5067741,0.027199868267934676,,,,,
416c53de436a8336898b5be313cb6d3100ba3795,2026-10-03 08:22:18,commit 416c53de43 | peano 22.0.0+0006955e | mlir_aie 1.4.4.dev73+g18ca6c1 | kernels 5726d482c21a | runtime CachedXRTRuntime | xdna 2.21.0_20260625 | xrt 2.21.0 | host docker-runner-6aa540df4097 | device NPU Krackan 1 | pmode default,iron/operators/mha/test.py::test_mha,seq_len_16384-dim_64-num_heads_8-num_pipelines_8-num_kv_heads_2,5/5,yes,154764.4,154805.2,153767.9,155832.9,947.7837543448426,0.27102032,0.2709408,0.269154,0.2727685,0.0016597709832986067,,,,,
416c53de436a8336898b5be313cb6d3100ba3795,2026-10-03 08:22:18,commit 416c53de43 | peano 22.0.0+0006955e | mlir_aie 1.4.4.dev73+g18ca6c1 | kernels 5726d482c21a | runtime CachedXRTRuntime | xdna 2.21.0_20260625 | xrt 2.21.0 | host docker-runner-6aa540df4097 | device NPU Krackan 1 | pmode default,iron/operators/relu/test.py::test_relu,input_length_1024-num_aie_columns_1-num_channels_1-tile_size_1024,5/5,no,175.16,173.4,148.2,205.9,20.861279922382526,0.023648302,0.02361637,0.01989103,0.02763982,0.0027942106152131765,,,,,
416c53de436a8336898b5be313cb6d3100ba3795,2026-10-03 08:22:18,commit 416c53de43 | peano 22.0.0+0006955e | mlir_aie 1.4.4.dev73+g18ca6c1 | kernels 5726d482c21a | runtime CachedXRTRuntime | xdna 2.21.0_20260625 | xrt 2.21.0 | host docker-runner-6aa540df4097 | device NPU Krackan 1 | pmode default,iron/operators/relu/test.py::test_relu,input_length_1024-num_aie_columns_1-num_channels_2-tile_size_512,5/5,no,171.22,176.2,143.2,185.8,16.971505531331047,0.024129464,0.02324169,0.0220413,0.02860495,0.0026448162153786797,,,,,
416c53de436a8336898b5be313cb6d3100ba3795,2026-10-03 08:22:18,commit 416c53de43 | peano 22.0.0+0006955e | mlir_aie 1.4.4.dev73+g18ca6c1 | kernels 5726d482c21a | runtime CachedXRTRuntime | xdna 2.21.0_20260625 | xrt 2.21.0 | host docker-runner-6aa540df4097 | device NPU Krackan 1 | pmode default,iron/operators/relu/test.py::test_relu,input_length_1024-num_aie_columns_2-num_channels_1-tile_size_512,5/5,no,161.85999999999999,164.7,92.5,210.3,47.709621671105296,0.027615942,0.02486599,0.0194761,0.04429257,0.01007365846739257,,,,,
416c53de436a8336898b5be313cb6d3100ba3795,2026-10-03 08:22:18,commit 416c53de43 | peano 22.0.0+0006955e | mlir_aie 1.4.4.dev73+g18ca6c1 | kernels 5726d482c21a | runtime CachedXRTRuntime | xdna 2.21.0_20260625 | xrt 2.21.0 | host docker-runner-6aa540df4097 | device NPU Krackan 1 | pmode default,iron/operators/relu/test.py::test_relu,input_length_1024-num_aie_columns_2-num_channels_2-tile_size_256,5/5,no,206.56,190.0,157.3,272.0,51.571241986207774,0.020810406,0.02155324,0.01505954,0.02603942,0.004940395603145562,,,,,
416c53de436a8336898b5be313cb6d3100ba3795,2026-10-03 08:22:18,commit 416c53de43 | peano 22.0.0+0006955e | mlir_aie 1.4.4.dev73+g18ca6c1 | kernels 5726d482c21a | runtime CachedXRTRuntime | xdna 2.21.0_20260625 | xrt 2.21.0 | host docker-runner-6aa540df4097 | device NPU Krackan 1 | pmode default,iron/operators/relu/test.py::test_relu,input_length_1024-num_aie_columns_4-num_channels_1-tile_size_256,5/5,no,169.96,165.2,130.1,202.0,30.480370732653498,0.024757598000000002,0.02478759,0.02028185,0.03148662,0.004633501198356379,,,,,
416c53de436a8336898b5be313cb6d3100ba3795,2026-10-03 08:22:18,commit 416c53de43 | peano 22.0.0+0006955e | mlir_aie 1.4.4.dev73+g18ca6c1 | kernels 5726d482c21a | runtime CachedXRTRuntime | xdna 2.21.0_20260625 | xrt 2.21.0 | host docker-runner-6aa540df4097 | device NPU Krackan 1 | pmode default,iron/operators/relu/test.py::test_relu,input_length_1024-num_aie_columns_4-num_channels_2-tile_size_128,5/5,no,174.92,168.8,165.0,199.2,13.88207477288607,0.023521332,0.02426238,0.02056029,0.02481747,0.001706651712980713,,,,,
416c53de436a8336898b5be313cb6d3100ba3795,2026-10-03 08:22:18,commit 416c53de43 | peano 22.0.0+0006955e | mlir_aie 1.4.4.dev73+g18ca6c1 | kernels 5726d482c21a | runtime CachedXRTRuntime | xdna 2.21.0_20260625 | xrt 2.21.0 | host docker-runner-6aa540df4097 | device NPU Krackan 1 | pmode default,iron/operators/relu/test.py::test_relu,input_length_1024-num_aie_columns_8-num_channels_1-tile_size_128,5/5,no,179.74,185.1,151.3,196.0,18.443508343045792,0.022994692,0.02212595,0.02090297,0.02706364,0.0025407803590078385,,,,,
416c53de436a8336898b5be313cb6d3100ba3795,2026-10-03 08:22:18,commit 416c53de43 | peano 22.0.0+0006955e | mlir_aie 1.4.4.dev73+g18ca6c1 | kernels 5726d482c21a | runtime CachedXRTRuntime | xdna 2.21.0_20260625 | xrt 2.21.0 | host docker-runner-6aa540df4097 | device NPU Krackan 1 | pmode default,iron/operators/relu/test.py::test_relu,input_length_1024-num_aie_columns_8-num_channels_2-tile_size_64,5/5,no,246.56,217.3,145.0,354.4,83.8065212259762,0.018330396,0.01885099,0.01155649,0.02825295,0.006555464823189885,,,,,
416c53de436a8336898b5be313cb6d3100ba3795,2026-10-03 08:22:18,commit 416c53de43 | peano 22.0.0+0006955e | mlir_aie 1.4.4.dev73+g18ca6c1 | kernels 5726d482c21a | runtime CachedXRTRuntime | xdna 2.21.0_20260625 | xrt 2.21.0 | host docker-runner-6aa540df4097 | device NPU Krackan 1 | pmode default,iron/operators/relu/test.py::test_relu,input_length_2048-num_aie_columns_1-num_channels_1-tile_size_2048,5/5,no,177.7,171.8,135.1,219.2,31.341426259824228,0.047308618,0.04767891,0.03736919,0.06061548,0.00871773444917715,,,,,
416c53de436a8336898b5be313cb6d3100ba3795,2026-10-03 08:22:18,commit 416c53de43 | peano 22.0.0+0006955e | mlir_aie 1.4.4.dev73+g18ca6c1 | kernels 5726d482c21a | runtime CachedXRTRuntime | xdna 2.21.0_20260625 | xrt 2.21.0 | host docker-runner-6aa540df4097 | device NPU Krackan 1 | pmode default,iron/operators/relu/test.py::test_relu,input_length_2048-num_aie_columns_1-num_channels_2-tile_size_1024,5/5,no,237.68,216.0,190.8,316.0,53.14933677855256,0.035754478,0.03792224,0.02592405,0.04292984,0.007270392352168485,,,,,
416c53de436a8336898b5be313cb6d3100ba3795,2026-10-03 08:22:18,commit 416c53de43 | peano 22.0.0+0006955e | mlir_aie 1.4.4.dev73+g18ca6c1 | kernels 5726d482c21a | runtime CachedXRTRuntime | xdna 2.21.0_20260625 | xrt 2.21.0 | host docker-runner-6aa540df4097 | device NPU Krackan 1 | pmode default,iron/operators/relu/test.py::test_relu,input_length_2048-num_aie_columns_2-num_channels_1-tile_size_1024,5/5,no,192.7,204.0,159.3,220.2,27.263987235912502,0.043232068000000005,0.04015529,0.0371995,0.05141756,0.006405718458976323,,,,,
416c53de436a8336898b5be313cb6d3100ba3795,2026-10-03 08:22:18,commit 416c53de43 | peano 22.0.0+0006955e | mlir_aie 1.4.4.dev73+g18ca6c1 | kernels 5726d482c21a | runtime CachedXRTRuntime | xdna 2.21.0_20260625 | xrt 2.21.0 | host docker-runner-6aa540df4097 | device NPU Krackan 1 | pmode default,iron/operators/relu/test.py::test_relu,input_length_2048-num_aie_columns_2-num_channels_2-tile_size_512,5/5,no,179.54,181.1,149.6,223.0,30.386394981965203,0.04666027,0.04524617,0.03673477,0.05475789,0.007645524589676629,,,,,
416c53de436a8336898b5be313cb6d3100ba3795,2026-10-03 08:22:18,commit 416c53de43 | peano 22.0.0+0006955e | mlir_aie 1.4.4.dev73+g18ca6c1 | kernels 5726d482c21a | runtime CachedXRTRuntime | xdna 2.21.0_20260625 | xrt 2.21.0 | host docker-runner-6aa540df4097 | device NPU Krackan 1 | pmode default,iron/operators/relu/test.py::test_relu,input_length_2048-num_aie_columns_4-num_channels_1-tile_size_512,5/5,no,195.46,177.7,151.1,248.4,47.41100083313999,0.043873692,0.04610354,0.03298013,0.05421683,0.010135190590680571,,,,,
416c53de436a8336898b5be313cb6d3100ba3795,2026-10-03 08:22:18,commit 416c53de43 | peano 22.0.0+0006955e | mlir_aie 1.4.4.dev73+g18ca6c1 | kernels 5726d482c21a | runtime CachedXRTRuntime | xdna 2.21.0_20260625 | xrt 2.21.0 | host docker-runner-6aa540df4097 | device NPU Krackan 1 | pmode default,iron/operators/relu/test.py::test_relu,input_length_2048-num_aie_columns_4-num_channels_2-tile_size_256,5/5,no,203.7,218.6,157.0,228.5,30.315507582753746,0.041031410000000004,0.03746867,0.03584885,0.05218898,0.006898920707164998,,,,,
416c53de436a8336898b5be313cb6d3100ba3795,2026-10-03 08:22:18,commit 416c53de43 | peano 22.0.0+0006955e | mlir_aie 1.4.4.dev73+g18ca6c1 | kernels 5726d482c21a | runtime CachedXRTRuntime | xdna 2.21.0_20260625 | xrt 2.21.0 | host docker-runner-6aa540df4097 | device NPU Krackan 1 | pmode default,iron/operators/relu/test.py::test_relu,input_length_2048-num_aie_columns_8-num_channels_1-tile_size_256,5/5,no,178.7,174.6,152.2,212.8,22.27442479616478,0.046391974,0.04691276,0.03849914,0.05380659,0.005571925926170411,,,,,
416c53de436a8336898b5be313cb6d3100ba3795,2026-10-03 08:22:18,commit 416c53de43 | peano 22.0.0+0006955e | mlir_aie 1.4.4.dev73+g18ca6c1 | kernels 5726d482c21a | runtime CachedXRTRuntime | xdna 2.21.0_20260625 | xrt 2.21.0 | host docker-runner-6aa540df4097 | device NPU Krackan 1 | pmode default,iron/operators/relu/test.py::test_relu,input_length_2048-num_aie_columns_8-num_channels_2-tile_size_128,5/5,no,221.84,223.1,205.8,239.4,15.721736545305674,0.037080192,0.03671978,0.03422546,0.03980931,0.002639293359702555,,,,,
416c53de436a8336898b5be313cb6d3100ba3795,2026-10-03 08:22:18,commit 416c53de43 | peano 22.0.0+0006955e | mlir_aie 1.4.4.dev73+g18ca6c1 | kernels 5726d482c21a | runtime CachedXRTRuntime | xdna 2.21.0_20260625 | xrt 2.21.0 | host docker-runner-6aa540df4097 | device NPU Krackan 1 | pmode default,iron/operators/relu/test.py::test_relu,input_length_4096-num_aie_columns_1-num_channels_1-tile_size_4096,5/5,no,140.38,135.6,121.8,173.7,19.546150516150227,0.118343688,0.120801,0.09433984,0.1345355,0.014654111869360085,,,,,
416c53de436a8336898b5be313cb6d3100ba3795,2026-10-03 08:22:18,commit 416c53de43 | peano 22.0.0+0006955e | mlir_aie 1.4.4.dev73+g18ca6c1 | kernels 5726d482c21a | runtime CachedXRTRuntime | xdna 2.21.0_20260625 | xrt 2.21.0 | host docker-runner-6aa540df4097 | device NPU Krackan 1 | pmode default,iron/operators/relu/test.py::test_relu,input_length_4096-num_aie_columns_1-num_channels_2-tile_size_2048,5/5,no,164.6,154.9,115.2,235.0,44.369189760463286,0.10504491,0.1057961,0.06970817,0.1422482,0.02632741612424584,,,,,
416c53de436a8336898b5be313cb6d3100ba3795,2026-10-03 08:22:18,commit 416c53de43 | peano 22.0.0+0006955e | mlir_aie 1.4.4.dev73+g18ca6c1 | kernels 5726d482c21a | runtime CachedXRTRuntime | xdna 2.21.0_20260625 | xrt 2.21.0 | host docker-runner-6aa540df4097 | device NPU Krackan 1 | pmode default,iron/operators/relu/test.py::test_relu,input_length_4096-num_aie_columns_2-num_channels_1-tile_size_2048,5/5,no,166.22,159.3,129.7,208.3,31.663180509860354,0.1014426,0.102848,0.07866145,0.1263155,0.019047088209126612,,,,,
416c53de436a8336898b5be313cb6d3100ba3795,2026-10-03 08:22:18,commit 416c53de43 | peano 22.0.0+0006955e | mlir_aie 1.4.4.dev73+g18ca6c1 | kernels 5726d482c21a | runtime CachedXRTRuntime | xdna 2.21.0_20260625 | xrt 2.21.0 | host docker-runner-6aa540df4097 | device NPU Krackan 1 | pmode default,iron/operators/relu/test.py::test_relu,input_length_4096-num_aie_columns_2-num_channels_2-tile_size_1024,5/5,no,157.38,165.1,133.4,181.4,22.028890121837726,0.10582495,0.09924644,0.09032222,0.1228425,0.015284396486953615,,,,,
416c53de436a8336898b5be313cb6d3100ba3795,2026-10-03 08:22:18,commit 416c53de43 | peano 22.0.0+0006955e | mlir_aie 1.4.4.dev73+g18ca6c1 | kernels 5726d482c21a | runtime CachedXRTRuntime | xdna 2.21.0_20260625 | xrt 2.21.0 | host docker-runner-6aa540df4097 | device NPU Krackan 1 | pmode default,iron/operators/relu/test.py::test_relu,input_length_4096-num_aie_columns_4-num_channels_1-tile_size_1024,5/5,no,141.0,135.0,122.2,163.4,17.550498568416796,0.11762236,0.1213666,0.1002503,0.134083,0.014289100380464827,,,,,
416c53de436a8336898b5be313cb6d3100ba3795,2026-10-03 08:22:18,commit 416c53de43 | peano 22.0.0+0006955e | mlir_aie 1.4.4.dev73+g18ca6c1 | kernels 5726d482c21a | runtime CachedXRTRuntime | xdna 2.21.0_20260625 | xrt 2.21.0 | host docker-runner-6aa540df4097 | device NPU Krackan 1 | pmode default,iron/operators/relu/test.py::test_relu,input_length_4096-num_aie_columns_4-num_channels_2-tile_size_512,5/5,no,156.02,152.1,140.9,174.1,12.635347244931577,0.105552676,0.1077264,0.09409008,0.1162406,0.008390484053550187,,,,,
416c53de436a8336898b5be313cb6d3100ba3795,2026-10-03 08:22:18,commit 416c53de43 | peano 22.0.0+0006955e | mlir_aie 1.4.4.dev73+g18ca6c1 | kernels 5726d482c21a | runtime CachedXRTRuntime | xdna 2.21.0_20260625 | xrt 2.21.0 | host docker-runner-6aa540df4097 | device NPU Krackan 1 | pmode default,iron/operators/relu/test.py::test_relu,input_length_4096-num_aie_columns_8-num_channels_1-tile_size_512,5/5,no,177.98,190.0,142.2,205.9,27.517939603102562,0.093969772,0.08625382,0.07958343,0.1152415,0.015448220887738822,,,,,
416c53de436a8336898b5be313cb6d3100ba3795,2026-10-03 08:22:18,commit 416c53de43 | peano 22.0.0+0006955e | mlir_aie 1.4.4.dev73+g18ca6c1 | kernels 5726d482c21a | runtime CachedXRTRuntime | xdna 2.21.0_20260625 | xrt 2.21.0 | host docker-runner-6aa540df4097 | device NPU Krackan 1 | pmode default,iron/operators/relu/test.py::test_relu,input_length_4096-num_aie_columns_8-num_channels_2-tile_size_256,5/5,no,199.48,207.1,150.5,238.9,37.14810896936748,0.084639606,0.07911421,0.06857985,0.1088884,0.01688619328752724,,,,,
416c53de436a8336898b5be313cb6d3100ba3795,2026-10-03 08:22:18,commit 416c53de43 | peano 22.0.0+0006955e | mlir_aie 1.4.4.dev73+g18ca6c1 | kernels 5726d482c21a | runtime CachedXRTRuntime | xdna 2.21.0_20260625 | xrt 2.21.0 | host docker-runner-6aa540df4097 | device NPU Krackan 1 | pmode default,iron/operators/relu/test.py::test_relu,input_length_8192-num_aie_columns_1-num_channels_2-tile_size_4096,5/5,no,185.96,162.5,146.9,301.4,65.34751716783124,0.18929196,0.2016753,0.1087218,0.2230193,0.047017589492848316,,,,,
416c53de436a8336898b5be313cb6d3100ba3795,2026-10-03 08:22:18,commit 416c53de43 | peano 22.0.0+0006955e | mlir_aie 1.4.4.dev73+g18ca6c1 | kernels 5726d482c21a | runtime CachedXRTRuntime | xdna 2.21.0_20260625 | xrt 2.21.0 | host docker-runner-6aa540df4097 | device NPU Krackan 1 | pmode default,iron/operators/relu/test.py::test_relu,input_length_8192-num_aie_columns_2-num_channels_1-tile_size_4096,5/5,no,161.68,153.5,135.9,191.4,23.869478419102503,0.20618732,0.2134556,0.1712428,0.2410848,0.029666887046790057,,,,,
416c53de436a8336898b5be313cb6d3100ba3795,2026-10-03 08:22:18,commit 416c53de43 | peano 22.0.0+0006955e | mlir_aie 1.4.4.dev73+g18ca6c1 | kernels 5726d482c21a | runtime CachedXRTRuntime | xdna 2.21.0_20260625 | xrt 2.21.0 | host docker-runner-6aa540df4097 | device NPU Krackan 1 | pmode default,iron/operators/relu/test.py::test_relu,input_length_8192-num_aie_columns_2-num_channels_2-tile_size_2048,5/5,no,149.8,145.1,133.9,176.1,15.87482283365707,0.22057432,0.2258211,0.1861237,0.2447309,0.021618612471710576,,,,,
416c53de436a8336898b5be313cb6d3100ba3795,2026-10-03 08:22:18,commit 416c53de43 | peano 22.0.0+0006955e | mlir_aie 1.4.4.dev73+g18ca6c1 | kernels 5726d482c21a | runtime CachedXRTRuntime | xdna 2.21.0_20260625 | xrt 2.21.0 | host docker-runner-6aa540df4097 | device NPU Krackan 1 | pmode default,iron/operators/relu/test.py::test_relu,input_length_8192-num_aie_columns_4-num_channels_1-tile_size_2048,5/5,no,160.14,148.2,132.9,213.3,31.36356165999009,0.21007368,0.2210589,0.1535909,0.2465929,0.035114701996058574,,,,,
416c53de436a8336898b5be313cb6d3100ba3795,2026-10-03 08:22:18,commit 416c53de43 | peano 22.0.0+0006955e | mlir_aie 1.4.4.dev73+g18ca6c1 | kernels 5726d482c21a | runtime CachedXRTRuntime | xdna 2.21.0_20260625 | xrt 2.21.0 | host docker-runner-6aa540df4097 | device NPU Krackan 1 | pmode default,iron/operators/relu/test.py::test_relu,input_length_8192-num_aie_columns_4-num_channels_2-tile_size_1024,5/5,no,169.04,171.4,126.3,210.1,33.656099001518285,0.20038973999999998,0.1911495,0.1559564,0.2593431,0.041647902864886246,,,,,
416c53de436a8336898b5be313cb6d3100ba3795,2026-10-03 08:22:18,commit 416c53de43 | peano 22.0.0+0006955e | mlir_aie 1.4.4.dev73+g18ca6c1 | kernels 5726d482c21a | runtime CachedXRTRuntime | xdna 2.21.0_20260625 | xrt 2.21.0 | host docker-runner-6aa540df4097 | device NPU Krackan 1 | pmode default,iron/operators/relu/test.py::test_relu,input_length_8192-num_aie_columns_8-num_channels_1-tile_size_1024,5/5,no,180.20000000000002,173.4,151.3,212.4,23.55663388517128,0.1843458,0.1890073,0.154272,0.2166365,0.02389209176893058,,,,,
416c53de436a8336898b5be313cb6d3100ba3795,2026-10-03 08:22:18,commit 416c53de43 | peano 22.0.0+0006955e | mlir_aie 1.4.4.dev73+g18ca6c1 | kernels 5726d482c21a | runtime CachedXRTRuntime | xdna 2.21.0_20260625 | xrt 2.21.0 | host docker-runner-6aa540df4097 | device NPU Krackan 1 | pmode default,iron/operators/relu/test.py::test_relu,input_length_8192-num_aie_columns_8-num_channels_2-tile_size_512,5/5,no,201.02,213.2,150.6,228.3,32.85942787085619,0.167056,0.1537206,0.1435405,0.2176177,0.031132070021683427,,,,,
416c53de436a8336898b5be313cb6d3100ba3795,2026-10-03 08:22:18,commit 416c53de43 | peano 22.0.0+0006955e | mlir_aie 1.4.4.dev73+g18ca6c1 | kernels 5726d482c21a | runtime CachedXRTRuntime | xdna 2.21.0_20260625 | xrt 2.21.0 | host docker-runner-6aa540df4097 | device NPU Krackan 1 | pmode default,iron/operators/relu/test.py::test_relu,input_length_8388608-num_aie_columns_8-num_channels_2-tile_size_4096,5/5,yes,720.92,687.6,638.9,832.4,86.93006959619899,47.07281,48.80105,40.30989,52.52038,5.485949295842061,,,,,
416c53de436a8336898b5be313cb6d3100ba3795,2026-10-03 08:22:18,commit 416c53de43 | peano 22.0.0+0006955e | mlir_aie 1.4.4.dev73+g18ca6c1 | kernels 5726d482c21a | runtime CachedXRTRuntime | xdna 2.21.0_20260625 | xrt 2.21.0 | host docker-runner-6aa540df4097 | device NPU Krackan 1 | pmode default,iron/operators/repeat/test.py::test_cols_without_a_legal_split_is_rejected,"cols_1031-why_prime > 1023: the only divisors are 1 and cols, neither legal",5/5,no,,,,,,,,,,,,,,,
416c53de436a8336898b5be313cb6d3100ba3795,2026-10-03 08:22:18,commit 416c53de43 | peano 22.0.0+0006955e | mlir_aie 1.4.4.dev73+g18ca6c1 | kernels 5726d482c21a | runtime CachedXRTRuntime | xdna 2.21.0_20260625 | xrt 2.21.0 | host docker-runner-6aa540df4097 | device NPU Krackan 1 | pmode default,iron/operators/repeat/test.py::test_cols_without_a_legal_split_is_rejected,cols_2062-why_2 x 1031: the only word-aligned chunk leaves a 1031-wide chunk count,5/5,no,,,,,,,,,,,,,,,
416c53de436a8336898b5be313cb6d3100ba3795,2026-10-03 08:22:18,commit 416c53de43 | peano 22.0.0+0006955e | mlir_aie 1.4.4.dev73+g18ca6c1 | kernels 5726d482c21a | runtime CachedXRTRuntime | xdna 2.21.0_20260625 | xrt 2.21.0 | host docker-runner-6aa540df4097 | device NPU Krackan 1 | pmode default,iron/operators/repeat/test.py::test_cols_without_a_legal_split_is_rejected,"cols_513-why_odd: every divisor is odd, so no chunk is a whole 32-bit word",5/5,no,,,,,,,,,,,,,,,
416c53de436a8336898b5be313cb6d3100ba3795,2026-10-03 08:22:18,commit 416c53de43 | peano 22.0.0+0006955e | mlir_aie 1.4.4.dev73+g18ca6c1 | kernels 5726d482c21a | runtime CachedXRTRuntime | xdna 2.21.0_20260625 | xrt 2.21.0 | host docker-runner-6aa540df4097 | device NPU Krackan 1 | pmode default,iron/operators/repeat/test.py::test_repeat,rows_4-cols_1024-repeat_2-transfer_size_None,5/5,no,137.76,130.2,121.9,156.3,15.314307036232496,0.1801362,0.1887007,0.1572592,0.2016889,0.01950838442529263,,,,,
416c53de436a8336898b5be313cb6d3100ba3795,2026-10-03 08:22:18,commit 416c53de43 | peano 22.0.0+0006955e | mlir_aie 1.4.4.dev73+g18ca6c1 | kernels 5726d482c21a | runtime CachedXRTRuntime | xdna 2.21.0_20260625 | xrt 2.21.0 | host docker-runner-6aa540df4097 | device NPU Krackan 1 | pmode default,iron/operators/repeat/test.py::test_repeat,rows_4-cols_2048-repeat_2-transfer_size_None,5/5,no,140.5,137.2,130.2,160.3,11.698931575148226,0.35163492,0.3581698,0.3066538,0.3775463,0.027123129218381135,,,,,
416c53de436a8336898b5be313cb6d3100ba3795,2026-10-03 08:22:18,commit 416c53de43 | peano 22.0.0+0006955e | mlir_aie 1.4.4.dev73+g18ca6c1 | kernels 5726d482c21a | runtime CachedXRTRuntime | xdna 2.21.0_20260625 | xrt 2.21.0 | host docker-runner-6aa540df4097 | device NPU Krackan 1 | pmode default,iron/operators/repeat/test.py::test_repeat,rows_8-cols_131072-repeat_4-transfer_size_64,5/5,yes,789.8000000000001,789.1,769.0,803.1,14.129048092493719,13.279554,13.28808,13.05586,13.63572,0.23976289429350817,,,,,
416c53de436a8336898b5be313cb6d3100ba3795,2026-10-03 08:22:18,commit 416c53de43 | peano 22.0.0+0006955e | mlir_aie 1.4.4.dev73+g18ca6c1 | kernels 5726d482c21a | runtime CachedXRTRuntime | xdna 2.21.0_20260625 | xrt 2.21.0 | host docker-runner-6aa540df4097 | device NPU Krackan 1 | pmode default,iron/operators/repeat/test.py::test_repeat,rows_8-cols_512-repeat_4-transfer_size_64,5/5,no,141.98000000000002,132.9,126.7,163.9,17.29890169924091,0.29182588,0.3082179,0.2498765,0.3233318,0.034146303381435004,,,,,
416c53de436a8336898b5be313cb6d3100ba3795,2026-10-03 08:22:18,commit 416c53de43 | peano 22.0.0+0006955e | mlir_aie 1.4.4.dev73+g18ca6c1 | kernels 5726d482c21a | runtime CachedXRTRuntime | xdna 2.21.0_20260625 | xrt 2.21.0 | host docker-runner-6aa540df4097 | device NPU Krackan 1 | pmode default,iron/operators/repeat/test.py::test_repeat,rows_8-cols_64-repeat_4-transfer_size_None,5/5,no,136.9,134.8,117.8,156.6,15.6272198423136,0.037789834,0.03798051,0.03269101,0.04346571,0.004318339393277235,,,,,
416c53de436a8336898b5be313cb6d3100ba3795,2026-10-03 08:22:18,commit 416c53de43 | peano 22.0.0+0006955e | mlir_aie 1.4.4.dev73+g18ca6c1 | kernels 5726d482c21a | runtime CachedXRTRuntime | xdna 2.21.0_20260625 | xrt 2.21.0 | host docker-runner-6aa540df4097 | device NPU Krackan 1 | pmode default,iron/operators/rms_norm/test.py::test_rms_norm,input_length_1024-num_aie_columns_1-num_channels_1-tile_size_1024-weighted_False,5/5,no,166.32,170.9,124.4,206.1,35.5165032062561,0.025595015999999998,0.02397354,0.01987857,0.03293213,0.0056897038421371265,,,,,
416c53de436a8336898b5be313cb6d3100ba3795,2026-10-03 08:22:18,commit 416c53de43 | peano 22.0.0+0006955e | mlir_aie 1.4.4.dev73+g18ca6c1 | kernels 5726d482c21a | runtime CachedXRTRuntime | xdna 2.21.0_20260625 | xrt 2.21.0 | host docker-runner-6aa540df4097 | device NPU Krackan 1 | pmode default,iron/operators/rms_norm/test.py::test_rms_norm,input_length_1024-num_aie_columns_1-num_channels_1-tile_size_1024-weighted_True,5/5,no,164.92,160.4,119.1,228.4,39.912617052756644,0.038923294,0.03830543,0.02690194,0.0515843,0.00885141546194901,,,,,
416c53de436a8336898b5be313cb6d3100ba3795,2026-10-03 08:22:18,commit 416c53de43 | peano 22.0.0+0006955e | mlir_aie 1.4.4.dev73+g18ca6c1 | kernels 5726d482c21a | runtime CachedXRTRuntime | xdna 2.21.0_20260625 | xrt 2.21.0 | host docker-runner-6aa540df4097 | device NPU Krackan 1 | pmode default,iron/operators/rms_norm/test.py::test_rms_norm,input_length_1024-num_aie_columns_1-num_channels_2-tile_size_512-weighted_False,5/5,no,189.56,198.3,140.1,238.4,46.75177001996823,0.022760648,0.02065276,0.01718099,0.02923084,0.005882495139043466,,,,,
416c53de436a8336898b5be313cb6d3100ba3795,2026-10-03 08:22:18,commit 416c53de43 | peano 22.0.0+0006955e | mlir_aie 1.4.4.dev73+g18ca6c1 | kernels 5726d482c21a | runtime CachedXRTRuntime | xdna 2.21.0_20260625 | xrt 2.21.0 | host docker-runner-6aa540df4097 | device NPU Krackan 1 | pmode default,iron/operators/rms_norm/test.py::test_rms_norm,input_length_1024-num_aie_columns_1-num_channels_2-tile_size_512-weighted_True,5/5,no,178.64,181.1,122.4,234.6,40.675213582721355,0.029985454,0.02827573,0.02182755,0.04184613,0.007425345636058298,,,,,
416c53de436a8336898b5be313cb6d3100ba3795,2026-10-03 08:22:18,commit 416c53de43 | peano 22.0.0+0006955e | mlir_aie 1.4.4.dev73+g18ca6c1 | kernels 5726d482c21a | runtime CachedXRTRuntime | xdna 2.21.0_20260625 | xrt 2.21.0 | host docker-runner-6aa540df4097 | device NPU Krackan 1 | pmode default,iron/operators/rms_norm/test.py::test_rms_norm,input_length_1024-num_aie_columns_2-num_channels_1-tile_size_512-weighted_False,5/5,no,149.56,148.7,128.3,172.4,18.56025323103109,0.027724748,0.02753743,0.0237576,0.03193663,0.0034429658011545803,,,,,
416c53de436a8336898b5be313cb6d3100ba3795,2026-10-03 08:22:18,commit 416c53de43 | peano 22.0.0+0006955e | mlir_aie 1.4.4.dev73+g18ca6c1 | kernels 5726d482c21a | runtime CachedXRTRuntime | xdna 2.21.0_20260625 | xrt 2.21.0 | host docker-runner-6aa540df4097 | device NPU Krackan 1 | pmode default,iron/operators/rms_norm/test.py::test_rms_norm,input_length_1024-num_aie_columns_2-num_channels_1-tile_size_512-weighted_True,5/5,no,173.46,180.1,140.5,201.0,24.07743757130314,0.030005070000000002,0.02842976,0.02547492,0.03645244,0.0043997276864824264,,,,,
416c53de436a8336898b5be313cb6d3100ba3795,2026-10-03 08:22:18,commit 416c53de43 | peano 22.0.0+0006955e | mlir_aie 1.4.4.dev73+g18ca6c1 | kernels 5726d482c21a | runtime CachedXRTRuntime | xdna 2.21.0_20260625 | xrt 2.21.0 | host docker-runner-6aa540df4097 | device NPU Krackan 1 | pmode default,iron/operators/rms_norm/test.py::test_rms_norm,input_length_1024-num_aie_columns_2-num_channels_2-tile_size_256-weighted_False,5/5,no,200.86,201.4,168.8,243.4,28.23522622540857,0.020707542,0.02033733,0.01682944,0.02427101,0.002805141900433915,,,,,
416c53de436a8336898b5be313cb6d3100ba3795,2026-10-03 08:22:18,commit 416c53de43 | peano 22.0.0+0006955e | mlir_aie 1.4.4.dev73+g18ca6c1 | kernels 5726d482c21a | runtime CachedXRTRuntime | xdna 2.21.0_20260625 | xrt 2.21.0 | host docker-runner-6aa540df4097 | device NPU Krackan 1 | pmode default,iron/operators/rms_norm/test.py::test_rms_norm,input_length_1024-num_aie_columns_2-num_channels_2-tile_size_256-weighted_True,5/5,no,179.08,165.4,153.9,209.6,27.899587810575262,0.026217886,0.02786243,0.02198798,0.02993899,0.003908673086615201,,,,,
416c53de436a8336898b5be313cb6d3100ba3795,2026-10-03 08:22:18,commit 416c53de43 | peano 22.0.0+0006955e | mlir_aie 1.4.4.dev73+g18ca6c1 | kernels 5726d482c21a | runtime CachedXRTRuntime | xdna 2.21.0_20260625 | xrt 2.21.0 | host docker-runner-6aa540df4097 | device NPU Krackan 1 | pmode default,iron/operators/rms_norm/test.py::test_rms_norm,input_length_1024-num_aie_columns_4-num_channels_1-tile_size_256-weighted_False,5/5,no,173.24,184.2,149.8,188.9,19.026113633635216,0.023884034000000002,0.02223549,0.02168469,0.02734404,0.0027380418366653933,,,,,
416c53de436a8336898b5be313cb6d3100ba3795,2026-10-03 08:22:18,commit 416c53de43 | peano 22.0.0+0006955e | mlir_aie 1.4.4.dev73+g18ca6c1 | kernels 5726d482c21a | runtime CachedXRTRuntime | xdna 2.21.0_20260625 | xrt 2.21.0 | host docker-runner-6aa540df4097 | device NPU Krackan 1 | pmode default,iron/operators/rms_norm/test.py::test_rms_norm,input_length_1024-num_aie_columns_4-num_channels_1-tile_size_256-weighted_True,5/5,no,196.66,180.7,129.3,320.7,72.93979023825061,0.025597246,0.02549462,0.01436996,0.03562813,0.007641784857042889,,,,,
416c53de436a8336898b5be313cb6d3100ba3795,2026-10-03 08:22:18,commit 416c53de43 | peano 22.0.0+0006955e | mlir_aie 1.4.4.dev73+g18ca6c1 | kernels 5726d482c21a | runtime CachedXRTRuntime | xdna 2.21.0_20260625 | xrt 2.21.0 | host docker-runner-6aa540df4097 | device NPU Krackan 1 | pmode default,iron/operators/rms_norm/test.py::test_rms_norm,input_length_1024-num_aie_columns_4-num_channels_2-tile_size_128-weighted_False,5/5,no,187.78,186.3,149.9,237.8,36.26619638175473,0.022459058,0.02198793,0.01722152,0.02732215,0.004228474277900955,,,,,
416c53de436a8336898b5be313cb6d3100ba3795,2026-10-03 08:22:18,commit 416c53de43 | peano 22.0.0+0006955e | mlir_aie 1.4.4.dev73+g18ca6c1 | kernels 5726d482c21a | runtime CachedXRTRuntime | xdna 2.21.0_20260625 | xrt 2.21.0 | host docker-runner-6aa540df4097 | device NPU Krackan 1 | pmode default,iron/operators/rms_norm/test.py::test_rms_norm,input_length_1024-num_aie_columns_4-num_channels_2-tile_size_128-weighted_True,5/5,no,241.16,231.1,172.1,338.0,65.55160562488153,0.019090868,0.0188285,0.01287524,0.02528806,0.004904506785464773,,,,,
416c53de436a8336898b5be313cb6d3100ba3795,2026-10-03 08:22:18,commit 416c53de43 | peano 22.0.0+0006955e | mlir_aie 1.4.4.dev73+g18ca6c1 | kernels 5726d482c21a | runtime CachedXRTRuntime | xdna 2.21.0_20260625 | xrt 2.21.0 | host docker-runner-6aa540df4097 | device NPU Krackan 1 | pmode default,iron/operators/rms_norm/test.py::test_rms_norm,input_length_1024-num_aie_columns_8-num_channels_1-tile_size_128-weighted_False,5/5,no,170.26,165.4,150.9,201.3,19.748493613437965,0.024299992,0.02476196,0.02034855,0.02714075,0.002641460672207709,,,,,
416c53de436a8336898b5be313cb6d3100ba3795,2026-10-03 08:22:18,commit 416c53de43 | peano 22.0.0+0006955e | mlir_aie 1.4.4.dev73+g18ca6c1 | kernels 5726d482c21a | runtime CachedXRTRuntime | xdna 2.21.0_20260625 | xrt 2.21.0 | host docker-runner-6aa540df4097 | device NPU Krackan 1 | pmode default,iron/operators/rms_norm/test.py::test_rms_norm,input_length_1024-num_aie_columns_8-num_channels_1-tile_size_128-weighted_True,5/5,no,189.36,188.6,165.4,227.3,23.44190691902005,0.023248396,0.02307921,0.01914549,0.02631611,0.002675534905711379,,,,,
416c53de436a8336898b5be313cb6d3100ba3795,2026-10-03 08:22:18,commit 416c53de43 | peano 22.0.0+0006955e | mlir_aie 1.4.4.dev73+g18ca6c1 | kernels 5726d482c21a | runtime CachedXRTRuntime | xdna 2.21.0_20260625 | xrt 2.21.0 | host docker-runner-6aa540df4097 | device NPU Krackan 1 | pmode default,iron/operators/rms_norm/test.py::test_rms_norm,input_length_1024-num_aie_columns_8-num_channels_2-tile_size_64-weighted_False,5/5,no,208.68,212.3,176.9,237.5,29.081471764682064,0.019943882,0.01929672,0.01724624,0.02315864,0.002834189615237484,,,,,
416c53de436a8336898b5be313cb6d3100ba3795,2026-10-03 08:22:18,commit 416c53de43 | peano 22.0.0+0006955e | mlir_aie 1.4.4.dev73+g18ca6c1 | kernels 5726d482c21a | runtime CachedXRTRuntime | xdna 2.21.0_20260625 | xrt 2.21.0 | host docker-runner-6aa540df4097 | device NPU Krackan 1 | pmode default,iron/operators/rms_norm/test.py::test_rms_norm,input_length_2048-num_aie_columns_1-num_channels_1-tile_size_2048-weighted_False,5/5,no,168.7,187.5,110.0,192.3,34.6917137080312,0.050782556,0.04369626,0.04259877,0.07448018,0.013572254200858827,,,,,
416c53de436a8336898b5be313cb6d3100ba3795,2026-10-03 08:22:18,commit 416c53de43 | peano 22.0.0+0006955e | mlir_aie 1.4.4.dev73+g18ca6c1 | kernels 5726d482c21a | runtime CachedXRTRuntime | xdna 2.21.0_20260625 | xrt 2.21.0 | host docker-runner-6aa540df4097 | device NPU Krackan 1 | pmode default,iron/operators/rms_norm/test.py::test_rms_norm,input_length_2048-num_aie_columns_1-num_channels_1-tile_size_2048-weighted_True,5/5,no,185.3,171.9,142.9,264.2,46.721354860491786,0.069209886,0.07147219,0.04651339,0.08599562,0.014600547031074896,,,,,
416c53de436a8336898b5be313cb6d3100ba3795,2026-10-03 08:22:18,commit 416c53de43 | peano 22.0.0+0006955e | mlir_aie 1.4.4.dev73+g18ca6c1 | kernels 5726d482c21a | runtime CachedXRTRuntime | xdna 2.21.0_20260625 | xrt 2.21.0 | host docker-runner-6aa540df4097 | device NPU Krackan 1 | pmode default,iron/operators/rms_norm/test.py::test_rms_norm,input_length_2048-num_aie_columns_1-num_channels_2-tile_size_1024-weighted_False,5/5,no,154.64000000000001,159.4,131.9,176.1,18.297349534837004,0.053590228,0.05140465,0.04652061,0.06210248,0.0064994852711634035,,,,,
416c53de436a8336898b5be313cb6d3100ba3795,2026-10-03 08:22:18,commit 416c53de43 | peano 22.0.0+0006955e | mlir_aie 1.4.4.dev73+g18ca6c1 | kernels 5726d482c21a | runtime CachedXRTRuntime | xdna 2.21.0_20260625 | xrt 2.21.0 | host docker-runner-6aa540df4097 | device NPU Krackan 1 | pmode default,iron/operators/rms_norm/test.py::test_rms_norm,input_length_2048-num_aie_columns_1-num_channels_2-tile_size_1024-weighted_True,5/5,no,184.88,181.3,139.0,230.2,38.80240971898524,0.057433743999999995,0.05649188,0.04447765,0.07369345,0.012272529597129923,,,,,
416c53de436a8336898b5be313cb6d3100ba3795,2026-10-03 08:22:18,commit 416c53de43 | peano 22.0.0+0006955e | mlir_aie 1.4.4.dev73+g18ca6c1 | kernels 5726d482c21a | runtime CachedXRTRuntime | xdna 2.21.0_20260625 | xrt 2.21.0 | host docker-runner-6aa540df4097 | device NPU Krackan 1 | pmode default,iron/operators/rms_norm/test.py::test_rms_norm,input_length_2048-num_aie_columns_2-num_channels_1-tile_size_1024-weighted_False,5/5,no,148.24,131.1,119.9,220.1,40.76331684247492,0.057899992,0.06250143,0.03721133,0.06834184,0.01205925278469483,,,,,
416c53de436a8336898b5be313cb6d3100ba3795,2026-10-03 08:22:18,commit 416c53de43 | peano 22.0.0+0006955e | mlir_aie 1.4.4.dev73+g18ca6c1 | kernels 5726d482c21a | runtime CachedXRTRuntime | xdna 2.21.0_20260625 | xrt 2.21.0 | host docker-runner-6aa540df4097 | device NPU Krackan 1 | pmode default,iron/operators/rms_norm/test.py::test_rms_norm,input_length_2048-num_aie_columns_2-num_channels_1-tile_size_1024-weighted_True,5/5,no,171.3,176.6,129.0,206.5,29.795217737079888,0.061369278,0.05798218,0.04957829,0.07937062,0.01160251947207459,,,,,
416c53de436a8336898b5be313cb6d3100ba3795,2026-10-03 08:22:18,commit 416c53de43 | peano 22.0.0+0006955e | mlir_aie 1.4.4.dev73+g18ca6c1 | kernels 5726d482c21a | runtime CachedXRTRuntime | xdna 2.21.0_20260625 | xrt 2.21.0 | host docker-runner-6aa540df4097 | device NPU Krackan 1 | pmode default,iron/operators/rms_norm/test.py::test_rms_norm,input_length_2048-num_aie_columns_2-num_channels_2-tile_size_512-weighted_False,5/5,no,164.07999999999998,155.0,131.2,198.7,27.12686859923202,0.051036712,0.05286014,0.04122425,0.06245854,0.008421708499429912,,,,,
416c53de436a8336898b5be313cb6d3100ba3795,2026-10-03 08:22:18,commit 416c53de43 | peano 22.0.0+0006955e | mlir_aie 1.4.4.dev73+g18ca6c1 | kernels 5726d482c21a | runtime CachedXRTRuntime | xdna 2.21.0_20260625 | xrt 2.21.0 | host docker-runner-6aa540df4097 | device NPU Krackan 1 | pmode default,iron/operators/rms_norm/test.py::test_rms_norm,input_length_2048-num_aie_columns_2-num_channels_2-tile_size_512-weighted_True,5/5,no,163.72,170.6,132.0,175.2,18.002138761824938,0.056932918,0.05402617,0.05260184,0.06981765,0.007268408696404598,,,,,
416c53de436a8336898b5be313cb6d3100ba3795,2026-10-03 08:22:18,commit 416c53de43 | peano 22.0.0+0006955e | mlir_aie 1.4.4.dev73+g18ca6c1 | kernels 5726d482c21a | runtime CachedXRTRuntime | xdna 2.21.0_20260625 | xrt 2.21.0 | host docker-runner-6aa540df4097 | device NPU Krackan 1 | pmode default,iron/operators/rms_norm/test.py::test_rms_norm,input_length_2048-num_aie_columns_4-num_channels_1-tile_size_512-weighted_False,5/5,no,203.96,170.0,155.4,347.8,81.56707669151814,0.043970102,0.04818455,0.02355709,0.05271015,0.012031447227832568,,,,,
416c53de436a8336898b5be313cb6d3100ba3795,2026-10-03 08:22:18,commit 416c53de43 | peano 22.0.0+0006955e | mlir_aie 1.4.4.dev73+g18ca6c1 | kernels 5726d482c21a | runtime CachedXRTRuntime | xdna 2.21.0_20260625 | xrt 2.21.0 | host docker-runner-6aa540df4097 | device NPU Krackan 1 | pmode default,iron/operators/rms_norm/test.py::test_rms_norm,input_length_2048-num_aie_columns_4-num_channels_1-tile_size_512-weighted_True,5/5,no,173.85999999999999,174.5,148.2,212.3,24.337892266997986,0.053795112,0.05282829,0.04340127,0.06217323,0.007057605275688066,,,,,
416c53de436a8336898b5be313cb6d3100ba3795,2026-10-03 08:22:18,commit 416c53de43 | peano 22.0.0+0006955e | mlir_aie 1.4.4.dev73+g18ca6c1 | kernels 5726d482c21a | runtime CachedXRTRuntime | xdna 2.21.0_20260625 | xrt 2.21.0 | host docker-runner-6aa540df4097 | device NPU Krackan 1 | pmode default,iron/operators/rms_norm/test.py::test_rms_norm,input_length_2048-num_aie_columns_4-num_channels_2-tile_size_256-weighted_False,5/5,no,150.24,157.8,120.4,171.5,21.01958610439321,0.05545967,0.05193027,0.04777066,0.06801219,0.008344561737122568,,,,,
416c53de436a8336898b5be313cb6d3100ba3795,2026-10-03 08:22:18,commit 416c53de43 | peano 22.0.0+0006955e | mlir_aie 1.4.4.dev73+g18ca6c1 | kernels 5726d482c21a | runtime CachedXRTRuntime | xdna 2.21.0_20260625 | xrt 2.21.0 | host docker-runner-6aa540df4097 | device NPU Krackan 1 | pmode default,iron/operators/rms_norm/test.py::test_rms_norm,input_length_2048-num_aie_columns_4-num_channels_2-tile_size_256-weighted_True,5/5,no,228.64000000000001,217.4,193.5,274.3,32.64326883141454,0.03867111,0.04003054,0.03173041,0.04497564,0.005313791482063442,,,,,
416c53de436a8336898b5be313cb6d3100ba3795,2026-10-03 08:22:18,commit 416c53de43 | peano 22.0.0+0006955e | mlir_aie 1.4.4.dev73+g18ca6c1 | kernels 5726d482c21a | runtime CachedXRTRuntime | xdna 2.21.0_20260625 | xrt 2.21.0 | host docker-runner-6aa540df4097 | device NPU Krackan 1 | pmode default,iron/operators/rms_norm/test.py::test_rms_norm,input_length_2048-num_aie_columns_8-num_channels_1-tile_size_256-weighted_False,5/5,no,181.29999999999998,168.0,148.2,254.5,41.80562163154616,0.046760566,0.0487622,0.03218304,0.05526472,0.00861978552387935,,,,,
416c53de436a8336898b5be313cb6d3100ba3795,2026-10-03 08:22:18,commit 416c53de43 | peano 22.0.0+0006955e | mlir_aie 1.4.4.dev73+g18ca6c1 | kernels 5726d482c21a | runtime CachedXRTRuntime | xdna 2.21.0_20260625 | xrt 2.21.0 | host docker-runner-6aa540df4097 | device NPU Krackan 1 | pmode default,iron/operators/rms_norm/test.py::test_rms_norm,input_length_2048-num_aie_columns_8-num_channels_1-tile_size_256-weighted_True,5/5,no,215.32,198.5,179.2,303.9,50.19653374487126,0.041848796,0.04385616,0.02864223,0.04857929,0.007652089644229868,,,,,
416c53de436a8336898b5be313cb6d3100ba3795,2026-10-03 08:22:18,commit 416c53de43 | peano 22.0.0+0006955e | mlir_aie 1.4.4.dev73+g18ca6c1 | kernels 5726d482c21a | runtime CachedXRTRuntime | xdna 2.21.0_20260625 | xrt 2.21.0 | host docker-runner-6aa540df4097 | device NPU Krackan 1 | pmode default,iron/operators/rms_norm/test.py::test_rms_norm,input_length_2048-num_aie_columns_8-num_channels_2-tile_size_128-weighted_False,5/5,no,223.92,212.0,153.1,315.7,59.001203377558326,0.038599252,0.0386355,0.02595115,0.05349319,0.009915068705360545,,,,,
416c53de436a8336898b5be313cb6d3100ba3795,2026-10-03 08:22:18,commit 416c53de43 | peano 22.0.0+0006955e | mlir_aie 1.4.4.dev73+g18ca6c1 | kernels 5726d482c21a | runtime CachedXRTRuntime | xdna 2.21.0_20260625 | xrt 2.21.0 | host docker-runner-6aa540df4097 | device NPU Krackan 1 | pmode default,iron/operators/rms_norm/test.py::test_rms_norm,input_length_4096-num_aie_columns_1-num_channels_1-tile_size_4096-weighted_False,5/5,no,146.38,146.8,121.9,175.5,19.997924892348202,0.11359482,0.1116388,0.0933806,0.1344141,0.015286249127140383,,,,,
416c53de436a8336898b5be313cb6d3100ba3795,2026-10-03 08:22:18,commit 416c53de43 | peano 22.0.0+0006955e | mlir_aie 1.4.4.dev73+g18ca6c1 | kernels 5726d482c21a | runtime CachedXRTRuntime | xdna 2.21.0_20260625 | xrt 2.21.0 | host docker-runner-6aa540df4097 | device NPU Krackan 1 | pmode default,iron/operators/rms_norm/test.py::test_rms_norm,input_length_4096-num_aie_columns_1-num_channels_1-tile_size_4096-weighted_True,5/5,no,147.42,142.7,130.4,174.7,17.37547121663179,0.16845736,0.1722323,0.140665,0.1885125,0.018603501754992254,,,,,
416c53de436a8336898b5be313cb6d3100ba3795,2026-10-03 08:22:18,commit 416c53de43 | peano 22.0.0+0006955e | mlir_aie 1.4.4.dev73+g18ca6c1 | kernels 5726d482c21a | runtime CachedXRTRuntime | xdna 2.21.0_20260625 | xrt 2.21.0 | host docker-runner-6aa540df4097 | device NPU Krackan 1 | pmode default,iron/operators/rms_norm/test.py::test_rms_norm,input_length_4096-num_aie_columns_1-num_channels_2-tile_size_2048-weighted_False,5/5,no,166.06,158.5,146.6,196.9,19.379705880121094,0.09968284399999999,0.103375,0.08320806,0.1117843,0.010862850947144585,,,,,
416c53de436a8336898b5be313cb6d3100ba3795,2026-10-03 08:22:18,commit 416c53de43 | peano 22.0.0+0006955e | mlir_aie 1.4.4.dev73+g18ca6c1 | kernels 5726d482c21a | runtime CachedXRTRuntime | xdna 2.21.0_20260625 | xrt 2.21.0 | host docker-runner-6aa540df4097 | device NPU Krackan 1 | pmode default,iron/operators/rms_norm/test.py::test_rms_norm,input_length_4096-num_aie_columns_1-num_channels_2-tile_size_2048-weighted_True,5/5,no,188.4,181.6,155.2,216.6,26.63418855531364,0.110478432,0.1127598,0.09456439,0.1319375,0.015796907258462656,,,,,
416c53de436a8336898b5be313cb6d3100ba3795,2026-10-03 08:22:18,commit 416c53de43 | peano 22.0.0+0006955e | mlir_aie 1.4.4.dev73+g18ca6c1 | kernels 5726d482c21a | runtime CachedXRTRuntime | xdna 2.21.0_20260625 | xrt 2.21.0 | host docker-runner-6aa540df4097 | device NPU Krackan 1 | pmode default,iron/operators/rms_norm/test.py::test_rms_norm,input_length_4096-num_aie_columns_2-num_channels_1-tile_size_2048-weighted_False,5/5,no,169.76,173.8,128.7,196.6,24.94780551471412,0.098472668,0.09429043,0.08335199,0.1272593,0.0167645040688077,,,,,
416c53de436a8336898b5be313cb6d3100ba3795,2026-10-03 08:22:18,commit 416c53de43 | peano 22.0.0+0006955e | mlir_aie 1.4.4.dev73+g18ca6c1 | kernels 5726d482c21a | runtime CachedXRTRuntime | xdna 2.21.0_20260625 | xrt 2.21.0 | host docker-runner-6aa540df4097 | device NPU Krackan 1 | pmode default,iron/operators/rms_norm/test.py::test_rms_norm,input_length_4096-num_aie_columns_2-num_channels_1-tile_size_2048-weighted_True,5/5,no,156.54,170.1,125.2,176.0,23.654238520823284,0.13346206,0.120426,0.1163471,0.163594,0.021673497100791094,,,,,
416c53de436a8336898b5be313cb6d3100ba3795,2026-10-03 08:22:18,commit 416c53de43 | peano 22.0.0+0006955e | mlir_aie 1.4.4.dev73+g18ca6c1 | kernels 5726d482c21a | runtime CachedXRTRuntime | xdna 2.21.0_20260625 | xrt 2.21.0 | host docker-runner-6aa540df4097 | device NPU Krackan 1 | pmode default,iron/operators/rms_norm/test.py::test_rms_norm,input_length_4096-num_aie_columns_2-num_channels_2-tile_size_1024-weighted_False,5/5,no,177.48,198.7,134.1,207.0,36.415340174162864,0.095797464,0.08243605,0.07915626,0.1221638,0.021279086093966303,,,,,
416c53de436a8336898b5be313cb6d3100ba3795,2026-10-03 08:22:18,commit 416c53de43 | peano 22.0.0+0006955e | mlir_aie 1.4.4.dev73+g18ca6c1 | kernels 5726d482c21a | runtime CachedXRTRuntime | xdna 2.21.0_20260625 | xrt 2.21.0 | host docker-runner-6aa540df4097 | device NPU Krackan 1 | pmode default,iron/operators/rms_norm/test.py::test_rms_norm,input_length_4096-num_aie_columns_2-num_channels_2-tile_size_1024-weighted_True,5/5,no,157.3,145.3,137.1,188.4,23.032042896799233,0.119106666,0.126867,0.09783543,0.1344224,0.016493684301855667,,,,,
416c53de436a8336898b5be313cb6d3100ba3795,2026-10-03 08:22:18,commit 416c53de43 | peano 22.0.0+0006955e | mlir_aie 1.4.4.dev73+g18ca6c1 | kernels 5726d482c21a | runtime CachedXRTRuntime | xdna 2.21.0_20260625 | xrt 2.21.0 | host docker-runner-6aa540df4097 | device NPU Krackan 1 | pmode default,iron/operators/rms_norm/test.py::test_rms_norm,input_length_4096-num_aie_columns_4-num_channels_1-tile_size_1024-weighted_False,5/5,no,179.29999999999998,167.9,155.6,225.2,27.87319500882523,0.092968618,0.0975941,0.07274729,0.105278,0.012863077464729035,,,,,
416c53de436a8336898b5be313cb6d3100ba3795,2026-10-03 08:22:18,commit 416c53de43 | peano 22.0.0+0006955e | mlir_aie 1.4.4.dev73+g18ca6c1 | kernels 5726d482c21a | runtime CachedXRTRuntime | xdna 2.21.0_20260625 | xrt 2.21.0 | host docker-runner-6aa540df4097 | device NPU Krackan 1 | pmode default,iron/operators/rms_norm/test.py::test_rms_norm,input_length_4096-num_aie_columns_4-num_channels_1-tile_size_1024-weighted_True,5/5,no,148.22,153.9,112.1,178.9,28.220506728264116,0.1282575,0.1197412,0.1030469,0.1643748,0.025900730026391146,,,,,
416c53de436a8336898b5be313cb6d3100ba3795,2026-10-03 08:22:18,commit 416c53de43 | peano 22.0.0+0006955e | mlir_aie 1.4.4.dev73+g18ca6c1 | kernels 5726d482c21a | runtime CachedXRTRuntime | xdna 2.21.0_20260625 | xrt 2.21.0 | host docker-runner-6aa540df4097 | device NPU Krackan 1 | pmode default,iron/operators/rms_norm/test.py::test_rms_norm,input_length_4096-num_aie_columns_4-num_channels_2-tile_size_512-weighted_False,5/5,no,188.34,192.3,138.0,244.8,39.980782883780556,0.090254796,0.08519755,0.06693767,0.1187221,0.019535691966827792,,,,,
416c53de436a8336898b5be313cb6d3100ba3795,2026-10-03 08:22:18,commit 416c53de43 | peano 22.0.0+0006955e | mlir_aie 1.4.4.dev73+g18ca6c1 | kernels 5726d482c21a | runtime CachedXRTRuntime | xdna 2.21.0_20260625 | xrt 2.21.0 | host docker-runner-6aa540df4097 | device NPU Krackan 1 | pmode default,iron/operators/rms_norm/test.py::test_rms_norm,input_length_4096-num_aie_columns_4-num_channels_2-tile_size_512-weighted_True,5/5,no,182.66,172.6,161.1,224.0,24.885497784854536,0.096584248,0.1008528,0.07772608,0.1080397,0.01180035588531634,,,,,
416c53de436a8336898b5be313cb6d3100ba3795,2026-10-03 08:22:18,commit 416c53de43 | peano 22.0.0+0006955e | mlir_aie 1.4.4.dev73+g18ca6c1 | kernels 5726d482c21a | runtime CachedXRTRuntime | xdna 2.21.0_20260625 | xrt 2.21.0 | host docker-runner-6aa540df4097 | device NPU Krackan 1 | pmode default,iron/operators/rms_norm/test.py::test_rms_norm,input_length_4096-num_aie_columns_8-num_channels_1-tile_size_512-weighted_False,5/5,no,191.16,177.9,158.4,232.2,30.359726612734832,0.08739937,0.09210756,0.07056564,0.1034468,0.013366990746185173,,,,,
416c53de436a8336898b5be313cb6d3100ba3795,2026-10-03 08:22:18,commit 416c53de43 | peano 22.0.0+0006955e | mlir_aie 1.4.4.dev73+g18ca6c1 | kernels 5726d482c21a | runtime CachedXRTRuntime | xdna 2.21.0_20260625 | xrt 2.21.0 | host docker-runner-6aa540df4097 | device NPU Krackan 1 | pmode default,iron/operators/rms_norm/test.py::test_rms_norm,input_length_4096-num_aie_columns_8-num_channels_1-tile_size_512-weighted_True,5/5,no,187.52,194.2,147.0,223.0,28.293320766569625,0.094655912,0.0896257,0.07805438,0.1184057,0.015260576279507599,,,,,
416c53de436a8336898b5be313cb6d3100ba3795,2026-10-03 08:22:18,commit 416c53de43 | peano 22.0.0+0006955e | mlir_aie 1.4.4.dev73+g18ca6c1 | kernels 5726d482c21a | runtime CachedXRTRuntime | xdna 2.21.0_20260625 | xrt 2.21.0 | host docker-runner-6aa540df4097 | device NPU Krackan 1 | pmode default,iron/operators/rms_norm/test.py::test_rms_norm,input_length_4096-num_aie_columns_8-num_channels_2-tile_size_256-weighted_False,5/5,no,232.6,207.4,191.6,343.5,63.51287271097097,0.07380142,0.07899139,0.0476996,0.08553202,0.015495481369136293,,,,,
416c53de436a8336898b5be313cb6d3100ba3795,2026-10-03 08:22:18,commit 416c53de43 | peano 22.0.0+0006955e | mlir_aie 1.4.4.dev73+g18ca6c1 | kernels 5726d482c21a | runtime CachedXRTRuntime | xdna 2.21.0_20260625 | xrt 2.21.0 | host docker-runner-6aa540df4097 | device NPU Krackan 1 | pmode default,iron/operators/rms_norm/test.py::test_rms_norm,input_length_8192-num_aie_columns_1-num_channels_1-tile_size_8192-weighted_False,5/5,no,175.84,167.7,125.1,220.1,41.506722347109026,0.19522035999999998,0.1954327,0.1488724,0.2618968,0.047526941424764546,,,,,
416c53de436a8336898b5be313cb6d3100ba3795,2026-10-03 08:22:18,commit 416c53de43 | peano 22.0.0+0006955e | mlir_aie 1.4.4.dev73+g18ca6c1 | kernels 5726d482c21a | runtime CachedXRTRuntime | xdna 2.21.0_20260625 | xrt 2.21.0 | host docker-runner-6aa540df4097 | device NPU Krackan 1 | pmode default,iron/operators/rms_norm/test.py::test_rms_norm,input_length_8192-num_aie_columns_1-num_channels_2-tile_size_4096-weighted_False,5/5,no,170.3,185.9,120.4,192.4,29.564336623709316,0.19828862,0.176226,0.1703242,0.2721843,0.0425376107171289,,,,,
416c53de436a8336898b5be313cb6d3100ba3795,2026-10-03 08:22:18,commit 416c53de43 | peano 22.0.0+0006955e | mlir_aie 1.4.4.dev73+g18ca6c1 | kernels 5726d482c21a | runtime CachedXRTRuntime | xdna 2.21.0_20260625 | xrt 2.21.0 | host docker-runner-6aa540df4097 | device NPU Krackan 1 | pmode default,iron/operators/rms_norm/test.py::test_rms_norm,input_length_8192-num_aie_columns_1-num_channels_2-tile_size_4096-weighted_True,5/5,no,154.42,140.5,132.5,200.4,28.017619456334977,0.27145156000000004,0.291578,0.2043902,0.3091741,0.04298949698453101,,,,,
416c53de436a8336898b5be313cb6d3100ba3795,2026-10-03 08:22:18,commit 416c53de43 | peano 22.0.0+0006955e | mlir_aie 1.4.4.dev73+g18ca6c1 | kernels 5726d482c21a | runtime CachedXRTRuntime | xdna 2.21.0_20260625 | xrt 2.21.0 | host docker-runner-6aa540df4097 | device NPU Krackan 1 | pmode default,iron/operators/rms_norm/test.py::test_rms_norm,input_length_8192-num_aie_columns_2-num_channels_1-tile_size_4096-weighted_False,5/5,no,183.28,180.4,138.1,255.5,45.90949792798871,0.1871292,0.1816076,0.1282329,0.2372567,0.0425422865475047,,,,,
416c53de436a8336898b5be313cb6d3100ba3795,2026-10-03 08:22:18,commit 416c53de43 | peano 22.0.0+0006955e | mlir_aie 1.4.4.dev73+g18ca6c1 | kernels 5726d482c21a | runtime CachedXRTRuntime | xdna 2.21.0_20260625 | xrt 2.21.0 | host docker-runner-6aa540df4097 | device NPU Krackan 1 | pmode default,iron/operators/rms_norm/test.py::test_rms_norm,input_length_8192-num_aie_columns_2-num_channels_1-tile_size_4096-weighted_True,5/5,no,187.84,155.1,138.1,335.5,82.88315872359112,0.24210612,0.2640621,0.1220908,0.2966568,0.06859805627207669,,,,,
416c53de436a8336898b5be313cb6d3100ba3795,2026-10-03 08:22:18,commit 416c53de43 | peano 22.0.0+0006955e | mlir_aie 1.4.4.dev73+g18ca6c1 | kernels 5726d482c21a | runtime CachedXRTRuntime | xdna 2.21.0_20260625 | xrt 2.21.0 | host docker-runner-6aa540df4097 | device NPU Krackan 1 | pmode default,iron/operators/rms_norm/test.py::test_rms_norm,input_length_8192-num_aie_columns_2-num_channels_2-tile_size_2048-weighted_False,5/5,no,170.96,169.5,121.7,232.0,40.22534027202256,0.20018134,0.1933649,0.1412706,0.2691616,0.0465299814920767,,,,,
416c53de436a8336898b5be313cb6d3100ba3795,2026-10-03 08:22:18,commit 416c53de43 | peano 22.0.0+0006955e | mlir_aie 1.4.4.dev73+g18ca6c1 | kernels 5726d482c21a | runtime CachedXRTRuntime | xdna 2.21.0_20260625 | xrt 2.21.0 | host docker-runner-6aa540df4097 | device NPU Krackan 1 | pmode default,iron/operators/rms_norm/test.py::test_rms_norm,input_length_8192-num_aie_columns_2-num_channels_2-tile_size_2048-weighted_True,5/5,no,147.72,153.2,125.7,159.7,13.179036383590413,0.25129958,0.2406251,0.2308429,0.293342,0.024642394617548836,,,,,
416c53de436a8336898b5be313cb6d3100ba3795,2026-10-03 08:22:18,commit 416c53de43 | peano 22.0.0+0006955e | mlir_aie 1.4.4.dev73+g18ca6c1 | kernels 5726d482c21a | runtime CachedXRTRuntime | xdna 2.21.0_20260625 | xrt 2.21.0 | host docker-runner-6aa540df4097 | device NPU Krackan 1 | pmode default,iron/operators/rms_norm/test.py::test_rms_norm,input_length_8192-num_aie_columns_4-num_channels_1-tile_size_2048-weighted_False,5/5,no,171.78,158.0,128.0,230.7,38.60034973934821,0.19817314,0.2074055,0.1420139,0.255974,0.04219409752504489,,,,,
416c53de436a8336898b5be313cb6d3100ba3795,2026-10-03 08:22:18,commit 416c53de43 | peano 22.0.0+0006955e | mlir_aie 1.4.4.dev73+g18ca6c1 | kernels 5726d482c21a | runtime CachedXRTRuntime | xdna 2.21.0_20260625 | xrt 2.21.0 | host docker-runner-6aa540df4097 | device NPU Krackan 1 | pmode default,iron/operators/rms_norm/test.py::test_rms_norm,input_length_8192-num_aie_columns_4-num_channels_1-tile_size_2048-weighted_True,5/5,no,161.32,155.3,130.6,207.2,33.403398030739325,0.236246,0.2373652,0.1779546,0.282314,0.04680209334671901,,,,,
416c53de436a8336898b5be313cb6d3100ba3795,2026-10-03 08:22:18,commit 416c53de43 | peano 22.0.0+0006955e | mlir_aie 1.4.4.dev73+g18ca6c1 | kernels 5726d482c21a | runtime CachedXRTRuntime | xdna 2.21.0_20260625 | xrt 2.21.0 | host docker-runner-6aa540df4097 | device NPU Krackan 1 | pmode default,iron/operators/rms_norm/test.py::test_rms_norm,input_length_8192-num_aie_columns_4-num_channels_2-tile_size_1024-weighted_False,5/5,no,193.3,186.3,153.1,241.3,34.30247804459614,0.17377174,0.1759223,0.1357927,0.2140426,0.03025616849442441,,,,,
416c53de436a8336898b5be313cb6d3100ba3795,2026-10-03 08:22:18,commit 416c53de43 | peano 22.0.0+0006955e | mlir_aie 1.4.4.dev73+g18ca6c1 | kernels 5726d482c21a | runtime CachedXRTRuntime | xdna 2.21.0_20260625 | xrt 2.21.0 | host docker-runner-6aa540df4097 | device NPU Krackan 1 | pmode default,iron/operators/rms_norm/test.py::test_rms_norm,input_length_8192-num_aie_columns_4-num_channels_2-tile_size_1024-weighted_True,5/5,no,171.32,163.4,153.0,191.4,17.251434722944058,0.2048259,0.2130461,0.181898,0.2275095,0.02018112433327241,,,,,
416c53de436a8336898b5be313cb6d3100ba3795,2026-10-03 08:22:18,commit 416c53de43 | peano 22.0.0+0006955e | mlir_aie 1.4.4.dev73+g18ca6c1 | kernels 5726d482c21a | runtime CachedXRTRuntime | xdna 2.21.0_20260625 | xrt 2.21.0 | host docker-runner-6aa540df4097 | device NPU Krackan 1 | pmode default,iron/operators/rms_norm/test.py::test_rms_norm,input_length_8192-num_aie_columns_8-num_channels_1-tile_size_1024-weighted_False,5/5,no,200.98,208.1,156.2,240.8,40.410110121107074,0.1686968,0.1574885,0.1360526,0.2098132,0.03526666049734508,,,,,
416c53de436a8336898b5be313cb6d3100ba3795,2026-10-03 08:22:18,commit 416c53de43 | peano 22.0.0+0006955e | mlir_aie 1.4.4.dev73+g18ca6c1 | kernels 5726d482c21a | runtime CachedXRTRuntime | xdna 2.21.0_20260625 | xrt 2.21.0 | host docker-runner-6aa540df4097 | device NPU Krackan 1 | pmode default,iron/operators/rms_norm/test.py::test_rms_norm,input_length_8192-num_aie_columns_8-num_channels_1-tile_size_1024-weighted_True,5/5,no,219.9,184.4,176.0,336.7,67.46517620224525,0.16781626,0.1888469,0.1033941,0.1978024,0.03902517576402443,,,,,
416c53de436a8336898b5be313cb6d3100ba3795,2026-10-03 08:22:18,commit 416c53de43 | peano 22.0.0+0006955e | mlir_aie 1.4.4.dev73+g18ca6c1 | kernels 5726d482c21a | runtime CachedXRTRuntime | xdna 2.21.0_20260625 | xrt 2.21.0 | host docker-runner-6aa540df4097 | device NPU Krackan 1 | pmode default,iron/operators/rms_norm/test.py::test_rms_norm,input_length_8192-num_aie_columns_8-num_channels_2-tile_size_512-weighted_False,5/5,no,228.78,223.8,192.2,280.2,31.87776654660737,0.1453248,0.1464459,0.1169521,0.1704846,0.019009314312199686,,,,,
416c53de436a8336898b5be313cb6d3100ba3795,2026-10-03 08:22:18,commit 416c53de43 | peano 22.0.0+0006955e | mlir_aie 1.4.4.dev73+g18ca6c1 | kernels 5726d482c21a | runtime CachedXRTRuntime | xdna 2.21.0_20260625 | xrt 2.21.0 | host docker-runner-6aa540df4097 | device NPU Krackan 1 | pmode default,iron/operators/rms_norm/test.py::test_rms_norm,input_length_8388608-num_aie_columns_4-num_channels_2-tile_size_4096-weighted_True,5/5,yes,654.4,669.7,609.6,690.2,32.93410086824903,51.394391999999996,50.11494,48.62866,55.0605,2.636233971922825,,,,,
416c53de436a8336898b5be313cb6d3100ba3795,2026-10-03 08:22:18,commit 416c53de43 | peano 22.0.0+0006955e | mlir_aie 1.4.4.dev73+g18ca6c1 | kernels 5726d482c21a | runtime CachedXRTRuntime | xdna 2.21.0_20260625 | xrt 2.21.0 | host docker-runner-6aa540df4097 | device NPU Krackan 1 | pmode default,iron/operators/rms_norm/test.py::test_rms_norm,input_length_8388608-num_aie_columns_8-num_channels_2-tile_size_4096-weighted_False,5/5,yes,693.2,657.5,643.7,788.4,61.793608083684504,48.696968,51.03413,42.56238,52.12549,4.098610006126467,,,,,
416c53de436a8336898b5be313cb6d3100ba3795,2026-10-03 08:22:18,commit 416c53de43 | peano 22.0.0+0006955e | mlir_aie 1.4.4.dev73+g18ca6c1 | kernels 5726d482c21a | runtime CachedXRTRuntime | xdna 2.21.0_20260625 | xrt 2.21.0 | host docker-runner-6aa540df4097 | device NPU Krackan 1 | pmode default,iron/operators/rope/test.py::test_rope,rows_32-cols_128-angle_rows_16-aie_columns_1-method_type_0,5/5,no,179.84,183.7,123.7,241.2,45.31250379310328,0.120083992,0.1115165,0.08491266,0.1655418,0.031428633364597953,,,,,
416c53de436a8336898b5be313cb6d3100ba3795,2026-10-03 08:22:18,commit 416c53de43 | peano 22.0.0+0006955e | mlir_aie 1.4.4.dev73+g18ca6c1 | kernels 5726d482c21a | runtime CachedXRTRuntime | xdna 2.21.0_20260625 | xrt 2.21.0 | host docker-runner-6aa540df4097 | device NPU Krackan 1 | pmode default,iron/operators/rope/test.py::test_rope,rows_32-cols_128-angle_rows_16-aie_columns_1-method_type_1,5/5,no,165.72,170.9,130.3,192.2,23.15463236590034,0.12572228000000002,0.1198116,0.1065745,0.1571902,0.019335840377832043,,,,,
416c53de436a8336898b5be313cb6d3100ba3795,2026-10-03 08:22:18,commit 416c53de43 | peano 22.0.0+0006955e | mlir_aie 1.4.4.dev73+g18ca6c1 | kernels 5726d482c21a | runtime CachedXRTRuntime | xdna 2.21.0_20260625 | xrt 2.21.0 | host docker-runner-6aa540df4097 | device NPU Krackan 1 | pmode default,iron/operators/rope/test.py::test_rope,rows_32-cols_128-angle_rows_16-aie_columns_2-method_type_0,5/5,no,162.86,151.9,123.9,200.8,31.663591078713736,0.12967006,0.1348087,0.1019809,0.1652599,0.02550050072808375,,,,,
416c53de436a8336898b5be313cb6d3100ba3795,2026-10-03 08:22:18,commit 416c53de43 | peano 22.0.0+0006955e | mlir_aie 1.4.4.dev73+g18ca6c1 | kernels 5726d482c21a | runtime CachedXRTRuntime | xdna 2.21.0_20260625 | xrt 2.21.0 | host docker-runner-6aa540df4097 | device NPU Krackan 1 | pmode default,iron/operators/rope/test.py::test_rope,rows_32-cols_128-angle_rows_16-aie_columns_2-method_type_1,5/5,no,159.18,149.1,143.7,181.4,16.923268005914228,0.12979933999999999,0.1373824,0.1128972,0.1425558,0.013276300743354678,,,,,
416c53de436a8336898b5be313cb6d3100ba3795,2026-10-03 08:22:18,commit 416c53de43 | peano 22.0.0+0006955e | mlir_aie 1.4.4.dev73+g18ca6c1 | kernels 5726d482c21a | runtime CachedXRTRuntime | xdna 2.21.0_20260625 | xrt 2.21.0 | host docker-runner-6aa540df4097 | device NPU Krackan 1 | pmode default,iron/operators/rope/test.py::test_rope,rows_32-cols_128-angle_rows_16-aie_columns_4-method_type_0,5/5,no,185.82,188.9,168.7,208.4,15.883230150067089,0.110852612,0.1084005,0.09827916,0.1213982,0.009317706444223276,,,,,
416c53de436a8336898b5be313cb6d3100ba3795,2026-10-03 08:22:18,commit 416c53de43 | peano 22.0.0+0006955e | mlir_aie 1.4.4.dev73+g18ca6c1 | kernels 5726d482c21a | runtime CachedXRTRuntime | xdna 2.21.0_20260625 | xrt 2.21.0 | host docker-runner-6aa540df4097 | device NPU Krackan 1 | pmode default,iron/operators/rope/test.py::test_rope,rows_32-cols_128-angle_rows_16-aie_columns_4-method_type_1,5/5,no,168.42000000000002,165.0,153.5,187.9,13.08843000516105,0.12216128,0.1241408,0.1089669,0.1333837,0.009241984276496034,,,,,
416c53de436a8336898b5be313cb6d3100ba3795,2026-10-03 08:22:18,commit 416c53de43 | peano 22.0.0+0006955e | mlir_aie 1.4.4.dev73+g18ca6c1 | kernels 5726d482c21a | runtime CachedXRTRuntime | xdna 2.21.0_20260625 | xrt 2.21.0 | host docker-runner-6aa540df4097 | device NPU Krackan 1 | pmode default,iron/operators/rope/test.py::test_rope,rows_32-cols_128-angle_rows_16-aie_columns_8-method_type_0,5/5,no,174.20000000000002,177.3,140.8,202.6,25.45771003055852,0.11969456,0.1155052,0.1010834,0.1454979,0.018271288918218116,,,,,
416c53de436a8336898b5be313cb6d3100ba3795,2026-10-03 08:22:18,commit 416c53de43 | peano 22.0.0+0006955e | mlir_aie 1.4.4.dev73+g18ca6c1 | kernels 5726d482c21a | runtime CachedXRTRuntime | xdna 2.21.0_20260625 | xrt 2.21.0 | host docker-runner-6aa540df4097 | device NPU Krackan 1 | pmode default,iron/operators/rope/test.py::test_rope,rows_32-cols_128-angle_rows_16-aie_columns_8-method_type_1,5/5,no,165.92000000000002,162.8,135.4,208.1,26.80423474005553,0.125898466,0.125814,0.09840193,0.1512924,0.019206399531790957,,,,,
416c53de436a8336898b5be313cb6d3100ba3795,2026-10-03 08:22:18,commit 416c53de43 | peano 22.0.0+0006955e | mlir_aie 1.4.4.dev73+g18ca6c1 | kernels 5726d482c21a | runtime CachedXRTRuntime | xdna 2.21.0_20260625 | xrt 2.21.0 | host docker-runner-6aa540df4097 | device NPU Krackan 1 | pmode default,iron/operators/rope/test.py::test_rope,rows_32-cols_128-angle_rows_32-aie_columns_1-method_type_0,5/5,no,145.9,143.2,130.3,170.6,16.410667262485088,0.17011314,0.1716777,0.1440951,0.1886427,0.018221090207037556,,,,,
416c53de436a8336898b5be313cb6d3100ba3795,2026-10-03 08:22:18,commit 416c53de43 | peano 22.0.0+0006955e | mlir_aie 1.4.4.dev73+g18ca6c1 | kernels 5726d482c21a | runtime CachedXRTRuntime | xdna 2.21.0_20260625 | xrt 2.21.0 | host docker-runner-6aa540df4097 | device NPU Krackan 1 | pmode default,iron/operators/rope/test.py::test_rope,rows_32-cols_128-angle_rows_32-aie_columns_1-method_type_1,5/5,no,136.82,144.0,113.8,151.0,14.836846026025883,0.18147688,0.1707093,0.1627474,0.2158706,0.021365676010765493,,,,,
416c53de436a8336898b5be313cb6d3100ba3795,2026-10-03 08:22:18,commit 416c53de43 | peano 22.0.0+0006955e | mlir_aie 1.4.4.dev73+g18ca6c1 | kernels 5726d482c21a | runtime CachedXRTRuntime | xdna 2.21.0_20260625 | xrt 2.21.0 | host docker-runner-6aa540df4097 | device NPU Krackan 1 | pmode default,iron/operators/rope/test.py::test_rope,rows_32-cols_128-angle_rows_32-aie_columns_2-method_type_0,5/5,no,170.08,161.3,135.1,203.0,30.140869264173524,0.14817786,0.1523743,0.1210485,0.1818868,0.02615748964910432,,,,,
416c53de436a8336898b5be313cb6d3100ba3795,2026-10-03 08:22:18,commit 416c53de43 | peano 22.0.0+0006955e | mlir_aie 1.4.4.dev73+g18ca6c1 | kernels 5726d482c21a | runtime CachedXRTRuntime | xdna 2.21.0_20260625 | xrt 2.21.0 | host docker-runner-6aa540df4097 | device NPU Krackan 1 | pmode default,iron/operators/rope/test.py::test_rope,rows_32-cols_128-angle_rows_32-aie_columns_2-method_type_1,5/5,no,185.92,180.6,152.8,225.5,32.96053701018841,0.13553256,0.1360993,0.1089946,0.1608798,0.02364415517866942,,,,,
416c53de436a8336898b5be313cb6d3100ba3795,2026-10-03 08:22:18,commit 416c53de43 | peano 22.0.0+0006955e | mlir_aie 1.4.4.dev73+g18ca6c1 | kernels 5726d482c21a | runtime CachedXRTRuntime | xdna 2.21.0_20260625 | xrt 2.21.0 | host docker-runner-6aa540df4097 | device NPU Krackan 1 | pmode default,iron/operators/rope/test.py::test_rope,rows_32-cols_128-angle_rows_32-aie_columns_4-method_type_0,5/5,no,160.86,159.3,131.6,190.4,24.845985591237874,0.1557706,0.1543205,0.1290811,0.1866896,0.02423499567485004,,,,,
416c53de436a8336898b5be313cb6d3100ba3795,2026-10-03 08:22:18,commit 416c53de43 | peano 22.0.0+0006955e | mlir_aie 1.4.4.dev73+g18ca6c1 | kernels 5726d482c21a | runtime CachedXRTRuntime | xdna 2.21.0_20260625 | xrt 2.21.0 | host docker-runner-6aa540df4097 | device NPU Krackan 1 | pmode default,iron/operators/rope/test.py::test_rope,rows_32-cols_128-angle_rows_32-aie_columns_4-method_type_1,5/5,no,200.28,192.0,177.3,232.7,22.432498746238675,0.12388706,0.1279693,0.1056115,0.1385758,0.013288090132257532,,,,,
416c53de436a8336898b5be313cb6d3100ba3795,2026-10-03 08:22:18,commit 416c53de43 | peano 22.0.0+0006955e | mlir_aie 1.4.4.dev73+g18ca6c1 | kernels 5726d482c21a | runtime CachedXRTRuntime | xdna 2.21.0_20260625 | xrt 2.21.0 | host docker-runner-6aa540df4097 | device NPU Krackan 1 | pmode default,iron/operators/rope/test.py::test_rope,rows_32-cols_128-angle_rows_32-aie_columns_8-method_type_0,5/5,no,186.2,189.2,162.8,211.1,21.395677133477218,0.1333993,0.1298806,0.1163956,0.1509592,0.01549408424980321,,,,,
416c53de436a8336898b5be313cb6d3100ba3795,2026-10-03 08:22:18,commit 416c53de43 | peano 22.0.0+0006955e | mlir_aie 1.4.4.dev73+g18ca6c1 | kernels 5726d482c21a | runtime CachedXRTRuntime | xdna 2.21.0_20260625 | xrt 2.21.0 | host docker-runner-6aa540df4097 | device NPU Krackan 1 | pmode default,iron/operators/rope/test.py::test_rope,rows_32-cols_128-angle_rows_32-aie_columns_8-method_type_1,5/5,no,175.68,163.3,131.1,211.3,34.48103826743041,0.1444668,0.150496,0.1162915,0.1874614,0.029473034840426595,,,,,
416c53de436a8336898b5be313cb6d3100ba3795,2026-10-03 08:22:18,commit 416c53de43 | peano 22.0.0+0006955e | mlir_aie 1.4.4.dev73+g18ca6c1 | kernels 5726d482c21a | runtime CachedXRTRuntime | xdna 2.21.0_20260625 | xrt 2.21.0 | host docker-runner-6aa540df4097 | device NPU Krackan 1 | pmode default,iron/operators/rope/test.py::test_rope,rows_32-cols_128-angle_rows_8-aie_columns_1-method_type_0,5/5,no,162.76000000000002,162.4,124.9,206.3,31.097716958001918,0.116615048,0.1135192,0.08936164,0.1476012,0.022301419766900935,,,,,
416c53de436a8336898b5be313cb6d3100ba3795,2026-10-03 08:22:18,commit 416c53de43 | peano 22.0.0+0006955e | mlir_aie 1.4.4.dev73+g18ca6c1 | kernels 5726d482c21a | runtime CachedXRTRuntime | xdna 2.21.0_20260625 | xrt 2.21.0 | host docker-runner-6aa540df4097 | device NPU Krackan 1 | pmode default,iron/operators/rope/test.py::test_rope,rows_32-cols_128-angle_rows_8-aie_columns_1-method_type_1,5/5,no,175.06,185.4,133.8,191.6,23.70586425338675,0.107168562,0.09941051,0.09621347,0.1377733,0.017367053903963387,,,,,
416c53de436a8336898b5be313cb6d3100ba3795,2026-10-03 08:22:18,commit 416c53de43 | peano 22.0.0+0006955e | mlir_aie 1.4.4.dev73+g18ca6c1 | kernels 5726d482c21a | runtime CachedXRTRuntime | xdna 2.21.0_20260625 | xrt 2.21.0 | host docker-runner-6aa540df4097 | device NPU Krackan 1 | pmode default,iron/operators/rope/test.py::test_rope,rows_32-cols_128-angle_rows_8-aie_columns_2-method_type_0,5/5,no,165.64000000000001,177.4,134.6,188.8,24.566298052413195,0.113376256,0.1039078,0.09763798,0.1369228,0.017795141774110148,,,,,
416c53de436a8336898b5be313cb6d3100ba3795,2026-10-03 08:22:18,commit 416c53de43 | peano 22.0.0+0006955e | mlir_aie 1.4.4.dev73+g18ca6c1 | kernels 5726d482c21a | runtime CachedXRTRuntime | xdna 2.21.0_20260625 | xrt 2.21.0 | host docker-runner-6aa540df4097 | device NPU Krackan 1 | pmode default,iron/operators/rope/test.py::test_rope,rows_32-cols_128-angle_rows_8-aie_columns_2-method_type_1,5/5,no,164.5,157.1,142.5,194.8,21.325219811293863,0.113507794,0.117328,0.09461527,0.1293737,0.01409491133220355,,,,,
416c53de436a8336898b5be313cb6d3100ba3795,2026-10-03 08:22:18,commit 416c53de43 | peano 22.0.0+0006955e | mlir_aie 1.4.4.dev73+g18ca6c1 | kernels 5726d482c21a | runtime CachedXRTRuntime | xdna 2.21.0_20260625 | xrt 2.21.0 | host docker-runner-6aa540df4097 | device NPU Krackan 1 | pmode default,iron/operators/rope/test.py::test_rope,rows_32-cols_128-angle_rows_8-aie_columns_4-method_type_0,5/5,no,162.24,158.3,144.3,186.4,15.855535311051469,0.114446698,0.1164658,0.09887139,0.1277038,0.010776413503875953,,,,,
416c53de436a8336898b5be313cb6d3100ba3795,2026-10-03 08:22:18,commit 416c53de43 | peano 22.0.0+0006955e | mlir_aie 1.4.4.dev73+g18ca6c1 | kernels 5726d482c21a | runtime CachedXRTRuntime | xdna 2.21.0_20260625 | xrt 2.21.0 | host docker-runner-6aa540df4097 | device NPU Krackan 1 | pmode default,iron/operators/rope/test.py::test_rope,rows_32-cols_128-angle_rows_8-aie_columns_4-method_type_1,5/5,no,174.38,168.5,156.8,210.3,20.94485617043001,0.106795218,0.1093757,0.08762539,0.11756,0.011462390710760125,,,,,
416c53de436a8336898b5be313cb6d3100ba3795,2026-10-03 08:22:18,commit 416c53de43 | peano 22.0.0+0006955e | mlir_aie 1.4.4.dev73+g18ca6c1 | kernels 5726d482c21a | runtime CachedXRTRuntime | xdna 2.21.0_20260625 | xrt 2.21.0 | host docker-runner-6aa540df4097 | device NPU Krackan 1 | pmode default,iron/operators/rope/test.py::test_rope,rows_32-cols_128-angle_rows_8-aie_columns_8-method_type_0,5/5,no,167.1,178.4,115.1,198.7,31.693295821040763,0.114294652,0.1033016,0.09276856,0.1600848,0.026581426831709394,,,,,
416c53de436a8336898b5be313cb6d3100ba3795,2026-10-03 08:22:18,commit 416c53de43 | peano 22.0.0+0006955e | mlir_aie 1.4.4.dev73+g18ca6c1 | kernels 5726d482c21a | runtime CachedXRTRuntime | xdna 2.21.0_20260625 | xrt 2.21.0 | host docker-runner-6aa540df4097 | device NPU Krackan 1 | pmode default,iron/operators/rope/test.py::test_rope,rows_32-cols_128-angle_rows_8-aie_columns_8-method_type_1,5/5,no,191.35999999999999,187.6,160.6,222.5,25.57602392867195,0.097717314,0.09824846,0.08283933,0.1147446,0.013085419505884405,,,,,
416c53de436a8336898b5be313cb6d3100ba3795,2026-10-03 08:22:18,commit 416c53de43 | peano 22.0.0+0006955e | mlir_aie 1.4.4.dev73+g18ca6c1 | kernels 5726d482c21a | runtime CachedXRTRuntime | xdna 2.21.0_20260625 | xrt 2.21.0 | host docker-runner-6aa540df4097 | device NPU Krackan 1 | pmode default,iron/operators/rope/test.py::test_rope,rows_32-cols_512-angle_rows_32-aie_columns_1-method_type_0,5/5,no,181.84,182.6,134.1,272.5,55.92604938666775,0.57741356,0.5383335,0.3606983,0.7332563,0.15335380448211253,,,,,
416c53de436a8336898b5be313cb6d3100ba3795,2026-10-03 08:22:18,commit 416c53de43 | peano 22.0.0+0006955e | mlir_aie 1.4.4.dev73+g18ca6c1 | kernels 5726d482c21a | runtime CachedXRTRuntime | xdna 2.21.0_20260625 | xrt 2.21.0 | host docker-runner-6aa540df4097 | device NPU Krackan 1 | pmode default,iron/operators/rope/test.py::test_rope,rows_32-cols_512-angle_rows_32-aie_columns_2-method_type_0,5/5,no,167.64000000000001,150.0,125.4,215.4,43.23271909098478,0.61744926,0.6554255,0.4564636,0.7836235,0.15131816747972796,,,,,
416c53de436a8336898b5be313cb6d3100ba3795,2026-10-03 08:22:18,commit 416c53de43 | peano 22.0.0+0006955e | mlir_aie 1.4.4.dev73+g18ca6c1 | kernels 5726d482c21a | runtime CachedXRTRuntime | xdna 2.21.0_20260625 | xrt 2.21.0 | host docker-runner-6aa540df4097 | device NPU Krackan 1 | pmode default,iron/operators/rope/test.py::test_rope,rows_32-cols_512-angle_rows_32-aie_columns_4-method_type_0,5/5,no,162.78,174.9,134.5,181.6,22.828206237021778,0.61407788,0.5620519,0.5412471,0.7307435,0.09097787801499878,,,,,
416c53de436a8336898b5be313cb6d3100ba3795,2026-10-03 08:22:18,commit 416c53de43 | peano 22.0.0+0006955e | mlir_aie 1.4.4.dev73+g18ca6c1 | kernels 5726d482c21a | runtime CachedXRTRuntime | xdna 2.21.0_20260625 | xrt 2.21.0 | host docker-runner-6aa540df4097 | device NPU Krackan 1 | pmode default,iron/operators/rope/test.py::test_rope,rows_32-cols_512-angle_rows_32-aie_columns_8-method_type_0,5/5,no,172.5,175.1,137.6,213.4,32.460514475282125,0.58641606,0.5614067,0.4606647,0.7142006,0.11086625716083771,,,,,
416c53de436a8336898b5be313cb6d3100ba3795,2026-10-03 08:22:18,commit 416c53de43 | peano 22.0.0+0006955e | mlir_aie 1.4.4.dev73+g18ca6c1 | kernels 5726d482c21a | runtime CachedXRTRuntime | xdna 2.21.0_20260625 | xrt 2.21.0 | host docker-runner-6aa540df4097 | device NPU Krackan 1 | pmode default,iron/operators/rope/test.py::test_rope,rows_32-cols_512-angle_rows_8-aie_columns_1-method_type_0,5/5,no,152.62,138.4,126.1,211.1,34.37654723790625,0.49968692000000003,0.5327437,0.3492712,0.5845861,0.09301391112423453,,,,,
416c53de436a8336898b5be313cb6d3100ba3795,2026-10-03 08:22:18,commit 416c53de43 | peano 22.0.0+0006955e | mlir_aie 1.4.4.dev73+g18ca6c1 | kernels 5726d482c21a | runtime CachedXRTRuntime | xdna 2.21.0_20260625 | xrt 2.21.0 | host docker-runner-6aa540df4097 | device NPU Krackan 1 | pmode default,iron/operators/rope/test.py::test_rope,rows_32-cols_512-angle_rows_8-aie_columns_2-method_type_0,5/5,no,148.42,148.4,122.3,179.2,20.438003816420036,0.50419552,0.4969098,0.4114492,0.6028849,0.06848002567776239,,,,,
416c53de436a8336898b5be313cb6d3100ba3795,2026-10-03 08:22:18,commit 416c53de43 | peano 22.0.0+0006955e | mlir_aie 1.4.4.dev73+g18ca6c1 | kernels 5726d482c21a | runtime CachedXRTRuntime | xdna 2.21.0_20260625 | xrt 2.21.0 | host docker-runner-6aa540df4097 | device NPU Krackan 1 | pmode default,iron/operators/rope/test.py::test_rope,rows_32-cols_512-angle_rows_8-aie_columns_4-method_type_0,5/5,no,169.12,185.3,133.6,195.2,28.396249752388076,0.44666778,0.3979446,0.3777223,0.5517159,0.08013523946153153,,,,,
416c53de436a8336898b5be313cb6d3100ba3795,2026-10-03 08:22:18,commit 416c53de43 | peano 22.0.0+0006955e | mlir_aie 1.4.4.dev73+g18ca6c1 | kernels 5726d482c21a | runtime CachedXRTRuntime | xdna 2.21.0_20260625 | xrt 2.21.0 | host docker-runner-6aa540df4097 | device NPU Krackan 1 | pmode default,iron/operators/rope/test.py::test_rope,rows_32-cols_512-angle_rows_8-aie_columns_8-method_type_0,5/5,no,192.0,191.3,163.4,223.1,23.81060688012802,0.38877456,0.3854978,0.3305092,0.4512946,0.0482153225730991,,,,,
416c53de436a8336898b5be313cb6d3100ba3795,2026-10-03 08:22:18,commit 416c53de43 | peano 22.0.0+0006955e | mlir_aie 1.4.4.dev73+g18ca6c1 | kernels 5726d482c21a | runtime CachedXRTRuntime | xdna 2.21.0_20260625 | xrt 2.21.0 | host docker-runner-6aa540df4097 | device NPU Krackan 1 | pmode default,iron/operators/rope/test.py::test_rope,rows_4096-cols_512-angle_rows_8-aie_columns_8-method_type_0,5/5,yes,313.3,319.9,278.9,355.3,29.607684813237263,26.991002,26.24755,23.63458,30.10242,2.5158112134101,,,,,
416c53de436a8336898b5be313cb6d3100ba3795,2026-10-03 08:22:18,commit 416c53de43 | peano 22.0.0+0006955e | mlir_aie 1.4.4.dev73+g18ca6c1 | kernels 5726d482c21a | runtime CachedXRTRuntime | xdna 2.21.0_20260625 | xrt 2.21.0 | host docker-runner-6aa540df4097 | device NPU Krackan 1 | pmode default,iron/operators/rope/test.py::test_rope,rows_64-cols_128-angle_rows_16-aie_columns_1-method_type_0,5/5,no,138.52,138.3,118.7,151.6,13.794636638926015,0.26833586,0.266603,0.2431694,0.3104991,0.02791747648773075,,,,,
416c53de436a8336898b5be313cb6d3100ba3795,2026-10-03 08:22:18,commit 416c53de43 | peano 22.0.0+0006955e | mlir_aie 1.4.4.dev73+g18ca6c1 | kernels 5726d482c21a | runtime CachedXRTRuntime | xdna 2.21.0_20260625 | xrt 2.21.0 | host docker-runner-6aa540df4097 | device NPU Krackan 1 | pmode default,iron/operators/rope/test.py::test_rope,rows_64-cols_128-angle_rows_16-aie_columns_1-method_type_1,5/5,no,129.48,128.2,116.9,141.9,9.00011111042525,0.28584655999999997,0.2876113,0.2598435,0.315368,0.020047650436223186,,,,,
416c53de436a8336898b5be313cb6d3100ba3795,2026-10-03 08:22:18,commit 416c53de43 | peano 22.0.0+0006955e | mlir_aie 1.4.4.dev73+g18ca6c1 | kernels 5726d482c21a | runtime CachedXRTRuntime | xdna 2.21.0_20260625 | xrt 2.21.0 | host docker-runner-6aa540df4097 | device NPU Krackan 1 | pmode default,iron/operators/rope/test.py::test_rope,rows_64-cols_128-angle_rows_16-aie_columns_2-method_type_0,5/5,no,165.22,151.0,128.9,232.0,41.090169140562075,0.23285967999999999,0.2441373,0.1589301,0.2858893,0.049791809435307734,,,,,
416c53de436a8336898b5be313cb6d3100ba3795,2026-10-03 08:22:18,commit 416c53de43 | peano 22.0.0+0006955e | mlir_aie 1.4.4.dev73+g18ca6c1 | kernels 5726d482c21a | runtime CachedXRTRuntime | xdna 2.21.0_20260625 | xrt 2.21.0 | host docker-runner-6aa540df4097 | device NPU Krackan 1 | pmode default,iron/operators/rope/test.py::test_rope,rows_64-cols_128-angle_rows_16-aie_columns_2-method_type_1,5/5,no,172.44,168.1,139.9,208.1,24.61337035027913,0.21730512,0.2192719,0.177115,0.2635477,0.03123228901436781,,,,,
416c53de436a8336898b5be313cb6d3100ba3795,2026-10-03 08:22:18,commit 416c53de43 | peano 22.0.0+0006955e | mlir_aie 1.4.4.dev73+g18ca6c1 | kernels 5726d482c21a | runtime CachedXRTRuntime | xdna 2.21.0_20260625 | xrt 2.21.0 | host docker-runner-6aa540df4097 | device NPU Krackan 1 | pmode default,iron/operators/rope/test.py::test_rope,rows_64-cols_128-angle_rows_16-aie_columns_4-method_type_0,5/5,no,190.62,197.0,148.4,211.3,24.77694492870338,0.19650508,0.1871136,0.1745033,0.2484566,0.02984328314138711,,,,,
416c53de436a8336898b5be313cb6d3100ba3795,2026-10-03 08:22:18,commit 416c53de43 | peano 22.0.0+0006955e | mlir_aie 1.4.4.dev73+g18ca6c1 | kernels 5726d482c21a | runtime CachedXRTRuntime | xdna 2.21.0_20260625 | xrt 2.21.0 | host docker-runner-6aa540df4097 | device NPU Krackan 1 | pmode default,iron/operators/rope/test.py::test_rope,rows_64-cols_128-angle_rows_16-aie_columns_4-method_type_1,5/5,no,180.5,178.5,124.9,224.1,37.50233326074525,0.2124848,0.2064747,0.1645083,0.2952261,0.05046827584384075,,,,,
416c53de436a8336898b5be313cb6d3100ba3795,2026-10-03 08:22:18,commit 416c53de43 | peano 22.0.0+0006955e | mlir_aie 1.4.4.dev73+g18ca6c1 | kernels 5726d482c21a | runtime CachedXRTRuntime | xdna 2.21.0_20260625 | xrt 2.21.0 | host docker-runner-6aa540df4097 | device NPU Krackan 1 | pmode default,iron/operators/rope/test.py::test_rope,rows_64-cols_128-angle_rows_16-aie_columns_8-method_type_0,5/5,no,184.92,165.9,155.5,245.3,37.574752161524636,0.20523024,0.2222396,0.1502709,0.2371041,0.036385324148590456,,,,,
416c53de436a8336898b5be313cb6d3100ba3795,2026-10-03 08:22:18,commit 416c53de43 | peano 22.0.0+0006955e | mlir_aie 1.4.4.dev73+g18ca6c1 | kernels 5726d482c21a | runtime CachedXRTRuntime | xdna 2.21.0_20260625 | xrt 2.21.0 | host docker-runner-6aa540df4097 | device NPU Krackan 1 | pmode default,iron/operators/rope/test.py::test_rope,rows_64-cols_128-angle_rows_16-aie_columns_8-method_type_1,5/5,no,174.12,167.1,158.1,209.7,21.213957669421326,0.21403584,0.2206527,0.1757697,0.2332426,0.02351721406189517,,,,,
416c53de436a8336898b5be313cb6d3100ba3795,2026-10-03 08:22:18,commit 416c53de43 | peano 22.0.0+0006955e | mlir_aie 1.4.4.dev73+g18ca6c1 | kernels 5726d482c21a | runtime CachedXRTRuntime | xdna 2.21.0_20260625 | xrt 2.21.0 | host docker-runner-6aa540df4097 | device NPU Krackan 1 | pmode default,iron/operators/rope/test.py::test_rope,rows_64-cols_128-angle_rows_32-aie_columns_1-method_type_0,5/5,no,151.52,152.2,131.6,177.0,19.861822675676066,0.27404328,0.2691549,0.2313654,0.3112226,0.03565541925285692,,,,,
416c53de436a8336898b5be313cb6d3100ba3795,2026-10-03 08:22:18,commit 416c53de43 | peano 22.0.0+0006955e | mlir_aie 1.4.4.dev73+g18ca6c1 | kernels 5726d482c21a | runtime CachedXRTRuntime | xdna 2.21.0_20260625 | xrt 2.21.0 | host docker-runner-6aa540df4097 | device NPU Krackan 1 | pmode default,iron/operators/rope/test.py::test_rope,rows_64-cols_128-angle_rows_32-aie_columns_1-method_type_1,5/5,no,169.07999999999998,169.6,133.7,209.9,27.278874610218075,0.24733565999999998,0.2415194,0.1951136,0.30644,0.039827852423875425,,,,,
416c53de436a8336898b5be313cb6d3100ba3795,2026-10-03 08:22:18,commit 416c53de43 | peano 22.0.0+0006955e | mlir_aie 1.4.4.dev73+g18ca6c1 | kernels 5726d482c21a | runtime CachedXRTRuntime | xdna 2.21.0_20260625 | xrt 2.21.0 | host docker-runner-6aa540df4097 | device NPU Krackan 1 | pmode default,iron/operators/rope/test.py::test_rope,rows_64-cols_128-angle_rows_32-aie_columns_2-method_type_0,5/5,no,175.5,181.0,154.3,192.0,15.208878985645189,0.23482682,0.2262558,0.2133833,0.2653829,0.02108667185586667,,,,,
416c53de436a8336898b5be313cb6d3100ba3795,2026-10-03 08:22:18,commit 416c53de43 | peano 22.0.0+0006955e | mlir_aie 1.4.4.dev73+g18ca6c1 | kernels 5726d482c21a | runtime CachedXRTRuntime | xdna 2.21.0_20260625 | xrt 2.21.0 | host docker-runner-6aa540df4097 | device NPU Krackan 1 | pmode default,iron/operators/rope/test.py::test_rope,rows_64-cols_128-angle_rows_32-aie_columns_2-method_type_1,5/5,no,166.04,163.2,149.1,196.9,18.99494669642429,0.24912368000000001,0.2510573,0.2080624,0.2747463,0.026375446026977438,,,,,
416c53de436a8336898b5be313cb6d3100ba3795,2026-10-03 08:22:18,commit 416c53de43 | peano 22.0.0+0006955e | mlir_aie 1.4.4.dev73+g18ca6c1 | kernels 5726d482c21a | runtime CachedXRTRuntime | xdna 2.21.0_20260625 | xrt 2.21.0 | host docker-runner-6aa540df4097 | device NPU Krackan 1 | pmode default,iron/operators/rope/test.py::test_rope,rows_64-cols_128-angle_rows_32-aie_columns_4-method_type_0,5/5,no,185.24,189.1,132.9,227.6,34.2051604293855,0.2281254,0.2165706,0.1799783,0.3083107,0.04806648605790732,,,,,
416c53de436a8336898b5be313cb6d3100ba3795,2026-10-03 08:22:18,commit 416c53de43 | peano 22.0.0+0006955e | mlir_aie 1.4.4.dev73+g18ca6c1 | kernels 5726d482c21a | runtime CachedXRTRuntime | xdna 2.21.0_20260625 | xrt 2.21.0 | host docker-runner-6aa540df4097 | device NPU Krackan 1 | pmode default,iron/operators/rope/test.py::test_rope,rows_64-cols_128-angle_rows_32-aie_columns_4-method_type_1,5/5,no,167.22,180.6,132.2,194.6,30.92203098116293,0.2522339,0.2267707,0.2105371,0.3097375,0.04945597413483026,,,,,
416c53de436a8336898b5be313cb6d3100ba3795,2026-10-03 08:22:18,commit 416c53de43 | peano 22.0.0+0006955e | mlir_aie 1.4.4.dev73+g18ca6c1 | kernels 5726d482c21a | runtime CachedXRTRuntime | xdna 2.21.0_20260625 | xrt 2.21.0 | host docker-runner-6aa540df4097 | device NPU Krackan 1 | pmode default,iron/operators/rope/test.py::test_rope,rows_64-cols_128-angle_rows_32-aie_columns_8-method_type_0,5/5,no,187.74,189.7,155.3,223.2,30.60413370771994,0.222914,0.2159074,0.183492,0.2637034,0.03671510693794857,,,,,
416c53de436a8336898b5be313cb6d3100ba3795,2026-10-03 08:22:18,commit 416c53de43 | peano 22.0.0+0006955e | mlir_aie 1.4.4.dev73+g18ca6c1 | kernels 5726d482c21a | runtime CachedXRTRuntime | xdna 2.21.0_20260625 | xrt 2.21.0 | host docker-runner-6aa540df4097 | device NPU Krackan 1 | pmode default,iron/operators/rope/test.py::test_rope,rows_64-cols_128-angle_rows_32-aie_columns_8-method_type_1,5/5,no,208.54,196.1,173.3,292.6,49.1403398441647,0.20376966,0.2088805,0.1399643,0.2363954,0.03936434001584428,,,,,
416c53de436a8336898b5be313cb6d3100ba3795,2026-10-03 08:22:18,commit 416c53de43 | peano 22.0.0+0006955e | mlir_aie 1.4.4.dev73+g18ca6c1 | kernels 5726d482c21a | runtime CachedXRTRuntime | xdna 2.21.0_20260625 | xrt 2.21.0 | host docker-runner-6aa540df4097 | device NPU Krackan 1 | pmode default,iron/operators/rope/test.py::test_rope,rows_64-cols_128-angle_rows_8-aie_columns_1-method_type_0,5/5,no,167.98,173.7,131.4,219.0,36.20872822953051,0.21501467999999999,0.2004722,0.1589873,0.2650426,0.04538631532540398,,,,,
416c53de436a8336898b5be313cb6d3100ba3795,2026-10-03 08:22:18,commit 416c53de43 | peano 22.0.0+0006955e | mlir_aie 1.4.4.dev73+g18ca6c1 | kernels 5726d482c21a | runtime CachedXRTRuntime | xdna 2.21.0_20260625 | xrt 2.21.0 | host docker-runner-6aa540df4097 | device NPU Krackan 1 | pmode default,iron/operators/rope/test.py::test_rope,rows_64-cols_128-angle_rows_8-aie_columns_1-method_type_1,5/5,no,157.76,136.1,126.5,226.9,41.05445164656325,0.23077064,0.2558702,0.1534752,0.2751818,0.04887607472673106,,,,,
416c53de436a8336898b5be313cb6d3100ba3795,2026-10-03 08:22:18,commit 416c53de43 | peano 22.0.0+0006955e | mlir_aie 1.4.4.dev73+g18ca6c1 | kernels 5726d482c21a | runtime CachedXRTRuntime | xdna 2.21.0_20260625 | xrt 2.21.0 | host docker-runner-6aa540df4097 | device NPU Krackan 1 | pmode default,iron/operators/rope/test.py::test_rope,rows_64-cols_128-angle_rows_8-aie_columns_2-method_type_0,5/5,no,168.84,181.4,128.6,201.7,29.037269155345857,0.21155997999999998,0.1918818,0.1726017,0.2706362,0.039401903994185354,,,,,
416c53de436a8336898b5be313cb6d3100ba3795,2026-10-03 08:22:18,commit 416c53de43 | peano 22.0.0+0006955e | mlir_aie 1.4.4.dev73+g18ca6c1 | kernels 5726d482c21a | runtime CachedXRTRuntime | xdna 2.21.0_20260625 | xrt 2.21.0 | host docker-runner-6aa540df4097 | device NPU Krackan 1 | pmode default,iron/operators/rope/test.py::test_rope,rows_64-cols_128-angle_rows_8-aie_columns_2-method_type_1,5/5,no,174.0,161.8,131.2,235.5,41.179788731852426,0.20865274,0.2152364,0.1478148,0.2653881,0.045935913351298464,,,,,
416c53de436a8336898b5be313cb6d3100ba3795,2026-10-03 08:22:18,commit 416c53de43 | peano 22.0.0+0006955e | mlir_aie 1.4.4.dev73+g18ca6c1 | kernels 5726d482c21a | runtime CachedXRTRuntime | xdna 2.21.0_20260625 | xrt 2.21.0 | host docker-runner-6aa540df4097 | device NPU Krackan 1 | pmode default,iron/operators/rope/test.py::test_rope,rows_64-cols_128-angle_rows_8-aie_columns_4-method_type_0,5/5,no,179.74,177.2,145.4,222.5,27.875939446052755,0.19734636,0.1965152,0.1564743,0.2393724,0.02971699464133276,,,,,
416c53de436a8336898b5be313cb6d3100ba3795,2026-10-03 08:22:18,commit 416c53de43 | peano 22.0.0+0006955e | mlir_aie 1.4.4.dev73+g18ca6c1 | kernels 5726d482c21a | runtime CachedXRTRuntime | xdna 2.21.0_20260625 | xrt 2.21.0 | host docker-runner-6aa540df4097 | device NPU Krackan 1 | pmode default,iron/operators/rope/test.py::test_rope,rows_64-cols_128-angle_rows_8-aie_columns_4-method_type_1,5/5,no,200.88,217.0,134.3,242.5,42.061110303937525,0.18098348,0.160455,0.1435824,0.2592502,0.04630174121144905,,,,,
416c53de436a8336898b5be313cb6d3100ba3795,2026-10-03 08:22:18,commit 416c53de43 | peano 22.0.0+0006955e | mlir_aie 1.4.4.dev73+g18ca6c1 | kernels 5726d482c21a | runtime CachedXRTRuntime | xdna 2.21.0_20260625 | xrt 2.21.0 | host docker-runner-6aa540df4097 | device NPU Krackan 1 | pmode default,iron/operators/rope/test.py::test_rope,rows_64-cols_128-angle_rows_8-aie_columns_8-method_type_0,5/5,no,171.44,165.0,137.6,225.2,33.105633961608405,0.20864478,0.2109894,0.1546155,0.253095,0.036357281319798936,,,,,
416c53de436a8336898b5be313cb6d3100ba3795,2026-10-03 08:22:18,commit 416c53de43 | peano 22.0.0+0006955e | mlir_aie 1.4.4.dev73+g18ca6c1 | kernels 5726d482c21a | runtime CachedXRTRuntime | xdna 2.21.0_20260625 | xrt 2.21.0 | host docker-runner-6aa540df4097 | device NPU Krackan 1 | pmode default,iron/operators/rope/test.py::test_rope,rows_64-cols_128-angle_rows_8-aie_columns_8-method_type_1,5/5,no,196.04,188.6,179.5,240.2,25.265846512634397,0.17965834,0.1846043,0.1449356,0.1939383,0.020162994439641153,,,,,
416c53de436a8336898b5be313cb6d3100ba3795,2026-10-03 08:22:18,commit 416c53de43 | peano 22.0.0+0006955e | mlir_aie 1.4.4.dev73+g18ca6c1 | kernels 5726d482c21a | runtime CachedXRTRuntime | xdna 2.21.0_20260625 | xrt 2.21.0 | host docker-runner-6aa540df4097 | device NPU Krackan 1 | pmode default,iron/operators/sigmoid/test.py::test_sigmoid,input_length_1024-num_aie_columns_1-num_channels_1-tile_size_1024,5/5,no,163.02,160.2,127.5,198.0,26.46435338337213,0.025681164,0.02557379,0.02069032,0.03213003,0.004312200883085108,,,,,
416c53de436a8336898b5be313cb6d3100ba3795,2026-10-03 08:22:18,commit 416c53de43 | peano 22.0.0+0006955e | mlir_aie 1.4.4.dev73+g18ca6c1 | kernels 5726d482c21a | runtime CachedXRTRuntime | xdna 2.21.0_20260625 | xrt 2.21.0 | host docker-runner-6aa540df4097 | device NPU Krackan 1 | pmode default,iron/operators/sigmoid/test.py::test_sigmoid,input_length_1024-num_aie_columns_1-num_channels_2-tile_size_512,5/5,no,172.12,179.7,129.7,189.4,24.047182787179047,0.024260354,0.02279722,0.02162733,0.03159104,0.004126140285682251,,,,,
416c53de436a8336898b5be313cb6d3100ba3795,2026-10-03 08:22:18,commit 416c53de43 | peano 22.0.0+0006955e | mlir_aie 1.4.4.dev73+g18ca6c1 | kernels 5726d482c21a | runtime CachedXRTRuntime | xdna 2.21.0_20260625 | xrt 2.21.0 | host docker-runner-6aa540df4097 | device NPU Krackan 1 | pmode default,iron/operators/sigmoid/test.py::test_sigmoid,input_length_1024-num_aie_columns_2-num_channels_1-tile_size_512,5/5,no,175.2,167.5,165.5,206.6,17.68374960238919,0.023549684,0.02445534,0.01982162,0.02475149,0.0021069844903154836,,,,,
416c53de436a8336898b5be313cb6d3100ba3795,2026-10-03 08:22:18,commit 416c53de43 | peano 22.0.0+0006955e | mlir_aie 1.4.4.dev73+g18ca6c1 | kernels 5726d482c21a | runtime CachedXRTRuntime | xdna 2.21.0_20260625 | xrt 2.21.0 | host docker-runner-6aa540df4097 | device NPU Krackan 1 | pmode default,iron/operators/sigmoid/test.py::test_sigmoid,input_length_1024-num_aie_columns_2-num_channels_2-tile_size_256,5/5,no,175.29999999999998,175.0,140.6,197.7,21.682596707959128,0.023683126,0.0234001,0.02071344,0.0291267,0.003256083388164375,,,,,
416c53de436a8336898b5be313cb6d3100ba3795,2026-10-03 08:22:18,commit 416c53de43 | peano 22.0.0+0006955e | mlir_aie 1.4.4.dev73+g18ca6c1 | kernels 5726d482c21a | runtime CachedXRTRuntime | xdna 2.21.0_20260625 | xrt 2.21.0 | host docker-runner-6aa540df4097 | device NPU Krackan 1 | pmode default,iron/operators/sigmoid/test.py::test_sigmoid,input_length_1024-num_aie_columns_4-num_channels_1-tile_size_256,5/5,no,153.16,152.2,126.0,173.9,17.64208037619147,0.027052376,0.02691213,0.0235577,0.03252084,0.0033611128854785593,,,,,
416c53de436a8336898b5be313cb6d3100ba3795,2026-10-03 08:22:18,commit 416c53de43 | peano 22.0.0+0006955e | mlir_aie 1.4.4.dev73+g18ca6c1 | kernels 5726d482c21a | runtime CachedXRTRuntime | xdna 2.21.0_20260625 | xrt 2.21.0 | host docker-runner-6aa540df4097 | device NPU Krackan 1 | pmode default,iron/operators/sigmoid/test.py::test_sigmoid,input_length_1024-num_aie_columns_4-num_channels_2-tile_size_128,5/5,no,177.18,191.3,119.4,203.5,34.828967828518834,0.024041086,0.02141095,0.02012707,0.03429423,0.005936232887790034,,,,,
416c53de436a8336898b5be313cb6d3100ba3795,2026-10-03 08:22:18,commit 416c53de43 | peano 22.0.0+0006955e | mlir_aie 1.4.4.dev73+g18ca6c1 | kernels 5726d482c21a | runtime CachedXRTRuntime | xdna 2.21.0_20260625 | xrt 2.21.0 | host docker-runner-6aa540df4097 | device NPU Krackan 1 | pmode default,iron/operators/sigmoid/test.py::test_sigmoid,input_length_1024-num_aie_columns_8-num_channels_1-tile_size_128,5/5,no,207.6,196.7,163.6,286.5,46.643595487483594,0.020418628,0.02081893,0.01429693,0.0250304,0.003907093409264745,,,,,
416c53de436a8336898b5be313cb6d3100ba3795,2026-10-03 08:22:18,commit 416c53de43 | peano 22.0.0+0006955e | mlir_aie 1.4.4.dev73+g18ca6c1 | kernels 5726d482c21a | runtime CachedXRTRuntime | xdna 2.21.0_20260625 | xrt 2.21.0 | host docker-runner-6aa540df4097 | device NPU Krackan 1 | pmode default,iron/operators/sigmoid/test.py::test_sigmoid,input_length_1024-num_aie_columns_8-num_channels_2-tile_size_64,5/5,no,209.24,218.5,185.8,226.6,19.512893173489157,0.019716224,0.01874814,0.01807343,0.02204604,0.0018992853697983349,,,,,
416c53de436a8336898b5be313cb6d3100ba3795,2026-10-03 08:22:18,commit 416c53de43 | peano 22.0.0+0006955e | mlir_aie 1.4.4.dev73+g18ca6c1 | kernels 5726d482c21a | runtime CachedXRTRuntime | xdna 2.21.0_20260625 | xrt 2.21.0 | host docker-runner-6aa540df4097 | device NPU Krackan 1 | pmode default,iron/operators/sigmoid/test.py::test_sigmoid,input_length_2048-num_aie_columns_1-num_channels_1-tile_size_2048,5/5,no,166.48,165.1,163.2,169.7,2.9431275881279766,0.049219688,0.04960519,0.04826688,0.05019885,0.0008679159962634653,,,,,
416c53de436a8336898b5be313cb6d3100ba3795,2026-10-03 08:22:18,commit 416c53de43 | peano 22.0.0+0006955e | mlir_aie 1.4.4.dev73+g18ca6c1 | kernels 5726d482c21a | runtime CachedXRTRuntime | xdna 2.21.0_20260625 | xrt 2.21.0 | host docker-runner-6aa540df4097 | device NPU Krackan 1 | pmode default,iron/operators/sigmoid/test.py::test_sigmoid,input_length_2048-num_aie_columns_1-num_channels_2-tile_size_1024,5/5,no,173.48,139.0,130.8,268.5,59.324505897647384,0.051050094,0.05893356,0.03051126,0.06264482,0.014176662781948368,,,,,
416c53de436a8336898b5be313cb6d3100ba3795,2026-10-03 08:22:18,commit 416c53de43 | peano 22.0.0+0006955e | mlir_aie 1.4.4.dev73+g18ca6c1 | kernels 5726d482c21a | runtime CachedXRTRuntime | xdna 2.21.0_20260625 | xrt 2.21.0 | host docker-runner-6aa540df4097 | device NPU Krackan 1 | pmode default,iron/operators/sigmoid/test.py::test_sigmoid,input_length_2048-num_aie_columns_2-num_channels_1-tile_size_1024,5/5,no,185.6,191.7,162.3,205.6,19.804292464008906,0.044556444,0.04273255,0.03985386,0.05046883,0.004880395344521794,,,,,
416c53de436a8336898b5be313cb6d3100ba3795,2026-10-03 08:22:18,commit 416c53de43 | peano 22.0.0+0006955e | mlir_aie 1.4.4.dev73+g18ca6c1 | kernels 5726d482c21a | runtime CachedXRTRuntime | xdna 2.21.0_20260625 | xrt 2.21.0 | host docker-runner-6aa540df4097 | device NPU Krackan 1 | pmode default,iron/operators/sigmoid/test.py::test_sigmoid,input_length_2048-num_aie_columns_2-num_channels_2-tile_size_512,5/5,no,178.6,191.1,110.3,211.0,40.678618462283104,0.048526928,0.04286918,0.03882998,0.07427017,0.01472451309941928,,,,,
416c53de436a8336898b5be313cb6d3100ba3795,2026-10-03 08:22:18,commit 416c53de43 | peano 22.0.0+0006955e | mlir_aie 1.4.4.dev73+g18ca6c1 | kernels 5726d482c21a | runtime CachedXRTRuntime | xdna 2.21.0_20260625 | xrt 2.21.0 | host docker-runner-6aa540df4097 | device NPU Krackan 1 | pmode default,iron/operators/sigmoid/test.py::test_sigmoid,input_length_2048-num_aie_columns_4-num_channels_1-tile_size_512,5/5,no,181.26000000000002,188.4,117.4,230.8,48.32098922828464,0.048211434000000004,0.04348218,0.03548794,0.0697827,0.01438970830633408,,,,,
416c53de436a8336898b5be313cb6d3100ba3795,2026-10-03 08:22:18,commit 416c53de43 | peano 22.0.0+0006955e | mlir_aie 1.4.4.dev73+g18ca6c1 | kernels 5726d482c21a | runtime CachedXRTRuntime | xdna 2.21.0_20260625 | xrt 2.21.0 | host docker-runner-6aa540df4097 | device NPU Krackan 1 | pmode default,iron/operators/sigmoid/test.py::test_sigmoid,input_length_2048-num_aie_columns_4-num_channels_2-tile_size_256,5/5,no,171.66,187.7,119.7,199.5,33.40737942431282,0.049498556,0.04364969,0.0410711,0.06846235,0.011467939563381909,,,,,
416c53de436a8336898b5be313cb6d3100ba3795,2026-10-03 08:22:18,commit 416c53de43 | peano 22.0.0+0006955e | mlir_aie 1.4.4.dev73+g18ca6c1 | kernels 5726d482c21a | runtime CachedXRTRuntime | xdna 2.21.0_20260625 | xrt 2.21.0 | host docker-runner-6aa540df4097 | device NPU Krackan 1 | pmode default,iron/operators/sigmoid/test.py::test_sigmoid,input_length_2048-num_aie_columns_8-num_channels_1-tile_size_256,5/5,no,189.86,198.5,147.9,224.5,28.460990847122662,0.043999734,0.04127638,0.03648234,0.05540713,0.007167763994711321,,,,,
416c53de436a8336898b5be313cb6d3100ba3795,2026-10-03 08:22:18,commit 416c53de43 | peano 22.0.0+0006955e | mlir_aie 1.4.4.dev73+g18ca6c1 | kernels 5726d482c21a | runtime CachedXRTRuntime | xdna 2.21.0_20260625 | xrt 2.21.0 | host docker-runner-6aa540df4097 | device NPU Krackan 1 | pmode default,iron/operators/sigmoid/test.py::test_sigmoid,input_length_2048-num_aie_columns_8-num_channels_2-tile_size_128,5/5,no,199.58,220.9,138.6,244.4,44.11838618988686,0.042922612,0.03708297,0.03351951,0.05911216,0.010710909017087204,,,,,
416c53de436a8336898b5be313cb6d3100ba3795,2026-10-03 08:22:18,commit 416c53de43 | peano 22.0.0+0006955e | mlir_aie 1.4.4.dev73+g18ca6c1 | kernels 5726d482c21a | runtime CachedXRTRuntime | xdna 2.21.0_20260625 | xrt 2.21.0 | host docker-runner-6aa540df4097 | device NPU Krackan 1 | pmode default,iron/operators/sigmoid/test.py::test_sigmoid,input_length_4096-num_aie_columns_1-num_channels_1-tile_size_4096,5/5,no,176.1,173.2,133.6,245.9,42.543389615779326,0.096949464,0.09461769,0.06661869,0.1226311,0.02065081293016888,,,,,
416c53de436a8336898b5be313cb6d3100ba3795,2026-10-03 08:22:18,commit 416c53de43 | peano 22.0.0+0006955e | mlir_aie 1.4.4.dev73+g18ca6c1 | kernels 5726d482c21a | runtime CachedXRTRuntime | xdna 2.21.0_20260625 | xrt 2.21.0 | host docker-runner-6aa540df4097 | device NPU Krackan 1 | pmode default,iron/operators/sigmoid/test.py::test_sigmoid,input_length_4096-num_aie_columns_1-num_channels_2-tile_size_2048,5/5,no,165.98000000000002,167.3,124.7,187.3,25.443211275308784,0.100908868,0.09794474,0.08746717,0.1314327,0.01798862017033186,,,,,
416c53de436a8336898b5be313cb6d3100ba3795,2026-10-03 08:22:18,commit 416c53de43 | peano 22.0.0+0006955e | mlir_aie 1.4.4.dev73+g18ca6c1 | kernels 5726d482c21a | runtime CachedXRTRuntime | xdna 2.21.0_20260625 | xrt 2.21.0 | host docker-runner-6aa540df4097 | device NPU Krackan 1 | pmode default,iron/operators/sigmoid/test.py::test_sigmoid,input_length_4096-num_aie_columns_2-num_channels_1-tile_size_2048,5/5,no,179.72,199.2,115.1,227.6,46.620027885019546,0.09714312,0.0822329,0.07198815,0.1422976,0.029258175808964063,,,,,
416c53de436a8336898b5be313cb6d3100ba3795,2026-10-03 08:22:18,commit 416c53de43 | peano 22.0.0+0006955e | mlir_aie 1.4.4.dev73+g18ca6c1 | kernels 5726d482c21a | runtime CachedXRTRuntime | xdna 2.21.0_20260625 | xrt 2.21.0 | host docker-runner-6aa540df4097 | device NPU Krackan 1 | pmode default,iron/operators/sigmoid/test.py::test_sigmoid,input_length_4096-num_aie_columns_2-num_channels_2-tile_size_1024,5/5,no,167.14,166.1,144.9,199.7,21.06912432921691,0.099215754,0.09863581,0.08204348,0.1130828,0.01186533910276398,,,,,
416c53de436a8336898b5be313cb6d3100ba3795,2026-10-03 08:22:18,commit 416c53de43 | peano 22.0.0+0006955e | mlir_aie 1.4.4.dev73+g18ca6c1 | kernels 5726d482c21a | runtime CachedXRTRuntime | xdna 2.21.0_20260625 | xrt 2.21.0 | host docker-runner-6aa540df4097 | device NPU Krackan 1 | pmode default,iron/operators/sigmoid/test.py::test_sigmoid,input_length_4096-num_aie_columns_4-num_channels_1-tile_size_1024,5/5,no,202.04,201.9,112.0,320.6,75.79289544541759,0.090811964,0.08113542,0.05110259,0.1463341,0.034863704400673344,,,,,
416c53de436a8336898b5be313cb6d3100ba3795,2026-10-03 08:22:18,commit 416c53de43 | peano 22.0.0+0006955e | mlir_aie 1.4.4.dev73+g18ca6c1 | kernels 5726d482c21a | runtime CachedXRTRuntime | xdna 2.21.0_20260625 | xrt 2.21.0 | host docker-runner-6aa540df4097 | device NPU Krackan 1 | pmode default,iron/operators/sigmoid/test.py::test_sigmoid,input_length_4096-num_aie_columns_4-num_channels_2-tile_size_512,5/5,no,193.64000000000001,204.8,146.2,210.3,26.701928769285573,0.086213622,0.08001172,0.07789664,0.1120979,0.014519663216022608,,,,,
416c53de436a8336898b5be313cb6d3100ba3795,2026-10-03 08:22:18,commit 416c53de43 | peano 22.0.0+0006955e | mlir_aie 1.4.4.dev73+g18ca6c1 | kernels 5726d482c21a | runtime CachedXRTRuntime | xdna 2.21.0_20260625 | xrt 2.21.0 | host docker-runner-6aa540df4097 | device NPU Krackan 1 | pmode default,iron/operators/sigmoid/test.py::test_sigmoid,input_length_4096-num_aie_columns_8-num_channels_1-tile_size_512,5/5,no,180.58,190.4,123.4,214.9,35.44886457984233,0.094249106,0.08606308,0.07625501,0.1327984,0.022590186000606107,,,,,
416c53de436a8336898b5be313cb6d3100ba3795,2026-10-03 08:22:18,commit 416c53de43 | peano 22.0.0+0006955e | mlir_aie 1.4.4.dev73+g18ca6c1 | kernels 5726d482c21a | runtime CachedXRTRuntime | xdna 2.21.0_20260625 | xrt 2.21.0 | host docker-runner-6aa540df4097 | device NPU Krackan 1 | pmode default,iron/operators/sigmoid/test.py::test_sigmoid,input_length_4096-num_aie_columns_8-num_channels_2-tile_size_256,5/5,no,208.32,218.6,166.1,251.5,34.088883818629206,0.080417578,0.07495105,0.06515083,0.09864234,0.013540134695798631,,,,,
416c53de436a8336898b5be313cb6d3100ba3795,2026-10-03 08:22:18,commit 416c53de43 | peano 22.0.0+0006955e | mlir_aie 1.4.4.dev73+g18ca6c1 | kernels 5726d482c21a | runtime CachedXRTRuntime | xdna 2.21.0_20260625 | xrt 2.21.0 | host docker-runner-6aa540df4097 | device NPU Krackan 1 | pmode default,iron/operators/sigmoid/test.py::test_sigmoid,input_length_8192-num_aie_columns_1-num_channels_2-tile_size_4096,5/5,no,164.62,171.9,121.8,206.9,34.230790233355705,0.20647258,0.1906591,0.1583806,0.2690489,0.04502545527462214,,,,,
416c53de436a8336898b5be313cb6d3100ba3795,2026-10-03 08:22:18,commit 416c53de43 | peano 22.0.0+0006955e | mlir_aie 1.4.4.dev73+g18ca6c1 | kernels 5726d482c21a | runtime CachedXRTRuntime | xdna 2.21.0_20260625 | xrt 2.21.0 | host docker-runner-6aa540df4097 | device NPU Krackan 1 | pmode default,iron/operators/sigmoid/test.py::test_sigmoid,input_length_8192-num_aie_columns_2-num_channels_1-tile_size_4096,5/5,no,194.96,181.0,120.7,330.8,84.25053709027617,0.191196104,0.1810547,0.09906612,0.2715528,0.07002302440358513,,,,,
416c53de436a8336898b5be313cb6d3100ba3795,2026-10-03 08:22:18,commit 416c53de43 | peano 22.0.0+0006955e | mlir_aie 1.4.4.dev73+g18ca6c1 | kernels 5726d482c21a | runtime CachedXRTRuntime | xdna 2.21.0_20260625 | xrt 2.21.0 | host docker-runner-6aa540df4097 | device NPU Krackan 1 | pmode default,iron/operators/sigmoid/test.py::test_sigmoid,input_length_8192-num_aie_columns_2-num_channels_2-tile_size_2048,5/5,no,156.74,164.9,119.0,197.4,31.067394483606126,0.21597836,0.1987578,0.166019,0.2752781,0.043959139509469475,,,,,
416c53de436a8336898b5be313cb6d3100ba3795,2026-10-03 08:22:18,commit 416c53de43 | peano 22.0.0+0006955e | mlir_aie 1.4.4.dev73+g18ca6c1 | kernels 5726d482c21a | runtime CachedXRTRuntime | xdna 2.21.0_20260625 | xrt 2.21.0 | host docker-runner-6aa540df4097 | device NPU Krackan 1 | pmode default,iron/operators/sigmoid/test.py::test_sigmoid,input_length_8192-num_aie_columns_4-num_channels_1-tile_size_2048,5/5,no,152.2,157.4,116.5,187.6,27.2098327815516,0.22116242,0.2082227,0.1746537,0.2813863,0.04127625631082595,,,,,
416c53de436a8336898b5be313cb6d3100ba3795,2026-10-03 08:22:18,commit 416c53de43 | peano 22.0.0+0006955e | mlir_aie 1.4.4.dev73+g18ca6c1 | kernels 5726d482c21a | runtime CachedXRTRuntime | xdna 2.21.0_20260625 | xrt 2.21.0 | host docker-runner-6aa540df4097 | device NPU Krackan 1 | pmode default,iron/operators/sigmoid/test.py::test_sigmoid,input_length_8192-num_aie_columns_4-num_channels_2-tile_size_1024,5/5,no,172.26000000000002,161.3,120.9,224.5,39.6808896069632,0.19883916000000001,0.203128,0.1459554,0.2709667,0.04780026864979945,,,,,
416c53de436a8336898b5be313cb6d3100ba3795,2026-10-03 08:22:18,commit 416c53de43 | peano 22.0.0+0006955e | mlir_aie 1.4.4.dev73+g18ca6c1 | kernels 5726d482c21a | runtime CachedXRTRuntime | xdna 2.21.0_20260625 | xrt 2.21.0 | host docker-runner-6aa540df4097 | device NPU Krackan 1 | pmode default,iron/operators/sigmoid/test.py::test_sigmoid,input_length_8192-num_aie_columns_8-num_channels_1-tile_size_1024,5/5,no,175.62,181.5,140.6,211.2,26.83499580771348,0.19021086,0.1805051,0.1551214,0.2331296,0.029903472143431774,,,,,
416c53de436a8336898b5be313cb6d3100ba3795,2026-10-03 08:22:18,commit 416c53de43 | peano 22.0.0+0006955e | mlir_aie 1.4.4.dev73+g18ca6c1 | kernels 5726d482c21a | runtime CachedXRTRuntime | xdna 2.21.0_20260625 | xrt 2.21.0 | host docker-runner-6aa540df4097 | device NPU Krackan 1 | pmode default,iron/operators/sigmoid/test.py::test_sigmoid,input_length_8192-num_aie_columns_8-num_channels_2-tile_size_512,5/5,no,186.08,194.8,137.5,235.4,38.04953350568178,0.18242094,0.1682567,0.1392262,0.2382746,0.03899580804449371,,,,,
416c53de436a8336898b5be313cb6d3100ba3795,2026-10-03 08:22:18,commit 416c53de43 | peano 22.0.0+0006955e | mlir_aie 1.4.4.dev73+g18ca6c1 | kernels 5726d482c21a | runtime CachedXRTRuntime | xdna 2.21.0_20260625 | xrt 2.21.0 | host docker-runner-6aa540df4097 | device NPU Krackan 1 | pmode default,iron/operators/sigmoid/test.py::test_sigmoid,input_length_8388608-num_aie_columns_8-num_channels_2-tile_size_4096,5/5,yes,700.04,692.4,627.8,764.3,53.488624958957395,48.160908,48.46063,43.90252,53.45156,3.7331644644416615,,,,,
416c53de436a8336898b5be313cb6d3100ba3795,2026-10-03 08:22:18,commit 416c53de43 | peano 22.0.0+0006955e | mlir_aie 1.4.4.dev73+g18ca6c1 | kernels 5726d482c21a | runtime CachedXRTRuntime | xdna 2.21.0_20260625 | xrt 2.21.0 | host docker-runner-6aa540df4097 | device NPU Krackan 1 | pmode default,iron/operators/silu/test.py::test_silu,input_length_1024-num_aie_columns_1-num_channels_1-tile_size_1024,5/5,no,141.32,135.2,126.3,162.6,14.045533097750333,0.0292029,0.03028958,0.02519701,0.03243586,0.002776941169155371,,,,,
416c53de436a8336898b5be313cb6d3100ba3795,2026-10-03 08:22:18,commit 416c53de43 | peano 22.0.0+0006955e | mlir_aie 1.4.4.dev73+g18ca6c1 | kernels 5726d482c21a | runtime CachedXRTRuntime | xdna 2.21.0_20260625 | xrt 2.21.0 | host docker-runner-6aa540df4097 | device NPU Krackan 1 | pmode default,iron/operators/silu/test.py::test_silu,input_length_1024-num_aie_columns_2-num_channels_1-tile_size_512,5/5,no,155.34,159.4,116.2,191.9,27.480138282039267,0.027088454,0.0256991,0.02133945,0.03525533,0.0051520369946002915,,,,,
416c53de436a8336898b5be313cb6d3100ba3795,2026-10-03 08:22:18,commit 416c53de43 | peano 22.0.0+0006955e | mlir_aie 1.4.4.dev73+g18ca6c1 | kernels 5726d482c21a | runtime CachedXRTRuntime | xdna 2.21.0_20260625 | xrt 2.21.0 | host docker-runner-6aa540df4097 | device NPU Krackan 1 | pmode default,iron/operators/silu/test.py::test_silu,input_length_1024-num_aie_columns_4-num_channels_1-tile_size_256,5/5,no,167.78,179.1,120.7,187.2,27.34697423847837,0.02507208,0.02287361,0.0218773,0.03394944,0.005056723758348877,,,,,
416c53de436a8336898b5be313cb6d3100ba3795,2026-10-03 08:22:18,commit 416c53de43 | peano 22.0.0+0006955e | mlir_aie 1.4.4.dev73+g18ca6c1 | kernels 5726d482c21a | runtime CachedXRTRuntime | xdna 2.21.0_20260625 | xrt 2.21.0 | host docker-runner-6aa540df4097 | device NPU Krackan 1 | pmode default,iron/operators/silu/test.py::test_silu,input_length_1024-num_aie_columns_8-num_channels_1-tile_size_128,5/5,no,174.76,188.5,139.2,195.6,24.44653349659211,0.02384295,0.02172725,0.02094476,0.02942,0.003646699531130856,,,,,
416c53de436a8336898b5be313cb6d3100ba3795,2026-10-03 08:22:18,commit 416c53de43 | peano 22.0.0+0006955e | mlir_aie 1.4.4.dev73+g18ca6c1 | kernels 5726d482c21a | runtime CachedXRTRuntime | xdna 2.21.0_20260625 | xrt 2.21.0 | host docker-runner-6aa540df4097 | device NPU Krackan 1 | pmode default,iron/operators/silu/test.py::test_silu,input_length_2048-num_aie_columns_1-num_channels_1-tile_size_2048,5/5,no,149.96,139.3,126.0,190.0,26.80229467788159,0.05594721,0.05881466,0.04312237,0.06503652,0.009208450436694004,,,,,
416c53de436a8336898b5be313cb6d3100ba3795,2026-10-03 08:22:18,commit 416c53de43 | peano 22.0.0+0006955e | mlir_aie 1.4.4.dev73+g18ca6c1 | kernels 5726d482c21a | runtime CachedXRTRuntime | xdna 2.21.0_20260625 | xrt 2.21.0 | host docker-runner-6aa540df4097 | device NPU Krackan 1 | pmode default,iron/operators/silu/test.py::test_silu,input_length_2048-num_aie_columns_2-num_channels_1-tile_size_1024,5/5,no,171.34,177.0,142.8,198.8,24.612760917865348,0.04863909,0.04628327,0.0412118,0.05738624,0.007178979358195703,,,,,
416c53de436a8336898b5be313cb6d3100ba3795,2026-10-03 08:22:18,commit 416c53de43 | peano 22.0.0+0006955e | mlir_aie 1.4.4.dev73+g18ca6c1 | kernels 5726d482c21a | runtime CachedXRTRuntime | xdna 2.21.0_20260625 | xrt 2.21.0 | host docker-runner-6aa540df4097 | device NPU Krackan 1 | pmode default,iron/operators/silu/test.py::test_silu,input_length_2048-num_aie_columns_4-num_channels_1-tile_size_512,5/5,no,173.14000000000001,169.8,136.8,215.8,31.091445768892765,0.048538833999999996,0.04823846,0.03795756,0.05987823,0.008617459466378706,,,,,
416c53de436a8336898b5be313cb6d3100ba3795,2026-10-03 08:22:18,commit 416c53de43 | peano 22.0.0+0006955e | mlir_aie 1.4.4.dev73+g18ca6c1 | kernels 5726d482c21a | runtime CachedXRTRuntime | xdna 2.21.0_20260625 | xrt 2.21.0 | host docker-runner-6aa540df4097 | device NPU Krackan 1 | pmode default,iron/operators/silu/test.py::test_silu,input_length_2048-num_aie_columns_8-num_channels_1-tile_size_256,5/5,no,156.48,154.6,107.6,218.5,40.2531613665312,0.055130448,0.05299384,0.03748581,0.076131,0.01397153978649705,,,,,
416c53de436a8336898b5be313cb6d3100ba3795,2026-10-03 08:22:18,commit 416c53de43 | peano 22.0.0+0006955e | mlir_aie 1.4.4.dev73+g18ca6c1 | kernels 5726d482c21a | runtime CachedXRTRuntime | xdna 2.21.0_20260625 | xrt 2.21.0 | host docker-runner-6aa540df4097 | device NPU Krackan 1 | pmode default,iron/operators/silu/test.py::test_silu,input_length_4096-num_aie_columns_1-num_channels_1-tile_size_4096,5/5,no,183.58,181.9,139.5,213.8,30.191008595275516,0.091389614,0.09009326,0.0766442,0.1174102,0.01644491569968299,,,,,
416c53de436a8336898b5be313cb6d3100ba3795,2026-10-03 08:22:18,commit 416c53de43 | peano 22.0.0+0006955e | mlir_aie 1.4.4.dev73+g18ca6c1 | kernels 5726d482c21a | runtime CachedXRTRuntime | xdna 2.21.0_20260625 | xrt 2.21.0 | host docker-runner-6aa540df4097 | device NPU Krackan 1 | pmode default,iron/operators/silu/test.py::test_silu,input_length_4096-num_aie_columns_2-num_channels_1-tile_size_2048,5/5,no,161.70000000000002,144.8,142.4,197.6,25.812593825495334,0.103290166,0.1131843,0.0829003,0.1150877,0.015342041724727517,,,,,
416c53de436a8336898b5be313cb6d3100ba3795,2026-10-03 08:22:18,commit 416c53de43 | peano 22.0.0+0006955e | mlir_aie 1.4.4.dev73+g18ca6c1 | kernels 5726d482c21a | runtime CachedXRTRuntime | xdna 2.21.0_20260625 | xrt 2.21.0 | host docker-runner-6aa540df4097 | device NPU Krackan 1 | pmode default,iron/operators/silu/test.py::test_silu,input_length_4096-num_aie_columns_4-num_channels_1-tile_size_1024,5/5,no,169.34,168.8,133.3,199.8,27.813809519733177,0.098966404,0.09704379,0.08201842,0.1229255,0.016912914587516547,,,,,
416c53de436a8336898b5be313cb6d3100ba3795,2026-10-03 08:22:18,commit 416c53de43 | peano 22.0.0+0006955e | mlir_aie 1.4.4.dev73+g18ca6c1 | kernels 5726d482c21a | runtime CachedXRTRuntime | xdna 2.21.0_20260625 | xrt 2.21.0 | host docker-runner-6aa540df4097 | device NPU Krackan 1 | pmode default,iron/operators/silu/test.py::test_silu,input_length_4096-num_aie_columns_8-num_channels_1-tile_size_512,5/5,no,187.56,198.7,115.3,238.2,45.93270076971307,0.092877458,0.08245264,0.06878456,0.1421124,0.028785155538244362,,,,,
416c53de436a8336898b5be313cb6d3100ba3795,2026-10-03 08:22:18,commit 416c53de43 | peano 22.0.0+0006955e | mlir_aie 1.4.4.dev73+g18ca6c1 | kernels 5726d482c21a | runtime CachedXRTRuntime | xdna 2.21.0_20260625 | xrt 2.21.0 | host docker-runner-6aa540df4097 | device NPU Krackan 1 | pmode default,iron/operators/silu/test.py::test_silu,input_length_8192-num_aie_columns_2-num_channels_1-tile_size_4096,5/5,no,182.72,191.7,143.0,210.0,28.26901130213082,0.18311854,0.1709382,0.1560455,0.2291436,0.030695113057178987,,,,,
416c53de436a8336898b5be313cb6d3100ba3795,2026-10-03 08:22:18,commit 416c53de43 | peano 22.0.0+0006955e | mlir_aie 1.4.4.dev73+g18ca6c1 | kernels 5726d482c21a | runtime CachedXRTRuntime | xdna 2.21.0_20260625 | xrt 2.21.0 | host docker-runner-6aa540df4097 | device NPU Krackan 1 | pmode default,iron/operators/silu/test.py::test_silu,input_length_8192-num_aie_columns_4-num_channels_1-tile_size_2048,5/5,no,151.52,150.3,115.1,189.1,27.235124380108857,0.22214346000000001,0.21801,0.173284,0.284793,0.04135840196172962,,,,,
416c53de436a8336898b5be313cb6d3100ba3795,2026-10-03 08:22:18,commit 416c53de43 | peano 22.0.0+0006955e | mlir_aie 1.4.4.dev73+g18ca6c1 | kernels 5726d482c21a | runtime CachedXRTRuntime | xdna 2.21.0_20260625 | xrt 2.21.0 | host docker-runner-6aa540df4097 | device NPU Krackan 1 | pmode default,iron/operators/silu/test.py::test_silu,input_length_8192-num_aie_columns_8-num_channels_1-tile_size_1024,5/5,no,225.0,211.0,145.0,321.1,70.36124643580443,0.15759428,0.1552758,0.1020524,0.2259301,0.049124977060625685,,,,,
416c53de436a8336898b5be313cb6d3100ba3795,2026-10-03 08:22:18,commit 416c53de43 | peano 22.0.0+0006955e | mlir_aie 1.4.4.dev73+g18ca6c1 | kernels 5726d482c21a | runtime CachedXRTRuntime | xdna 2.21.0_20260625 | xrt 2.21.0 | host docker-runner-6aa540df4097 | device NPU Krackan 1 | pmode default,iron/operators/silu/test.py::test_silu,input_length_8388608-num_aie_columns_8-num_channels_1-tile_size_4096,5/5,yes,654.8,654.8,643.9,664.6,7.4010134441169795,51.248286,51.24332,50.4871,52.10769,0.579767140220968,,,,,
416c53de436a8336898b5be313cb6d3100ba3795,2026-10-03 08:22:18,commit 416c53de43 | peano 22.0.0+0006955e | mlir_aie 1.4.4.dev73+g18ca6c1 | kernels 5726d482c21a | runtime CachedXRTRuntime | xdna 2.21.0_20260625 | xrt 2.21.0 | host docker-runner-6aa540df4097 | device NPU Krackan 1 | pmode default,iron/operators/softmax/test.py::test_softmax,input_length_2097152-num_aie_columns_2-num_channels_2-tile_size_512,5/5,yes,532.98,532.4,495.6,587.4,35.12708356809599,15.792012,15.75731,14.28023,16.92678,1.0085767731908173,,,,,
416c53de436a8336898b5be313cb6d3100ba3795,2026-10-03 08:22:18,commit 416c53de43 | peano 22.0.0+0006955e | mlir_aie 1.4.4.dev73+g18ca6c1 | kernels 5726d482c21a | runtime CachedXRTRuntime | xdna 2.21.0_20260625 | xrt 2.21.0 | host docker-runner-6aa540df4097 | device NPU Krackan 1 | pmode default,iron/operators/softmax/test.py::test_softmax,input_length_32768-num_aie_columns_2-num_channels_2-tile_size_1024,5/5,no,171.08,169.8,147.8,203.2,22.432387300508157,0.7764487,0.7717245,0.6449219,0.886814,0.09866142198298683,,,,,
416c53de436a8336898b5be313cb6d3100ba3795,2026-10-03 08:22:18,commit 416c53de43 | peano 22.0.0+0006955e | mlir_aie 1.4.4.dev73+g18ca6c1 | kernels 5726d482c21a | runtime CachedXRTRuntime | xdna 2.21.0_20260625 | xrt 2.21.0 | host docker-runner-6aa540df4097 | device NPU Krackan 1 | pmode default,iron/operators/softmax/test.py::test_softmax,input_length_32768-num_aie_columns_2-num_channels_2-tile_size_2048,5/5,no,178.46,184.1,121.7,216.6,37.14233433697995,0.7651943,0.7119609,0.6050724,1.076637,0.18786326886133176,,,,,
416c53de436a8336898b5be313cb6d3100ba3795,2026-10-03 08:22:18,commit 416c53de43 | peano 22.0.0+0006955e | mlir_aie 1.4.4.dev73+g18ca6c1 | kernels 5726d482c21a | runtime CachedXRTRuntime | xdna 2.21.0_20260625 | xrt 2.21.0 | host docker-runner-6aa540df4097 | device NPU Krackan 1 | pmode default,iron/operators/softmax/test.py::test_softmax,input_length_32768-num_aie_columns_2-num_channels_2-tile_size_512,5/5,no,189.29999999999998,165.3,136.2,320.9,74.82202215925469,0.75741824,0.793006,0.408413,0.962074,0.20958510422496154,,,,,
416c53de436a8336898b5be313cb6d3100ba3795,2026-10-03 08:22:18,commit 416c53de43 | peano 22.0.0+0006955e | mlir_aie 1.4.4.dev73+g18ca6c1 | kernels 5726d482c21a | runtime CachedXRTRuntime | xdna 2.21.0_20260625 | xrt 2.21.0 | host docker-runner-6aa540df4097 | device NPU Krackan 1 | pmode default,iron/operators/strided_copy/test.py::test_strided_copy,bench_flat_4mi,5/5,yes,522.38,515.9,497.4,553.8,26.755971296142466,32.183716000000004,32.51959,30.2956,33.73078,1.6321068480433514,,,,,
416c53de436a8336898b5be313cb6d3100ba3795,2026-10-03 08:22:18,commit 416c53de43 | peano 22.0.0+0006955e | mlir_aie 1.4.4.dev73+g18ca6c1 | kernels 5726d482c21a | runtime CachedXRTRuntime | xdna 2.21.0_20260625 | xrt 2.21.0 | host docker-runner-6aa540df4097 | device NPU Krackan 1 | pmode default,iron/operators/strided_copy/test.py::test_strided_copy,chunked_transfer,5/5,no,156.62,152.5,113.2,211.6,37.640297554615586,0.027361076,0.02685726,0.01935792,0.03619814,0.006423461125832395,,,,,
416c53de436a8336898b5be313cb6d3100ba3795,2026-10-03 08:22:18,commit 416c53de43 | peano 22.0.0+0006955e | mlir_aie 1.4.4.dev73+g18ca6c1 | kernels 5726d482c21a | runtime CachedXRTRuntime | xdna 2.21.0_20260625 | xrt 2.21.0 | host docker-runner-6aa540df4097 | device NPU Krackan 1 | pmode default,iron/operators/strided_copy/test.py::test_strided_copy,contiguous,5/5,no,159.16,146.4,130.5,226.9,39.63518638785492,0.02680117,0.02798044,0.01804866,0.03138745,0.005411840514603141,,,,,
416c53de436a8336898b5be313cb6d3100ba3795,2026-10-03 08:22:18,commit 416c53de43 | peano 22.0.0+0006955e | mlir_aie 1.4.4.dev73+g18ca6c1 | kernels 5726d482c21a | runtime CachedXRTRuntime | xdna 2.21.0_20260625 | xrt 2.21.0 | host docker-runner-6aa540df4097 | device NPU Krackan 1 | pmode default,iron/operators/strided_copy/test.py::test_strided_copy,four_channels,5/5,no,152.46,158.5,129.3,179.6,21.649780599350187,0.02731139,0.02584863,0.02280738,0.03166945,0.003917706624844439,,,,,
416c53de436a8336898b5be313cb6d3100ba3795,2026-10-03 08:22:18,commit 416c53de43 | peano 22.0.0+0006955e | mlir_aie 1.4.4.dev73+g18ca6c1 | kernels 5726d482c21a | runtime CachedXRTRuntime | xdna 2.21.0_20260625 | xrt 2.21.0 | host docker-runner-6aa540df4097 | device NPU Krackan 1 | pmode default,iron/operators/strided_copy/test.py::test_strided_copy,kv_llama_full,5/5,no,156.14000000000001,143.3,122.2,187.4,28.707194220264718,13.809478,14.64051,11.19887,17.17255,2.5318468250903337,,,,,
416c53de436a8336898b5be313cb6d3100ba3795,2026-10-03 08:22:18,commit 416c53de43 | peano 22.0.0+0006955e | mlir_aie 1.4.4.dev73+g18ca6c1 | kernels 5726d482c21a | runtime CachedXRTRuntime | xdna 2.21.0_20260625 | xrt 2.21.0 | host docker-runner-6aa540df4097 | device NPU Krackan 1 | pmode default,iron/operators/strided_copy/test.py::test_strided_copy,kv_slot0,5/5,no,167.35999999999999,150.7,142.1,198.5,27.540297747119585,0.80593436,0.8768054,0.6653102,0.9295269,0.12622416634509023,,,,,
416c53de436a8336898b5be313cb6d3100ba3795,2026-10-03 08:22:18,commit 416c53de43 | peano 22.0.0+0006955e | mlir_aie 1.4.4.dev73+g18ca6c1 | kernels 5726d482c21a | runtime CachedXRTRuntime | xdna 2.21.0_20260625 | xrt 2.21.0 | host docker-runner-6aa540df4097 | device NPU Krackan 1 | pmode default,iron/operators/strided_copy/test.py::test_strided_copy,kv_slot5,5/5,no,192.66,183.1,170.2,251.2,33.49228269318172,0.6997549399999999,0.7215246,0.5259269,0.7759672,0.10160204004176293,,,,,
416c53de436a8336898b5be313cb6d3100ba3795,2026-10-03 08:22:18,commit 416c53de43 | peano 22.0.0+0006955e | mlir_aie 1.4.4.dev73+g18ca6c1 | kernels 5726d482c21a | runtime CachedXRTRuntime | xdna 2.21.0_20260625 | xrt 2.21.0 | host docker-runner-6aa540df4097 | device NPU Krackan 1 | pmode default,iron/operators/strided_copy/test.py::test_strided_copy,kv_slot5_four_channels,5/5,no,184.68,172.7,141.6,239.6,38.52216245228193,0.73972112,0.7649358,0.551259,0.9329472,0.14841813480114885,,,,,
416c53de436a8336898b5be313cb6d3100ba3795,2026-10-03 08:22:18,commit 416c53de43 | peano 22.0.0+0006955e | mlir_aie 1.4.4.dev73+g18ca6c1 | kernels 5726d482c21a | runtime CachedXRTRuntime | xdna 2.21.0_20260625 | xrt 2.21.0 | host docker-runner-6aa540df4097 | device NPU Krackan 1 | pmode default,iron/operators/strided_copy/test.py::test_strided_copy,kv_slot5_two_channels,5/5,no,161.74,163.2,128.3,190.1,23.159512084670517,0.83118254,0.8096102,0.6950519,1.029475,0.12687744318492156,,,,,
416c53de436a8336898b5be313cb6d3100ba3795,2026-10-03 08:22:18,commit 416c53de43 | peano 22.0.0+0006955e | mlir_aie 1.4.4.dev73+g18ca6c1 | kernels 5726d482c21a | runtime CachedXRTRuntime | xdna 2.21.0_20260625 | xrt 2.21.0 | host docker-runner-6aa540df4097 | device NPU Krackan 1 | pmode default,iron/operators/strided_copy/test.py::test_strided_copy,kv_slot_last,5/5,no,156.22,162.7,143.2,166.3,10.828527138997252,0.84888452,0.8117495,0.7944382,0.9223808,0.060230321313745304,,,,,
416c53de436a8336898b5be313cb6d3100ba3795,2026-10-03 08:22:18,commit 416c53de43 | peano 22.0.0+0006955e | mlir_aie 1.4.4.dev73+g18ca6c1 | kernels 5726d482c21a | runtime CachedXRTRuntime | xdna 2.21.0_20260625 | xrt 2.21.0 | host docker-runner-6aa540df4097 | device NPU Krackan 1 | pmode default,iron/operators/strided_copy/test.py::test_strided_copy,two_channels,5/5,no,160.14000000000001,160.4,141.5,170.3,11.4866444186281,0.025690774,0.02554173,0.02405676,0.0289472,0.0019608287737280885,,,,,
416c53de436a8336898b5be313cb6d3100ba3795,2026-10-03 08:22:18,commit 416c53de43 | peano 22.0.0+0006955e | mlir_aie 1.4.4.dev73+g18ca6c1 | kernels 5726d482c21a | runtime CachedXRTRuntime | xdna 2.21.0_20260625 | xrt 2.21.0 | host docker-runner-6aa540df4097 | device NPU Krackan 1 | pmode default,iron/operators/strided_copy/test.py::test_strided_copy,two_channels_chunked,5/5,no,189.5,176.5,166.9,230.5,26.223653444934023,0.02192163,0.02321127,0.01776945,0.0245362,0.0027835206406904914,,,,,
416c53de436a8336898b5be313cb6d3100ba3795,2026-10-03 08:22:18,commit 416c53de43 | peano 22.0.0+0006955e | mlir_aie 1.4.4.dev73+g18ca6c1 | kernels 5726d482c21a | runtime CachedXRTRuntime | xdna 2.21.0_20260625 | xrt 2.21.0 | host docker-runner-6aa540df4097 | device NPU Krackan 1 | pmode default,iron/operators/strided_copy/test.py::test_strided_copy_cache_offset_parameter,iter0,1/1,no,,,,,,,,,,,,,,,
416c53de436a8336898b5be313cb6d3100ba3795,2026-10-03 08:22:18,commit 416c53de43 | peano 22.0.0+0006955e | mlir_aie 1.4.4.dev73+g18ca6c1 | kernels 5726d482c21a | runtime CachedXRTRuntime | xdna 2.21.0_20260625 | xrt 2.21.0 | host docker-runner-6aa540df4097 | device NPU Krackan 1 | pmode default,iron/operators/strided_copy/test.py::test_strided_copy_cache_offset_parameter,iter1,1/1,no,,,,,,,,,,,,,,,
416c53de436a8336898b5be313cb6d3100ba3795,2026-10-03 08:22:18,commit 416c53de43 | peano 22.0.0+0006955e | mlir_aie 1.4.4.dev73+g18ca6c1 | kernels 5726d482c21a | runtime CachedXRTRuntime | xdna 2.21.0_20260625 | xrt 2.21.0 | host docker-runner-6aa540df4097 | device NPU Krackan 1 | pmode default,iron/operators/strided_copy/test.py::test_strided_copy_cache_offset_parameter,iter2,1/1,no,,,,,,,,,,,,,,,
416c53de436a8336898b5be313cb6d3100ba3795,2026-10-03 08:22:18,commit 416c53de43 | peano 22.0.0+0006955e | mlir_aie 1.4.4.dev73+g18ca6c1 | kernels 5726d482c21a | runtime CachedXRTRuntime | xdna 2.21.0_20260625 | xrt 2.21.0 | host docker-runner-6aa540df4097 | device NPU Krackan 1 | pmode default,iron/operators/strided_copy/test.py::test_strided_copy_cache_offset_parameter,iter3,1/1,no,,,,,,,,,,,,,,,
416c53de436a8336898b5be313cb6d3100ba3795,2026-10-03 08:22:18,commit 416c53de43 | peano 22.0.0+0006955e | mlir_aie 1.4.4.dev73+g18ca6c1 | kernels 5726d482c21a | runtime CachedXRTRuntime | xdna 2.21.0_20260625 | xrt 2.21.0 | host docker-runner-6aa540df4097 | device NPU Krackan 1 | pmode default,iron/operators/strided_copy/test.py::test_strided_copy_cache_offset_parameter,iter4,1/1,no,,,,,,,,,,,,,,,
416c53de436a8336898b5be313cb6d3100ba3795,2026-10-03 08:22:18,commit 416c53de43 | peano 22.0.0+0006955e | mlir_aie 1.4.4.dev73+g18ca6c1 | kernels 5726d482c21a | runtime CachedXRTRuntime | xdna 2.21.0_20260625 | xrt 2.21.0 | host docker-runner-6aa540df4097 | device NPU Krackan 1 | pmode default,iron/operators/strided_copy/test.py::test_transfer_size_not_dividing_per_channel_share_is_rejected,iter0,1/1,no,,,,,,,,,,,,,,,
416c53de436a8336898b5be313cb6d3100ba3795,2026-10-03 08:22:18,commit 416c53de43 | peano 22.0.0+0006955e | mlir_aie 1.4.4.dev73+g18ca6c1 | kernels 5726d482c21a | runtime CachedXRTRuntime | xdna 2.21.0_20260625 | xrt 2.21.0 | host docker-runner-6aa540df4097 | device NPU Krackan 1 | pmode default,iron/operators/strided_copy/test.py::test_transfer_size_not_dividing_per_channel_share_is_rejected,iter1,1/1,no,,,,,,,,,,,,,,,
416c53de436a8336898b5be313cb6d3100ba3795,2026-10-03 08:22:18,commit 416c53de43 | peano 22.0.0+0006955e | mlir_aie 1.4.4.dev73+g18ca6c1 | kernels 5726d482c21a | runtime CachedXRTRuntime | xdna 2.21.0_20260625 | xrt 2.21.0 | host docker-runner-6aa540df4097 | device NPU Krackan 1 | pmode default,iron/operators/strided_copy/test.py::test_transfer_size_not_dividing_per_channel_share_is_rejected,iter2,1/1,no,,,,,,,,,,,,,,,
416c53de436a8336898b5be313cb6d3100ba3795,2026-10-03 08:22:18,commit 416c53de43 | peano 22.0.0+0006955e | mlir_aie 1.4.4.dev73+g18ca6c1 | kernels 5726d482c21a | runtime CachedXRTRuntime | xdna 2.21.0_20260625 | xrt 2.21.0 | host docker-runner-6aa540df4097 | device NPU Krackan 1 | pmode default,iron/operators/strided_copy/test.py::test_transfer_size_not_dividing_per_channel_share_is_rejected,iter3,1/1,no,,,,,,,,,,,,,,,
416c53de436a8336898b5be313cb6d3100ba3795,2026-10-03 08:22:18,commit 416c53de43 | peano 22.0.0+0006955e | mlir_aie 1.4.4.dev73+g18ca6c1 | kernels 5726d482c21a | runtime CachedXRTRuntime | xdna 2.21.0_20260625 | xrt 2.21.0 | host docker-runner-6aa540df4097 | device NPU Krackan 1 | pmode default,iron/operators/strided_copy/test.py::test_transfer_size_not_dividing_per_channel_share_is_rejected,iter4,1/1,no,,,,,,,,,,,,,,,
416c53de436a8336898b5be313cb6d3100ba3795,2026-10-03 08:22:18,commit 416c53de43 | peano 22.0.0+0006955e | mlir_aie 1.4.4.dev73+g18ca6c1 | kernels 5726d482c21a | runtime CachedXRTRuntime | xdna 2.21.0_20260625 | xrt 2.21.0 | host docker-runner-6aa540df4097 | device NPU Krackan 1 | pmode default,iron/operators/swiglu_decode/test.py::test_swiglu_decode,embedding_dim_1024-hidden_dim_3584,5/5,yes,977.768,979.5,952.58,1011.04,24.323678175802257,0.0042,0.0042,0.0041,0.0043,9.999999999999983e-05,,,,,
416c53de436a8336898b5be313cb6d3100ba3795,2026-10-03 08:22:18,commit 416c53de43 | peano 22.0.0+0006955e | mlir_aie 1.4.4.dev73+g18ca6c1 | kernels 5726d482c21a | runtime CachedXRTRuntime | xdna 2.21.0_20260625 | xrt 2.21.0 | host docker-runner-6aa540df4097 | device NPU Krackan 1 | pmode default,iron/operators/swiglu_decode/test.py::test_swiglu_decode,embedding_dim_2048-hidden_dim_2048,5/5,yes,1043.888,1047.2,998.68,1066.13,26.88889677915406,0.00784,0.0078,0.0077,0.0082,0.00020736441353327745,,,,,
416c53de436a8336898b5be313cb6d3100ba3795,2026-10-03 08:22:18,commit 416c53de43 | peano 22.0.0+0006955e | mlir_aie 1.4.4.dev73+g18ca6c1 | kernels 5726d482c21a | runtime CachedXRTRuntime | xdna 2.21.0_20260625 | xrt 2.21.0 | host docker-runner-6aa540df4097 | device NPU Krackan 1 | pmode default,iron/operators/swiglu_prefill/test.py::test_swiglu_prefill,seq_len_256-embedding_dim_2048-hidden_dim_2048-prio_accuracy_False-b_col_maj_False,5/5,yes,2160.296,2162.99,2115.77,2207.22,33.999959999976404,0.97096,0.9696,0.9501,0.9912,0.015284076681304642,,,,,
416c53de436a8336898b5be313cb6d3100ba3795,2026-10-03 08:22:18,commit 416c53de43 | peano 22.0.0+0006955e | mlir_aie 1.4.4.dev73+g18ca6c1 | kernels 5726d482c21a | runtime CachedXRTRuntime | xdna 2.21.0_20260625 | xrt 2.21.0 | host docker-runner-6aa540df4097 | device NPU Krackan 1 | pmode default,iron/operators/swiglu_prefill/test.py::test_swiglu_prefill,seq_len_256-embedding_dim_2048-hidden_dim_2048-prio_accuracy_False-b_col_maj_True,5/5,yes,2378.09,2367.71,2348.88,2446.35,39.12278939441809,0.88204,0.8857,0.8573,0.8928,0.014203802307832967,,,,,
416c53de436a8336898b5be313cb6d3100ba3795,2026-10-03 08:22:18,commit 416c53de43 | peano 22.0.0+0006955e | mlir_aie 1.4.4.dev73+g18ca6c1 | kernels 5726d482c21a | runtime CachedXRTRuntime | xdna 2.21.0_20260625 | xrt 2.21.0 | host docker-runner-6aa540df4097 | device NPU Krackan 1 | pmode default,iron/operators/swiglu_prefill/test.py::test_weight_layout_reaches_both_gemms,b_col_maj_False,5/5,no,,,,,,,,,,,,,,,
416c53de436a8336898b5be313cb6d3100ba3795,2026-10-03 08:22:18,commit 416c53de43 | peano 22.0.0+0006955e | mlir_aie 1.4.4.dev73+g18ca6c1 | kernels 5726d482c21a | runtime CachedXRTRuntime | xdna 2.21.0_20260625 | xrt 2.21.0 | host docker-runner-6aa540df4097 | device NPU Krackan 1 | pmode default,iron/operators/swiglu_prefill/test.py::test_weight_layout_reaches_both_gemms,b_col_maj_True,5/5,no,,,,,,,,,,,,,,,
416c53de436a8336898b5be313cb6d3100ba3795,2026-10-03 08:22:18,commit 416c53de43 | peano 22.0.0+0006955e | mlir_aie 1.4.4.dev73+g18ca6c1 | kernels 5726d482c21a | runtime CachedXRTRuntime | xdna 2.21.0_20260625 | xrt 2.21.0 | host docker-runner-6aa540df4097 | device NPU Krackan 1 | pmode default,iron/operators/tanh/test.py::test_tanh,input_length_1024-num_aie_columns_1-num_channels_1-tile_size_1024,5/5,no,160.57999999999998,149.1,117.7,208.2,34.60125720259308,0.026482326,0.02746707,0.01967566,0.03480211,0.005747215447921714,,,,,
416c53de436a8336898b5be313cb6d3100ba3795,2026-10-03 08:22:18,commit 416c53de43 | peano 22.0.0+0006955e | mlir_aie 1.4.4.dev73+g18ca6c1 | kernels 5726d482c21a | runtime CachedXRTRuntime | xdna 2.21.0_20260625 | xrt 2.21.0 | host docker-runner-6aa540df4097 | device NPU Krackan 1 | pmode default,iron/operators/tanh/test.py::test_tanh,input_length_1024-num_aie_columns_1-num_channels_2-tile_size_512,5/5,no,174.48,173.7,123.8,231.2,38.10665296244213,0.024413486,0.02358768,0.0177201,0.03308963,0.005513312633465475,,,,,
416c53de436a8336898b5be313cb6d3100ba3795,2026-10-03 08:22:18,commit 416c53de43 | peano 22.0.0+0006955e | mlir_aie 1.4.4.dev73+g18ca6c1 | kernels 5726d482c21a | runtime CachedXRTRuntime | xdna 2.21.0_20260625 | xrt 2.21.0 | host docker-runner-6aa540df4097 | device NPU Krackan 1 | pmode default,iron/operators/tanh/test.py::test_tanh,input_length_1024-num_aie_columns_2-num_channels_1-tile_size_512,5/5,no,183.36,182.6,145.6,225.8,28.498912259944245,0.022774466,0.02243314,0.01813922,0.02813438,0.003557306329272192,,,,,
416c53de436a8336898b5be313cb6d3100ba3795,2026-10-03 08:22:18,commit 416c53de43 | peano 22.0.0+0006955e | mlir_aie 1.4.4.dev73+g18ca6c1 | kernels 5726d482c21a | runtime CachedXRTRuntime | xdna 2.21.0_20260625 | xrt 2.21.0 | host docker-runner-6aa540df4097 | device NPU Krackan 1 | pmode default,iron/operators/tanh/test.py::test_tanh,input_length_1024-num_aie_columns_2-num_channels_2-tile_size_256,5/5,no,192.62,180.1,165.6,253.4,36.08977694583329,0.021784162,0.02274141,0.01616532,0.02472758,0.003495405017908511,,,,,
416c53de436a8336898b5be313cb6d3100ba3795,2026-10-03 08:22:18,commit 416c53de43 | peano 22.0.0+0006955e | mlir_aie 1.4.4.dev73+g18ca6c1 | kernels 5726d482c21a | runtime CachedXRTRuntime | xdna 2.21.0_20260625 | xrt 2.21.0 | host docker-runner-6aa540df4097 | device NPU Krackan 1 | pmode default,iron/operators/tanh/test.py::test_tanh,input_length_1024-num_aie_columns_4-num_channels_1-tile_size_256,5/5,no,179.22,181.8,148.1,200.1,20.364356115526956,0.023110198,0.02252579,0.02047478,0.02765475,0.0028327810279776293,,,,,
416c53de436a8336898b5be313cb6d3100ba3795,2026-10-03 08:22:18,commit 416c53de43 | peano 22.0.0+0006955e | mlir_aie 1.4.4.dev73+g18ca6c1 | kernels 5726d482c21a | runtime CachedXRTRuntime | xdna 2.21.0_20260625 | xrt 2.21.0 | host docker-runner-6aa540df4097 | device NPU Krackan 1 | pmode default,iron/operators/tanh/test.py::test_tanh,input_length_1024-num_aie_columns_4-num_channels_2-tile_size_128,5/5,no,184.54,190.5,140.6,223.7,30.40744974508714,0.022723248,0.02149759,0.01830655,0.02913892,0.004043274969578497,,,,,
416c53de436a8336898b5be313cb6d3100ba3795,2026-10-03 08:22:18,commit 416c53de43 | peano 22.0.0+0006955e | mlir_aie 1.4.4.dev73+g18ca6c1 | kernels 5726d482c21a | runtime CachedXRTRuntime | xdna 2.21.0_20260625 | xrt 2.21.0 | host docker-runner-6aa540df4097 | device NPU Krackan 1 | pmode default,iron/operators/tanh/test.py::test_tanh,input_length_1024-num_aie_columns_8-num_channels_1-tile_size_128,5/5,no,179.74,178.5,137.0,213.7,28.656814198371734,0.023304236,0.02294549,0.01916822,0.02990632,0.004084159872915114,,,,,
416c53de436a8336898b5be313cb6d3100ba3795,2026-10-03 08:22:18,commit 416c53de43 | peano 22.0.0+0006955e | mlir_aie 1.4.4.dev73+g18ca6c1 | kernels 5726d482c21a | runtime CachedXRTRuntime | xdna 2.21.0_20260625 | xrt 2.21.0 | host docker-runner-6aa540df4097 | device NPU Krackan 1 | pmode default,iron/operators/tanh/test.py::test_tanh,input_length_1024-num_aie_columns_8-num_channels_2-tile_size_64,5/5,no,232.84,226.6,204.8,273.6,25.86905487256928,0.017756545999999998,0.01807423,0.01497021,0.01999902,0.0018675200725641477,,,,,
416c53de436a8336898b5be313cb6d3100ba3795,2026-10-03 08:22:18,commit 416c53de43 | peano 22.0.0+0006955e | mlir_aie 1.4.4.dev73+g18ca6c1 | kernels 5726d482c21a | runtime CachedXRTRuntime | xdna 2.21.0_20260625 | xrt 2.21.0 | host docker-runner-6aa540df4097 | device NPU Krackan 1 | pmode default,iron/operators/tanh/test.py::test_tanh,input_length_2048-num_aie_columns_1-num_channels_1-tile_size_2048,5/5,no,178.52,181.8,131.9,226.3,34.37967422765958,0.047326736,0.04505158,0.03619318,0.06209777,0.009563389479621228,,,,,
416c53de436a8336898b5be313cb6d3100ba3795,2026-10-03 08:22:18,commit 416c53de43 | peano 22.0.0+0006955e | mlir_aie 1.4.4.dev73+g18ca6c1 | kernels 5726d482c21a | runtime CachedXRTRuntime | xdna 2.21.0_20260625 | xrt 2.21.0 | host docker-runner-6aa540df4097 | device NPU Krackan 1 | pmode default,iron/operators/tanh/test.py::test_tanh,input_length_2048-num_aie_columns_1-num_channels_2-tile_size_1024,5/5,no,161.57999999999998,154.8,133.2,196.0,27.710683860200927,0.051880775999999997,0.05292161,0.04180168,0.06148119,0.008659732932393468,,,,,
416c53de436a8336898b5be313cb6d3100ba3795,2026-10-03 08:22:18,commit 416c53de43 | peano 22.0.0+0006955e | mlir_aie 1.4.4.dev73+g18ca6c1 | kernels 5726d482c21a | runtime CachedXRTRuntime | xdna 2.21.0_20260625 | xrt 2.21.0 | host docker-runner-6aa540df4097 | device NPU Krackan 1 | pmode default,iron/operators/tanh/test.py::test_tanh,input_length_2048-num_aie_columns_2-num_channels_1-tile_size_1024,5/5,no,181.12,191.6,133.0,214.4,31.146540738900686,0.04648135,0.04275686,0.03821466,0.06161576,0.009172133576971064,,,,,
416c53de436a8336898b5be313cb6d3100ba3795,2026-10-03 08:22:18,commit 416c53de43 | peano 22.0.0+0006955e | mlir_aie 1.4.4.dev73+g18ca6c1 | kernels 5726d482c21a | runtime CachedXRTRuntime | xdna 2.21.0_20260625 | xrt 2.21.0 | host docker-runner-6aa540df4097 | device NPU Krackan 1 | pmode default,iron/operators/tanh/test.py::test_tanh,input_length_2048-num_aie_columns_2-num_channels_2-tile_size_512,5/5,no,170.6,181.0,143.1,186.4,18.403124734674815,0.048511222,0.04526342,0.04395463,0.05726549,0.005641917123591058,,,,,
416c53de436a8336898b5be313cb6d3100ba3795,2026-10-03 08:22:18,commit 416c53de43 | peano 22.0.0+0006955e | mlir_aie 1.4.4.dev73+g18ca6c1 | kernels 5726d482c21a | runtime CachedXRTRuntime | xdna 2.21.0_20260625 | xrt 2.21.0 | host docker-runner-6aa540df4097 | device NPU Krackan 1 | pmode default,iron/operators/tanh/test.py::test_tanh,input_length_2048-num_aie_columns_4-num_channels_1-tile_size_512,5/5,no,193.7,188.3,166.1,240.6,27.80260779135655,0.042921944,0.04351013,0.03405005,0.0493087,0.005520856736239404,,,,,
416c53de436a8336898b5be313cb6d3100ba3795,2026-10-03 08:22:18,commit 416c53de43 | peano 22.0.0+0006955e | mlir_aie 1.4.4.dev73+g18ca6c1 | kernels 5726d482c21a | runtime CachedXRTRuntime | xdna 2.21.0_20260625 | xrt 2.21.0 | host docker-runner-6aa540df4097 | device NPU Krackan 1 | pmode default,iron/operators/tanh/test.py::test_tanh,input_length_2048-num_aie_columns_4-num_channels_2-tile_size_256,5/5,no,175.22,173.3,139.4,214.0,30.513554365232512,0.047913204,0.04728182,0.03827554,0.05877668,0.008379838366524738,,,,,
416c53de436a8336898b5be313cb6d3100ba3795,2026-10-03 08:22:18,commit 416c53de43 | peano 22.0.0+0006955e | mlir_aie 1.4.4.dev73+g18ca6c1 | kernels 5726d482c21a | runtime CachedXRTRuntime | xdna 2.21.0_20260625 | xrt 2.21.0 | host docker-runner-6aa540df4097 | device NPU Krackan 1 | pmode default,iron/operators/tanh/test.py::test_tanh,input_length_2048-num_aie_columns_8-num_channels_1-tile_size_256,5/5,no,171.66,170.7,155.8,181.9,10.872120308385114,0.047880206,0.04800356,0.0450392,0.05256471,0.003109079647866873,,,,,
416c53de436a8336898b5be313cb6d3100ba3795,2026-10-03 08:22:18,commit 416c53de43 | peano 22.0.0+0006955e | mlir_aie 1.4.4.dev73+g18ca6c1 | kernels 5726d482c21a | runtime CachedXRTRuntime | xdna 2.21.0_20260625 | xrt 2.21.0 | host docker-runner-6aa540df4097 | device NPU Krackan 1 | pmode default,iron/operators/tanh/test.py::test_tanh,input_length_2048-num_aie_columns_8-num_channels_2-tile_size_128,5/5,no,200.85999999999999,205.1,156.2,235.7,28.49268327132424,0.04151724,0.03994734,0.03475487,0.05243988,0.006539541971946507,,,,,
416c53de436a8336898b5be313cb6d3100ba3795,2026-10-03 08:22:18,commit 416c53de43 | peano 22.0.0+0006955e | mlir_aie 1.4.4.dev73+g18ca6c1 | kernels 5726d482c21a | runtime CachedXRTRuntime | xdna 2.21.0_20260625 | xrt 2.21.0 | host docker-runner-6aa540df4097 | device NPU Krackan 1 | pmode default,iron/operators/tanh/test.py::test_tanh,input_length_4096-num_aie_columns_1-num_channels_1-tile_size_4096,5/5,no,167.72,160.6,150.9,193.2,16.734306080623714,0.098444064,0.1020016,0.08481736,0.1086062,0.009342100355416872,,,,,
416c53de436a8336898b5be313cb6d3100ba3795,2026-10-03 08:22:18,commit 416c53de43 | peano 22.0.0+0006955e | mlir_aie 1.4.4.dev73+g18ca6c1 | kernels 5726d482c21a | runtime CachedXRTRuntime | xdna 2.21.0_20260625 | xrt 2.21.0 | host docker-runner-6aa540df4097 | device NPU Krackan 1 | pmode default,iron/operators/tanh/test.py::test_tanh,input_length_4096-num_aie_columns_1-num_channels_2-tile_size_2048,5/5,no,150.02,152.8,132.4,162.7,11.245087816464569,0.10973546,0.1072392,0.1007254,0.1237724,0.008665937264254802,,,,,
416c53de436a8336898b5be313cb6d3100ba3795,2026-10-03 08:22:18,commit 416c53de43 | peano 22.0.0+0006955e | mlir_aie 1.4.4.dev73+g18ca6c1 | kernels 5726d482c21a | runtime CachedXRTRuntime | xdna 2.21.0_20260625 | xrt 2.21.0 | host docker-runner-6aa540df4097 | device NPU Krackan 1 | pmode default,iron/operators/tanh/test.py::test_tanh,input_length_4096-num_aie_columns_2-num_channels_1-tile_size_2048,5/5,no,168.92000000000002,165.5,160.8,180.5,7.684855236112125,0.09714671400000001,0.09899997,0.09075349,0.1019184,0.004337056676886988,,,,,
416c53de436a8336898b5be313cb6d3100ba3795,2026-10-03 08:22:18,commit 416c53de43 | peano 22.0.0+0006955e | mlir_aie 1.4.4.dev73+g18ca6c1 | kernels 5726d482c21a | runtime CachedXRTRuntime | xdna 2.21.0_20260625 | xrt 2.21.0 | host docker-runner-6aa540df4097 | device NPU Krackan 1 | pmode default,iron/operators/tanh/test.py::test_tanh,input_length_4096-num_aie_columns_2-num_channels_2-tile_size_1024,5/5,no,177.34,165.9,145.7,206.2,26.490998471178845,0.09406207999999999,0.09874281,0.07946763,0.1124526,0.01400728492890396,,,,,
416c53de436a8336898b5be313cb6d3100ba3795,2026-10-03 08:22:18,commit 416c53de43 | peano 22.0.0+0006955e | mlir_aie 1.4.4.dev73+g18ca6c1 | kernels 5726d482c21a | runtime CachedXRTRuntime | xdna 2.21.0_20260625 | xrt 2.21.0 | host docker-runner-6aa540df4097 | device NPU Krackan 1 | pmode default,iron/operators/tanh/test.py::test_tanh,input_length_4096-num_aie_columns_4-num_channels_1-tile_size_1024,5/5,no,173.28,169.1,142.5,219.6,28.228744215781187,0.096404724,0.09689973,0.07459887,0.1149504,0.01438483351229099,,,,,
416c53de436a8336898b5be313cb6d3100ba3795,2026-10-03 08:22:18,commit 416c53de43 | peano 22.0.0+0006955e | mlir_aie 1.4.4.dev73+g18ca6c1 | kernels 5726d482c21a | runtime CachedXRTRuntime | xdna 2.21.0_20260625 | xrt 2.21.0 | host docker-runner-6aa540df4097 | device NPU Krackan 1 | pmode default,iron/operators/tanh/test.py::test_tanh,input_length_4096-num_aie_columns_4-num_channels_2-tile_size_512,5/5,no,205.24,200.6,168.9,257.8,32.313046900594195,0.081303954,0.08165788,0.0635529,0.09701506,0.011877531524815249,,,,,
416c53de436a8336898b5be313cb6d3100ba3795,2026-10-03 08:22:18,commit 416c53de43 | peano 22.0.0+0006955e | mlir_aie 1.4.4.dev73+g18ca6c1 | kernels 5726d482c21a | runtime CachedXRTRuntime | xdna 2.21.0_20260625 | xrt 2.21.0 | host docker-runner-6aa540df4097 | device NPU Krackan 1 | pmode default,iron/operators/tanh/test.py::test_tanh,input_length_4096-num_aie_columns_8-num_channels_1-tile_size_512,5/5,no,171.85999999999999,174.1,130.2,210.8,29.146749389940563,0.097699984,0.09410575,0.07771522,0.1258488,0.017736827085982152,,,,,
416c53de436a8336898b5be313cb6d3100ba3795,2026-10-03 08:22:18,commit 416c53de43 | peano 22.0.0+0006955e | mlir_aie 1.4.4.dev73+g18ca6c1 | kernels 5726d482c21a | runtime CachedXRTRuntime | xdna 2.21.0_20260625 | xrt 2.21.0 | host docker-runner-6aa540df4097 | device NPU Krackan 1 | pmode default,iron/operators/tanh/test.py::test_tanh,input_length_4096-num_aie_columns_8-num_channels_2-tile_size_256,5/5,no,227.54000000000002,205.8,167.8,327.3,61.499252027971856,0.075770164,0.07959542,0.05005163,0.09761154,0.017816813335634122,,,,,
416c53de436a8336898b5be313cb6d3100ba3795,2026-10-03 08:22:18,commit 416c53de43 | peano 22.0.0+0006955e | mlir_aie 1.4.4.dev73+g18ca6c1 | kernels 5726d482c21a | runtime CachedXRTRuntime | xdna 2.21.0_20260625 | xrt 2.21.0 | host docker-runner-6aa540df4097 | device NPU Krackan 1 | pmode default,iron/operators/tanh/test.py::test_tanh,input_length_8192-num_aie_columns_1-num_channels_2-tile_size_4096,5/5,no,169.66,166.2,142.6,196.5,20.44120837915411,0.1954389,0.1972123,0.1667634,0.229722,0.02386962818321643,,,,,
416c53de436a8336898b5be313cb6d3100ba3795,2026-10-03 08:22:18,commit 416c53de43 | peano 22.0.0+0006955e | mlir_aie 1.4.4.dev73+g18ca6c1 | kernels 5726d482c21a | runtime CachedXRTRuntime | xdna 2.21.0_20260625 | xrt 2.21.0 | host docker-runner-6aa540df4097 | device NPU Krackan 1 | pmode default,iron/operators/tanh/test.py::test_tanh,input_length_8192-num_aie_columns_2-num_channels_1-tile_size_4096,5/5,no,166.96,165.7,133.7,211.9,30.870017816645333,0.20151908,0.1977251,0.1546295,0.2450604,0.03588333698406546,,,,,
416c53de436a8336898b5be313cb6d3100ba3795,2026-10-03 08:22:18,commit 416c53de43 | peano 22.0.0+0006955e | mlir_aie 1.4.4.dev73+g18ca6c1 | kernels 5726d482c21a | runtime CachedXRTRuntime | xdna 2.21.0_20260625 | xrt 2.21.0 | host docker-runner-6aa540df4097 | device NPU Krackan 1 | pmode default,iron/operators/tanh/test.py::test_tanh,input_length_8192-num_aie_columns_2-num_channels_2-tile_size_2048,5/5,no,177.02,176.9,164.7,192.5,10.060665981931816,0.18557556,0.1852482,0.1702181,0.198975,0.010342847853130202,,,,,
416c53de436a8336898b5be313cb6d3100ba3795,2026-10-03 08:22:18,commit 416c53de43 | peano 22.0.0+0006955e | mlir_aie 1.4.4.dev73+g18ca6c1 | kernels 5726d482c21a | runtime CachedXRTRuntime | xdna 2.21.0_20260625 | xrt 2.21.0 | host docker-runner-6aa540df4097 | device NPU Krackan 1 | pmode default,iron/operators/tanh/test.py::test_tanh,input_length_8192-num_aie_columns_4-num_channels_1-tile_size_2048,5/5,no,176.34,177.5,134.2,219.7,30.65718512844909,0.1905449,0.1846209,0.1491163,0.2441984,0.034514581113856795,,,,,
416c53de436a8336898b5be313cb6d3100ba3795,2026-10-03 08:22:18,commit 416c53de43 | peano 22.0.0+0006955e | mlir_aie 1.4.4.dev73+g18ca6c1 | kernels 5726d482c21a | runtime CachedXRTRuntime | xdna 2.21.0_20260625 | xrt 2.21.0 | host docker-runner-6aa540df4097 | device NPU Krackan 1 | pmode default,iron/operators/tanh/test.py::test_tanh,input_length_8192-num_aie_columns_4-num_channels_2-tile_size_1024,5/5,no,169.9,179.5,144.9,191.3,21.24629379444801,0.1953915,0.1825088,0.1712607,0.2261484,0.0254124993326119,,,,,
416c53de436a8336898b5be313cb6d3100ba3795,2026-10-03 08:22:18,commit 416c53de43 | peano 22.0.0+0006955e | mlir_aie 1.4.4.dev73+g18ca6c1 | kernels 5726d482c21a | runtime CachedXRTRuntime | xdna 2.21.0_20260625 | xrt 2.21.0 | host docker-runner-6aa540df4097 | device NPU Krackan 1 | pmode default,iron/operators/tanh/test.py::test_tanh,input_length_8192-num_aie_columns_8-num_channels_1-tile_size_1024,5/5,no,172.92,187.6,118.7,207.1,39.17252863934112,0.19867984,0.1747002,0.1582582,0.2760433,0.051077588398464935,,,,,
416c53de436a8336898b5be313cb6d3100ba3795,2026-10-03 08:22:18,commit 416c53de43 | peano 22.0.0+0006955e | mlir_aie 1.4.4.dev73+g18ca6c1 | kernels 5726d482c21a | runtime CachedXRTRuntime | xdna 2.21.0_20260625 | xrt 2.21.0 | host docker-runner-6aa540df4097 | device NPU Krackan 1 | pmode default,iron/operators/tanh/test.py::test_tanh,input_length_8192-num_aie_columns_8-num_channels_2-tile_size_512,5/5,no,210.2,209.0,171.9,252.2,29.751050401624475,0.1584139,0.1567862,0.1299132,0.1906369,0.02251979649031047,,,,,
416c53de436a8336898b5be313cb6d3100ba3795,2026-10-03 08:22:18,commit 416c53de43 | peano 22.0.0+0006955e | mlir_aie 1.4.4.dev73+g18ca6c1 | kernels 5726d482c21a | runtime CachedXRTRuntime | xdna 2.21.0_20260625 | xrt 2.21.0 | host docker-runner-6aa540df4097 | device NPU Krackan 1 | pmode default,iron/operators/tanh/test.py::test_tanh,input_length_8388608-num_aie_columns_8-num_channels_2-tile_size_4096,5/5,yes,726.14,715.1,665.5,777.0,46.79960469918522,46.365716,46.92403,43.18638,50.41943,3.0069139919824766,,,,,
416c53de436a8336898b5be313cb6d3100ba3795,2026-10-03 08:22:18,commit 416c53de43 | peano 22.0.0+0006955e | mlir_aie 1.4.4.dev73+g18ca6c1 | kernels 5726d482c21a | runtime CachedXRTRuntime | xdna 2.21.0_20260625 | xrt 2.21.0 | host docker-runner-6aa540df4097 | device NPU Krackan 1 | pmode default,iron/operators/transpose/test.py::test_a_dimension_that_floors_to_zero_is_refused_by_name,M_2048-N_128-aie_columns_8-channels_1-m_256-n_32-bad_num_aie_columns,5/5,no,,,,,,,,,,,,,,,
416c53de436a8336898b5be313cb6d3100ba3795,2026-10-03 08:22:18,commit 416c53de43 | peano 22.0.0+0006955e | mlir_aie 1.4.4.dev73+g18ca6c1 | kernels 5726d482c21a | runtime CachedXRTRuntime | xdna 2.21.0_20260625 | xrt 2.21.0 | host docker-runner-6aa540df4097 | device NPU Krackan 1 | pmode default,iron/operators/transpose/test.py::test_a_dimension_that_floors_to_zero_is_refused_by_name,M_256-N_2048-aie_columns_1-channels_2-m_256-n_32-bad_num_channels,5/5,no,,,,,,,,,,,,,,,
416c53de436a8336898b5be313cb6d3100ba3795,2026-10-03 08:22:18,commit 416c53de43 | peano 22.0.0+0006955e | mlir_aie 1.4.4.dev73+g18ca6c1 | kernels 5726d482c21a | runtime CachedXRTRuntime | xdna 2.21.0_20260625 | xrt 2.21.0 | host docker-runner-6aa540df4097 | device NPU Krackan 1 | pmode default,iron/operators/transpose/test.py::test_a_tiling_that_fits_is_still_accepted,aie_columns_1,5/5,no,,,,,,,,,,,,,,,
416c53de436a8336898b5be313cb6d3100ba3795,2026-10-03 08:22:18,commit 416c53de43 | peano 22.0.0+0006955e | mlir_aie 1.4.4.dev73+g18ca6c1 | kernels 5726d482c21a | runtime CachedXRTRuntime | xdna 2.21.0_20260625 | xrt 2.21.0 | host docker-runner-6aa540df4097 | device NPU Krackan 1 | pmode default,iron/operators/transpose/test.py::test_a_tiling_that_fits_is_still_accepted,aie_columns_2,5/5,no,,,,,,,,,,,,,,,
416c53de436a8336898b5be313cb6d3100ba3795,2026-10-03 08:22:18,commit 416c53de43 | peano 22.0.0+0006955e | mlir_aie 1.4.4.dev73+g18ca6c1 | kernels 5726d482c21a | runtime CachedXRTRuntime | xdna 2.21.0_20260625 | xrt 2.21.0 | host docker-runner-6aa540df4097 | device NPU Krackan 1 | pmode default,iron/operators/transpose/test.py::test_a_tiling_that_fits_is_still_accepted,aie_columns_4,5/5,no,,,,,,,,,,,,,,,
416c53de436a8336898b5be313cb6d3100ba3795,2026-10-03 08:22:18,commit 416c53de43 | peano 22.0.0+0006955e | mlir_aie 1.4.4.dev73+g18ca6c1 | kernels 5726d482c21a | runtime CachedXRTRuntime | xdna 2.21.0_20260625 | xrt 2.21.0 | host docker-runner-6aa540df4097 | device NPU Krackan 1 | pmode default,iron/operators/transpose/test.py::test_transpose,M_2048-N_128-aie_columns_1-channels_1-m_64-n_64-s_8-num_batches_1,5/5,no,207.98,219.8,179.7,223.9,20.138942375407908,5.0818206,4.76955,4.682481,5.836057,0.5198639281449524,,,,,
416c53de436a8336898b5be313cb6d3100ba3795,2026-10-03 08:22:18,commit 416c53de43 | peano 22.0.0+0006955e | mlir_aie 1.4.4.dev73+g18ca6c1 | kernels 5726d482c21a | runtime CachedXRTRuntime | xdna 2.21.0_20260625 | xrt 2.21.0 | host docker-runner-6aa540df4097 | device NPU Krackan 1 | pmode default,iron/operators/transpose/test.py::test_transpose,M_2048-N_128-aie_columns_1-channels_2-m_64-n_64-s_8-num_batches_1,5/5,no,214.38,218.3,186.7,242.2,26.171874216417898,4.9513647999999995,4.802382,4.330257,5.61682,0.6142013846961759,,,,,
416c53de436a8336898b5be313cb6d3100ba3795,2026-10-03 08:22:18,commit 416c53de43 | peano 22.0.0+0006955e | mlir_aie 1.4.4.dev73+g18ca6c1 | kernels 5726d482c21a | runtime CachedXRTRuntime | xdna 2.21.0_20260625 | xrt 2.21.0 | host docker-runner-6aa540df4097 | device NPU Krackan 1 | pmode default,iron/operators/transpose/test.py::test_transpose,M_2048-N_128-aie_columns_2-channels_1-m_64-n_64-s_8-num_batches_1,5/5,no,213.07999999999998,213.7,187.2,231.2,16.34860850347821,4.9454708,4.90594,4.534775,5.602385,0.4018077156696969,,,,,
416c53de436a8336898b5be313cb6d3100ba3795,2026-10-03 08:22:18,commit 416c53de43 | peano 22.0.0+0006955e | mlir_aie 1.4.4.dev73+g18ca6c1 | kernels 5726d482c21a | runtime CachedXRTRuntime | xdna 2.21.0_20260625 | xrt 2.21.0 | host docker-runner-6aa540df4097 | device NPU Krackan 1 | pmode default,iron/operators/transpose/test.py::test_transpose,M_2048-N_128-aie_columns_2-channels_2-m_64-n_64-s_8-num_batches_1,5/5,no,224.9,218.2,191.0,297.3,42.3907419137717,4.7769308,4.806564,3.526818,5.488978,0.7653397893071417,,,,,
416c53de436a8336898b5be313cb6d3100ba3795,2026-10-03 08:22:18,commit 416c53de43 | peano 22.0.0+0006955e | mlir_aie 1.4.4.dev73+g18ca6c1 | kernels 5726d482c21a | runtime CachedXRTRuntime | xdna 2.21.0_20260625 | xrt 2.21.0 | host docker-runner-6aa540df4097 | device NPU Krackan 1 | pmode default,iron/operators/transpose/test.py::test_transpose,M_2048-N_256-aie_columns_1-channels_1-m_64-n_64-s_8-num_batches_1,5/5,no,256.74,261.6,235.5,282.8,20.2411215104302,8.2088852,8.015165,7.416773,8.905936,0.6471755989024155,,,,,
416c53de436a8336898b5be313cb6d3100ba3795,2026-10-03 08:22:18,commit 416c53de43 | peano 22.0.0+0006955e | mlir_aie 1.4.4.dev73+g18ca6c1 | kernels 5726d482c21a | runtime CachedXRTRuntime | xdna 2.21.0_20260625 | xrt 2.21.0 | host docker-runner-6aa540df4097 | device NPU Krackan 1 | pmode default,iron/operators/transpose/test.py::test_transpose,M_2048-N_256-aie_columns_1-channels_2-m_64-n_64-s_8-num_batches_1,5/5,no,260.24,257.6,227.8,323.8,38.76329449363148,8.1887514,8.141434,6.476969,9.204333,1.1014239265856265,,,,,
416c53de436a8336898b5be313cb6d3100ba3795,2026-10-03 08:22:18,commit 416c53de43 | peano 22.0.0+0006955e | mlir_aie 1.4.4.dev73+g18ca6c1 | kernels 5726d482c21a | runtime CachedXRTRuntime | xdna 2.21.0_20260625 | xrt 2.21.0 | host docker-runner-6aa540df4097 | device NPU Krackan 1 | pmode default,iron/operators/transpose/test.py::test_transpose,M_2048-N_256-aie_columns_2-channels_1-m_64-n_64-s_8-num_batches_1,5/5,no,273.92,278.9,234.4,301.6,24.462972018951422,7.7087896,7.518021,6.954482,8.948192,0.7412551518231091,,,,,
416c53de436a8336898b5be313cb6d3100ba3795,2026-10-03 08:22:18,commit 416c53de43 | peano 22.0.0+0006955e | mlir_aie 1.4.4.dev73+g18ca6c1 | kernels 5726d482c21a | runtime CachedXRTRuntime | xdna 2.21.0_20260625 | xrt 2.21.0 | host docker-runner-6aa540df4097 | device NPU Krackan 1 | pmode default,iron/operators/transpose/test.py::test_transpose,M_2048-N_256-aie_columns_2-channels_2-m_64-n_64-s_8-num_batches_1,5/5,no,250.36,247.8,221.3,271.3,21.192876161578443,8.425721,8.462366,7.72984,9.476469,0.7299239458347697,,,,,
416c53de436a8336898b5be313cb6d3100ba3795,2026-10-03 08:22:18,commit 416c53de43 | peano 22.0.0+0006955e | mlir_aie 1.4.4.dev73+g18ca6c1 | kernels 5726d482c21a | runtime CachedXRTRuntime | xdna 2.21.0_20260625 | xrt 2.21.0 | host docker-runner-6aa540df4097 | device NPU Krackan 1 | pmode default,iron/operators/transpose/test.py::test_transpose,M_2048-N_256-aie_columns_4-channels_1-m_64-n_64-s_8-num_batches_1,5/5,no,234.26,247.1,204.4,256.0,24.953616972294814,9.037863,8.488432,8.190784,10.26059,1.0006152349429822,,,,,
416c53de436a8336898b5be313cb6d3100ba3795,2026-10-03 08:22:18,commit 416c53de43 | peano 22.0.0+0006955e | mlir_aie 1.4.4.dev73+g18ca6c1 | kernels 5726d482c21a | runtime CachedXRTRuntime | xdna 2.21.0_20260625 | xrt 2.21.0 | host docker-runner-6aa540df4097 | device NPU Krackan 1 | pmode default,iron/operators/transpose/test.py::test_transpose,M_2048-N_256-aie_columns_4-channels_2-m_64-n_64-s_8-num_batches_1,5/5,no,263.03999999999996,249.7,205.5,360.2,59.48989830214874,8.2651396,8.397173,5.822737,10.20358,1.6442888069116084,,,,,
416c53de436a8336898b5be313cb6d3100ba3795,2026-10-03 08:22:18,commit 416c53de43 | peano 22.0.0+0006955e | mlir_aie 1.4.4.dev73+g18ca6c1 | kernels 5726d482c21a | runtime CachedXRTRuntime | xdna 2.21.0_20260625 | xrt 2.21.0 | host docker-runner-6aa540df4097 | device NPU Krackan 1 | pmode default,iron/operators/transpose/test.py::test_transpose,M_2048-N_512-aie_columns_1-channels_1-m_64-n_64-s_8-num_batches_1,5/5,no,367.7,376.4,333.1,386.3,20.820062439867936,11.437187999999999,11.14214,10.85665,12.59044,0.6846840704806849,,,,,
416c53de436a8336898b5be313cb6d3100ba3795,2026-10-03 08:22:18,commit 416c53de43 | peano 22.0.0+0006955e | mlir_aie 1.4.4.dev73+g18ca6c1 | kernels 5726d482c21a | runtime CachedXRTRuntime | xdna 2.21.0_20260625 | xrt 2.21.0 | host docker-runner-6aa540df4097 | device NPU Krackan 1 | pmode default,iron/operators/transpose/test.py::test_transpose,M_2048-N_512-aie_columns_1-channels_2-m_64-n_64-s_8-num_batches_1,5/5,no,367.04,362.1,342.3,411.1,26.264386533859877,11.471474,11.58235,10.20157,12.25469,0.7731532025931211,,,,,
416c53de436a8336898b5be313cb6d3100ba3795,2026-10-03 08:22:18,commit 416c53de43 | peano 22.0.0+0006955e | mlir_aie 1.4.4.dev73+g18ca6c1 | kernels 5726d482c21a | runtime CachedXRTRuntime | xdna 2.21.0_20260625 | xrt 2.21.0 | host docker-runner-6aa540df4097 | device NPU Krackan 1 | pmode default,iron/operators/transpose/test.py::test_transpose,M_2048-N_512-aie_columns_2-channels_1-m_64-n_64-s_8-num_batches_1,5/5,no,351.58,348.3,309.1,382.5,28.964581819870958,11.996646,12.04073,10.9647,13.56818,1.0262049584171766,,,,,
416c53de436a8336898b5be313cb6d3100ba3795,2026-10-03 08:22:18,commit 416c53de43 | peano 22.0.0+0006955e | mlir_aie 1.4.4.dev73+g18ca6c1 | kernels 5726d482c21a | runtime CachedXRTRuntime | xdna 2.21.0_20260625 | xrt 2.21.0 | host docker-runner-6aa540df4097 | device NPU Krackan 1 | pmode default,iron/operators/transpose/test.py::test_transpose,M_2048-N_512-aie_columns_2-channels_2-m_64-n_64-s_8-num_batches_1,5/5,no,332.08,340.9,297.6,373.5,31.8470877789477,12.72397,12.30477,11.22883,14.09533,1.2213186263829763,,,,,
416c53de436a8336898b5be313cb6d3100ba3795,2026-10-03 08:22:18,commit 416c53de43 | peano 22.0.0+0006955e | mlir_aie 1.4.4.dev73+g18ca6c1 | kernels 5726d482c21a | runtime CachedXRTRuntime | xdna 2.21.0_20260625 | xrt 2.21.0 | host docker-runner-6aa540df4097 | device NPU Krackan 1 | pmode default,iron/operators/transpose/test.py::test_transpose,M_2048-N_512-aie_columns_4-channels_1-m_64-n_64-s_8-num_batches_1,5/5,no,337.68,340.0,295.7,363.4,25.54206334656619,12.482596000000001,12.33666,11.54273,14.18423,1.0116284316783506,,,,,
416c53de436a8336898b5be313cb6d3100ba3795,2026-10-03 08:22:18,commit 416c53de43 | peano 22.0.0+0006955e | mlir_aie 1.4.4.dev73+g18ca6c1 | kernels 5726d482c21a | runtime CachedXRTRuntime | xdna 2.21.0_20260625 | xrt 2.21.0 | host docker-runner-6aa540df4097 | device NPU Krackan 1 | pmode default,iron/operators/transpose/test.py::test_transpose,M_2048-N_512-aie_columns_4-channels_2-m_64-n_64-s_8-num_batches_1,5/5,no,314.52,313.5,294.3,335.6,14.810367990026451,13.357924,13.37828,12.49726,14.24986,0.628432079090493,,,,,
416c53de436a8336898b5be313cb6d3100ba3795,2026-10-03 08:22:18,commit 416c53de43 | peano 22.0.0+0006955e | mlir_aie 1.4.4.dev73+g18ca6c1 | kernels 5726d482c21a | runtime CachedXRTRuntime | xdna 2.21.0_20260625 | xrt 2.21.0 | host docker-runner-6aa540df4097 | device NPU Krackan 1 | pmode default,iron/operators/transpose/test.py::test_transpose,M_2048-N_512-aie_columns_8-channels_1-m_64-n_64-s_8-num_batches_1,5/5,no,328.74,328.5,303.7,356.5,18.747479830633242,12.79165,12.76669,11.76427,13.81168,0.7254015951526441,,,,,
416c53de436a8336898b5be313cb6d3100ba3795,2026-10-03 08:22:18,commit 416c53de43 | peano 22.0.0+0006955e | mlir_aie 1.4.4.dev73+g18ca6c1 | kernels 5726d482c21a | runtime CachedXRTRuntime | xdna 2.21.0_20260625 | xrt 2.21.0 | host docker-runner-6aa540df4097 | device NPU Krackan 1 | pmode default,iron/operators/transpose/test.py::test_transpose,M_2048-N_512-aie_columns_8-channels_2-m_64-n_64-s_8-num_batches_1,5/5,no,379.7,329.0,319.4,507.0,81.470608197067,11.4130162,12.75,8.272561,13.13149,2.1459485416249384,,,,,
416c53de436a8336898b5be313cb6d3100ba3795,2026-10-03 08:22:18,commit 416c53de43 | peano 22.0.0+0006955e | mlir_aie 1.4.4.dev73+g18ca6c1 | kernels 5726d482c21a | runtime CachedXRTRuntime | xdna 2.21.0_20260625 | xrt 2.21.0 | host docker-runner-6aa540df4097 | device NPU Krackan 1 | pmode default,iron/operators/transpose/test.py::test_transpose,M_2048-N_64-aie_columns_1-channels_1-m_64-n_64-s_8-num_batches_1,5/5,no,185.96,178.1,160.9,224.8,27.03114869923216,2.8650768,2.944297,2.331744,3.25835,0.3948005606957772,,,,,
416c53de436a8336898b5be313cb6d3100ba3795,2026-10-03 08:22:18,commit 416c53de43 | peano 22.0.0+0006955e | mlir_aie 1.4.4.dev73+g18ca6c1 | kernels 5726d482c21a | runtime CachedXRTRuntime | xdna 2.21.0_20260625 | xrt 2.21.0 | host docker-runner-6aa540df4097 | device NPU Krackan 1 | pmode default,iron/operators/transpose/test.py::test_transpose,M_2048-N_64-aie_columns_1-channels_1-m_64-n_64-s_8-num_batches_2,5/5,no,228.76,237.9,174.3,255.0,31.704936524143992,4.6684168,4.408319,4.11166,6.015202,0.7691512896112834,,,,,
416c53de436a8336898b5be313cb6d3100ba3795,2026-10-03 08:22:18,commit 416c53de43 | peano 22.0.0+0006955e | mlir_aie 1.4.4.dev73+g18ca6c1 | kernels 5726d482c21a | runtime CachedXRTRuntime | xdna 2.21.0_20260625 | xrt 2.21.0 | host docker-runner-6aa540df4097 | device NPU Krackan 1 | pmode default,iron/operators/transpose/test.py::test_transpose,M_2048-N_64-aie_columns_1-channels_1-m_64-n_64-s_8-num_batches_4,5/5,no,263.44,251.0,235.0,313.9,32.74573254639449,8.0527736,8.356586,6.681232,8.922608,0.9324238966429381,,,,,
416c53de436a8336898b5be313cb6d3100ba3795,2026-10-03 08:22:18,commit 416c53de43 | peano 22.0.0+0006955e | mlir_aie 1.4.4.dev73+g18ca6c1 | kernels 5726d482c21a | runtime CachedXRTRuntime | xdna 2.21.0_20260625 | xrt 2.21.0 | host docker-runner-6aa540df4097 | device NPU Krackan 1 | pmode default,iron/operators/transpose/test.py::test_transpose,M_2048-N_64-aie_columns_1-channels_2-m_64-n_64-s_8-num_batches_1,5/5,no,198.94,196.7,154.5,250.9,38.134931493317254,2.7139452,2.665501,2.089729,3.393801,0.5167720201270575,,,,,
416c53de436a8336898b5be313cb6d3100ba3795,2026-10-03 08:22:18,commit 416c53de43 | peano 22.0.0+0006955e | mlir_aie 1.4.4.dev73+g18ca6c1 | kernels 5726d482c21a | runtime CachedXRTRuntime | xdna 2.21.0_20260625 | xrt 2.21.0 | host docker-runner-6aa540df4097 | device NPU Krackan 1 | pmode default,iron/operators/transpose/test.py::test_transpose,M_64-N_128-aie_columns_1-channels_1-m_64-n_64-s_8-num_batches_1,5/5,no,171.28,155.2,133.9,244.7,44.5253523287576,0.20029916,0.2110987,0.1339136,0.2447656,0.043801183050495344,,,,,
416c53de436a8336898b5be313cb6d3100ba3795,2026-10-03 08:22:18,commit 416c53de43 | peano 22.0.0+0006955e | mlir_aie 1.4.4.dev73+g18ca6c1 | kernels 5726d482c21a | runtime CachedXRTRuntime | xdna 2.21.0_20260625 | xrt 2.21.0 | host docker-runner-6aa540df4097 | device NPU Krackan 1 | pmode default,iron/operators/transpose/test.py::test_transpose,M_64-N_128-aie_columns_2-channels_1-m_64-n_64-s_8-num_batches_1,5/5,no,175.4,177.6,162.2,185.2,9.110707985661712,0.18722394,0.1844858,0.1769694,0.2020371,0.009958322708568945,,,,,
416c53de436a8336898b5be313cb6d3100ba3795,2026-10-03 08:22:18,commit 416c53de43 | peano 22.0.0+0006955e | mlir_aie 1.4.4.dev73+g18ca6c1 | kernels 5726d482c21a | runtime CachedXRTRuntime | xdna 2.21.0_20260625 | xrt 2.21.0 | host docker-runner-6aa540df4097 | device NPU Krackan 1 | pmode default,iron/operators/transpose/test.py::test_transpose,M_64-N_256-aie_columns_1-channels_1-m_64-n_64-s_8-num_batches_1,5/5,no,181.14000000000001,189.0,156.3,205.4,21.172694679704804,0.36590484,0.3468247,0.3190792,0.4193311,0.04379233249968537,,,,,
416c53de436a8336898b5be313cb6d3100ba3795,2026-10-03 08:22:18,commit 416c53de43 | peano 22.0.0+0006955e | mlir_aie 1.4.4.dev73+g18ca6c1 | kernels 5726d482c21a | runtime CachedXRTRuntime | xdna 2.21.0_20260625 | xrt 2.21.0 | host docker-runner-6aa540df4097 | device NPU Krackan 1 | pmode default,iron/operators/transpose/test.py::test_transpose,M_64-N_256-aie_columns_2-channels_1-m_64-n_64-s_8-num_batches_1,5/5,no,175.96,167.0,150.3,205.0,23.78934635503884,0.37780708,0.3923442,0.3196878,0.4360462,0.049838811512284274,,,,,
416c53de436a8336898b5be313cb6d3100ba3795,2026-10-03 08:22:18,commit 416c53de43 | peano 22.0.0+0006955e | mlir_aie 1.4.4.dev73+g18ca6c1 | kernels 5726d482c21a | runtime CachedXRTRuntime | xdna 2.21.0_20260625 | xrt 2.21.0 | host docker-runner-6aa540df4097 | device NPU Krackan 1 | pmode default,iron/operators/transpose/test.py::test_transpose,M_64-N_256-aie_columns_4-channels_1-m_64-n_64-s_8-num_batches_1,5/5,no,161.5,158.0,129.5,206.0,28.466295860192275,0.41533412000000003,0.4147034,0.3181483,0.5058859,0.06890735838883247,,,,,
416c53de436a8336898b5be313cb6d3100ba3795,2026-10-03 08:22:18,commit 416c53de43 | peano 22.0.0+0006955e | mlir_aie 1.4.4.dev73+g18ca6c1 | kernels 5726d482c21a | runtime CachedXRTRuntime | xdna 2.21.0_20260625 | xrt 2.21.0 | host docker-runner-6aa540df4097 | device NPU Krackan 1 | pmode default,iron/operators/transpose/test.py::test_transpose,M_64-N_512-aie_columns_1-channels_1-m_64-n_64-s_8-num_batches_1,5/5,no,187.14000000000001,192.8,162.8,209.0,18.177128486094826,0.7058324,0.6798481,0.6270847,0.8049672,0.07044602029004192,,,,,
416c53de436a8336898b5be313cb6d3100ba3795,2026-10-03 08:22:18,commit 416c53de43 | peano 22.0.0+0006955e | mlir_aie 1.4.4.dev73+g18ca6c1 | kernels 5726d482c21a | runtime CachedXRTRuntime | xdna 2.21.0_20260625 | xrt 2.21.0 | host docker-runner-6aa540df4097 | device NPU Krackan 1 | pmode default,iron/operators/transpose/test.py::test_transpose,M_64-N_512-aie_columns_2-channels_1-m_64-n_64-s_8-num_batches_1,5/5,no,195.62,197.2,160.8,225.2,24.236996513594658,0.6787667000000001,0.6647833,0.5819499,0.8152968,0.08863462217872316,,,,,
416c53de436a8336898b5be313cb6d3100ba3795,2026-10-03 08:22:18,commit 416c53de43 | peano 22.0.0+0006955e | mlir_aie 1.4.4.dev73+g18ca6c1 | kernels 5726d482c21a | runtime CachedXRTRuntime | xdna 2.21.0_20260625 | xrt 2.21.0 | host docker-runner-6aa540df4097 | device NPU Krackan 1 | pmode default,iron/operators/transpose/test.py::test_transpose,M_64-N_512-aie_columns_4-channels_1-m_64-n_64-s_8-num_batches_1,5/5,no,170.46,164.9,122.7,239.3,43.1976041002276,0.80627438,0.7948382,0.5478339,1.068458,0.18907952250617197,,,,,
416c53de436a8336898b5be313cb6d3100ba3795,2026-10-03 08:22:18,commit 416c53de43 | peano 22.0.0+0006955e | mlir_aie 1.4.4.dev73+g18ca6c1 | kernels 5726d482c21a | runtime CachedXRTRuntime | xdna 2.21.0_20260625 | xrt 2.21.0 | host docker-runner-6aa540df4097 | device NPU Krackan 1 | pmode default,iron/operators/transpose/test.py::test_transpose,M_64-N_512-aie_columns_8-channels_1-m_64-n_64-s_8-num_batches_1,5/5,no,170.14,171.9,128.6,191.9,24.877359184608004,0.78617168,0.7625031,0.682969,1.019587,0.13530479956323427,,,,,
416c53de436a8336898b5be313cb6d3100ba3795,2026-10-03 08:22:18,commit 416c53de43 | peano 22.0.0+0006955e | mlir_aie 1.4.4.dev73+g18ca6c1 | kernels 5726d482c21a | runtime CachedXRTRuntime | xdna 2.21.0_20260625 | xrt 2.21.0 | host docker-runner-6aa540df4097 | device NPU Krackan 1 | pmode default,iron/operators/transpose/test.py::test_transpose,M_64-N_64-aie_columns_1-channels_1-m_64-n_64-s_8-num_batches_1,5/5,no,164.14,182.5,127.1,197.7,33.01950938460473,0.103377326,0.0897719,0.08285334,0.1289551,0.02216018624930937,,,,,
416c53de436a8336898b5be313cb6d3100ba3795,2026-10-03 08:22:18,commit 416c53de43 | peano 22.0.0+0006955e | mlir_aie 1.4.4.dev73+g18ca6c1 | kernels 5726d482c21a | runtime CachedXRTRuntime | xdna 2.21.0_20260625 | xrt 2.21.0 | host docker-runner-6aa540df4097 | device NPU Krackan 1 | pmode default,iron/operators/transpose/test.py::test_transpose,M_8192-N_512-aie_columns_8-channels_2-m_64-n_64-s_8-num_batches_1,5/5,yes,919.76,881.4,873.4,1087.7,93.97735365501629,18.375984,19.03439,15.4245,19.20926,1.652537556011965,,,,,
