Commit,Date,Provenance,Test Path,Test,Checks,Bench,Latency (mean),Latency (median),Latency (min),Latency (max),Latency (stddev),Bandwidth (mean),Bandwidth (median),Bandwidth (min),Bandwidth (max),Bandwidth (stddev),Throughput (mean),Throughput (median),Throughput (min),Throughput (max),Throughput (stddev)
3fc9a6084f934108c5c4982eb6ea39a6fcc55b67,2026-10-01 22:56:19,commit 3fc9a6084f | peano 22.0.0+773413fb | mlir_aie 1.4.4.dev53+gd53582d | kernels b07d1f67713f | device NPU Krackan 1 | pmode default,iron/operators/axpy/test.py::test_axpy,input_length_2048-num_aie_columns_1-tile_size_2048-scalar_factor_1.003,5/5,no,159.52,163.4,136.7,185.8,19.101230326866393,0.077913676,0.07519229,0.06614489,0.08986989,0.009286275835251717,,,,,
3fc9a6084f934108c5c4982eb6ea39a6fcc55b67,2026-10-01 22:56:19,commit 3fc9a6084f | peano 22.0.0+773413fb | mlir_aie 1.4.4.dev53+gd53582d | kernels b07d1f67713f | device NPU Krackan 1 | pmode default,iron/operators/axpy/test.py::test_axpy,input_length_2048-num_aie_columns_1-tile_size_2048-scalar_factor_3.0,5/5,no,200.2,185.0,172.2,256.6,33.4051642714117,0.062585108,0.06640978,0.04789168,0.07137629,0.009074307820432916,,,,,
3fc9a6084f934108c5c4982eb6ea39a6fcc55b67,2026-10-01 22:56:19,commit 3fc9a6084f | peano 22.0.0+773413fb | mlir_aie 1.4.4.dev53+gd53582d | kernels b07d1f67713f | device NPU Krackan 1 | pmode default,iron/operators/axpy/test.py::test_axpy,input_length_2048-num_aie_columns_2-tile_size_1024-scalar_factor_1.003,5/5,no,198.66,188.8,159.5,241.3,36.607280696604604,0.063543894,0.06509543,0.05091572,0.07704365,0.011484135093233188,,,,,
3fc9a6084f934108c5c4982eb6ea39a6fcc55b67,2026-10-01 22:56:19,commit 3fc9a6084f | peano 22.0.0+773413fb | mlir_aie 1.4.4.dev53+gd53582d | kernels b07d1f67713f | device NPU Krackan 1 | pmode default,iron/operators/axpy/test.py::test_axpy,input_length_2048-num_aie_columns_2-tile_size_1024-scalar_factor_3.0,5/5,no,189.68,190.6,146.6,234.2,31.371834501667255,0.066264384,0.06447246,0.05247111,0.08382049,0.011346323718594052,,,,,
3fc9a6084f934108c5c4982eb6ea39a6fcc55b67,2026-10-01 22:56:19,commit 3fc9a6084f | peano 22.0.0+773413fb | mlir_aie 1.4.4.dev53+gd53582d | kernels b07d1f67713f | device NPU Krackan 1 | pmode default,iron/operators/axpy/test.py::test_axpy,input_length_2048-num_aie_columns_4-tile_size_512-scalar_factor_1.003,5/5,no,174.57999999999998,190.0,130.6,221.1,38.62068098829952,0.073364632,0.0646662,0.05558873,0.09408954,0.01694287076681133,,,,,
3fc9a6084f934108c5c4982eb6ea39a6fcc55b67,2026-10-01 22:56:19,commit 3fc9a6084f | peano 22.0.0+773413fb | mlir_aie 1.4.4.dev53+gd53582d | kernels b07d1f67713f | device NPU Krackan 1 | pmode default,iron/operators/axpy/test.py::test_axpy,input_length_2048-num_aie_columns_4-tile_size_512-scalar_factor_3.0,5/5,no,196.6,175.5,164.1,287.2,51.363265083131154,0.065208844,0.07003545,0.04278149,0.07488436,0.012991655402543203,,,,,
3fc9a6084f934108c5c4982eb6ea39a6fcc55b67,2026-10-01 22:56:19,commit 3fc9a6084f | peano 22.0.0+773413fb | mlir_aie 1.4.4.dev53+gd53582d | kernels b07d1f67713f | device NPU Krackan 1 | pmode default,iron/operators/axpy/test.py::test_axpy,input_length_2048-num_aie_columns_8-tile_size_256-scalar_factor_1.003,5/5,no,211.54,219.1,183.1,246.1,25.633337667966686,0.058768714,0.05607451,0.04992301,0.06710061,0.007095052309622533,,,,,
3fc9a6084f934108c5c4982eb6ea39a6fcc55b67,2026-10-01 22:56:19,commit 3fc9a6084f | peano 22.0.0+773413fb | mlir_aie 1.4.4.dev53+gd53582d | kernels b07d1f67713f | device NPU Krackan 1 | pmode default,iron/operators/axpy/test.py::test_axpy,input_length_2048-num_aie_columns_8-tile_size_256-scalar_factor_3.0,5/5,no,213.06,186.8,173.8,291.5,50.604624294623505,0.060030722,0.06579708,0.04215799,0.07069748,0.012462739485878295,,,,,
3fc9a6084f934108c5c4982eb6ea39a6fcc55b67,2026-10-01 22:56:19,commit 3fc9a6084f | peano 22.0.0+773413fb | mlir_aie 1.4.4.dev53+gd53582d | kernels b07d1f67713f | device NPU Krackan 1 | pmode default,iron/operators/axpy/test.py::test_axpy,input_length_8388608-num_aie_columns_8-tile_size_4096-scalar_factor_3.0,5/5,yes,850.82,842.0,827.2,908.9,33.637285859593355,59.226686,59.77531,55.37577,60.8461,2.243580786695677,,,,,
3fc9a6084f934108c5c4982eb6ea39a6fcc55b67,2026-10-01 22:56:19,commit 3fc9a6084f | peano 22.0.0+773413fb | mlir_aie 1.4.4.dev53+gd53582d | kernels b07d1f67713f | device NPU Krackan 1 | pmode default,iron/operators/dequant/test.py::test_dequant,input_length_2048-num_aie_columns_1-num_channels_1-tile_size_2048-group_size_32,5/5,no,132.56,125.3,118.2,168.4,20.40620003822368,0.040236012,0.04188716,0.03116741,0.04439707,0.005243920738962403,,,,,
3fc9a6084f934108c5c4982eb6ea39a6fcc55b67,2026-10-01 22:56:19,commit 3fc9a6084f | peano 22.0.0+773413fb | mlir_aie 1.4.4.dev53+gd53582d | kernels b07d1f67713f | device NPU Krackan 1 | pmode default,iron/operators/dequant/test.py::test_dequant,input_length_2048-num_aie_columns_1-num_channels_2-tile_size_1024-group_size_32,5/5,no,148.58,148.5,108.1,202.5,35.35444809355677,0.036890308,0.03533935,0.02591144,0.04854989,0.00843481051482308,,,,,
3fc9a6084f934108c5c4982eb6ea39a6fcc55b67,2026-10-01 22:56:19,commit 3fc9a6084f | peano 22.0.0+773413fb | mlir_aie 1.4.4.dev53+gd53582d | kernels b07d1f67713f | device NPU Krackan 1 | pmode default,iron/operators/dequant/test.py::test_dequant,input_length_2048-num_aie_columns_2-num_channels_1-tile_size_1024-group_size_32,5/5,no,168.42000000000002,173.8,128.9,207.8,31.836174393290413,0.032104698,0.03019719,0.02525311,0.04071847,0.00629618798219367,,,,,
3fc9a6084f934108c5c4982eb6ea39a6fcc55b67,2026-10-01 22:56:19,commit 3fc9a6084f | peano 22.0.0+773413fb | mlir_aie 1.4.4.dev53+gd53582d | kernels b07d1f67713f | device NPU Krackan 1 | pmode default,iron/operators/dequant/test.py::test_dequant,input_length_2048-num_aie_columns_2-num_channels_2-tile_size_512-group_size_32,5/5,no,177.54,177.3,131.5,223.0,45.303785713778936,0.031205384,0.02959988,0.0235311,0.03991178,0.008114646283164783,,,,,
3fc9a6084f934108c5c4982eb6ea39a6fcc55b67,2026-10-01 22:56:19,commit 3fc9a6084f | peano 22.0.0+773413fb | mlir_aie 1.4.4.dev53+gd53582d | kernels b07d1f67713f | device NPU Krackan 1 | pmode default,iron/operators/dequant/test.py::test_dequant,input_length_2048-num_aie_columns_4-num_channels_1-tile_size_512-group_size_32,5/5,no,147.94,127.7,121.6,213.5,38.822326050869236,0.037103053999999996,0.04110501,0.02457665,0.04314299,0.007855415287614017,,,,,
3fc9a6084f934108c5c4982eb6ea39a6fcc55b67,2026-10-01 22:56:19,commit 3fc9a6084f | peano 22.0.0+773413fb | mlir_aie 1.4.4.dev53+gd53582d | kernels b07d1f67713f | device NPU Krackan 1 | pmode default,iron/operators/dequant/test.py::test_dequant,input_length_2048-num_aie_columns_4-num_channels_2-tile_size_256-group_size_32,5/5,no,201.70000000000002,198.5,172.4,262.3,36.663810494819,0.026636232,0.02643855,0.02000389,0.03044825,0.004272033871427051,,,,,
3fc9a6084f934108c5c4982eb6ea39a6fcc55b67,2026-10-01 22:56:19,commit 3fc9a6084f | peano 22.0.0+773413fb | mlir_aie 1.4.4.dev53+gd53582d | kernels b07d1f67713f | device NPU Krackan 1 | pmode default,iron/operators/dequant/test.py::test_dequant,input_length_2048-num_aie_columns_8-num_channels_1-tile_size_256-group_size_32,5/5,no,193.72,168.7,148.8,277.7,53.674314154910256,0.028586368,0.03111198,0.01889823,0.03526811,0.006823413728543067,,,,,
3fc9a6084f934108c5c4982eb6ea39a6fcc55b67,2026-10-01 22:56:19,commit 3fc9a6084f | peano 22.0.0+773413fb | mlir_aie 1.4.4.dev53+gd53582d | kernels b07d1f67713f | device NPU Krackan 1 | pmode default,iron/operators/dequant/test.py::test_dequant,input_length_2048-num_aie_columns_8-num_channels_2-tile_size_128-group_size_32,5/5,no,245.1,222.8,220.3,336.2,50.94178049499251,0.022004716,0.02355011,0.01560929,0.02381666,0.003577528622831689,,,,,
3fc9a6084f934108c5c4982eb6ea39a6fcc55b67,2026-10-01 22:56:19,commit 3fc9a6084f | peano 22.0.0+773413fb | mlir_aie 1.4.4.dev53+gd53582d | kernels b07d1f67713f | device NPU Krackan 1 | pmode default,iron/operators/dequant/test.py::test_dequant,input_length_8388608-num_aie_columns_8-num_channels_2-tile_size_4096-group_size_32,5/5,yes,466.7,468.9,413.0,507.9,41.10358865111414,46.356152,45.84569,42.32566,52.05351,4.1710725622278515,,,,,
3fc9a6084f934108c5c4982eb6ea39a6fcc55b67,2026-10-01 22:56:19,commit 3fc9a6084f | peano 22.0.0+773413fb | mlir_aie 1.4.4.dev53+gd53582d | kernels b07d1f67713f | device NPU Krackan 1 | pmode default,iron/operators/elementwise_add/test.py::test_elementwise_add,input_length_2048-num_aie_columns_1-tile_size_2048,5/5,no,165.48,163.1,124.5,217.2,33.19423142655964,0.076606672,0.07533058,0.05658657,0.0987091,0.014951026560974665,,,,,
3fc9a6084f934108c5c4982eb6ea39a6fcc55b67,2026-10-01 22:56:19,commit 3fc9a6084f | peano 22.0.0+773413fb | mlir_aie 1.4.4.dev53+gd53582d | kernels b07d1f67713f | device NPU Krackan 1 | pmode default,iron/operators/elementwise_add/test.py::test_elementwise_add,input_length_2048-num_aie_columns_2-tile_size_1024,5/5,no,155.68,158.2,129.5,199.4,28.80793293521769,0.08099592,0.07766303,0.06163724,0.09487558,0.01409700149134737,,,,,
3fc9a6084f934108c5c4982eb6ea39a6fcc55b67,2026-10-01 22:56:19,commit 3fc9a6084f | peano 22.0.0+773413fb | mlir_aie 1.4.4.dev53+gd53582d | kernels b07d1f67713f | device NPU Krackan 1 | pmode default,iron/operators/elementwise_add/test.py::test_elementwise_add,input_length_2048-num_aie_columns_4-tile_size_512,5/5,no,152.72,156.3,106.3,181.4,29.62654215395378,0.083417582,0.07861402,0.06774914,0.1156485,0.019204935931588524,,,,,
3fc9a6084f934108c5c4982eb6ea39a6fcc55b67,2026-10-01 22:56:19,commit 3fc9a6084f | peano 22.0.0+773413fb | mlir_aie 1.4.4.dev53+gd53582d | kernels b07d1f67713f | device NPU Krackan 1 | pmode default,iron/operators/elementwise_add/test.py::test_elementwise_add,input_length_2048-num_aie_columns_8-tile_size_256,5/5,no,196.3,179.2,130.6,294.0,60.70955443750185,0.067090958,0.0685898,0.0417945,0.09408234,0.018928970788783528,,,,,
3fc9a6084f934108c5c4982eb6ea39a6fcc55b67,2026-10-01 22:56:19,commit 3fc9a6084f | peano 22.0.0+773413fb | mlir_aie 1.4.4.dev53+gd53582d | kernels b07d1f67713f | device NPU Krackan 1 | pmode default,iron/operators/elementwise_add/test.py::test_elementwise_add,input_length_8388608-num_aie_columns_8-tile_size_4096,5/5,yes,859.94,858.7,841.0,890.8,20.386588728867796,58.556281999999996,58.612,56.50118,59.8508,1.37310828972809,,,,,
3fc9a6084f934108c5c4982eb6ea39a6fcc55b67,2026-10-01 22:56:19,commit 3fc9a6084f | peano 22.0.0+773413fb | mlir_aie 1.4.4.dev53+gd53582d | kernels b07d1f67713f | device NPU Krackan 1 | pmode default,iron/operators/elementwise_mul/test.py::test_elementwise_mul,input_length_2048-num_aie_columns_1-tile_size_2048,5/5,no,180.44,182.6,166.0,192.2,12.227346400589132,0.06835111,0.06729168,0.06393141,0.0740125,0.004686752719917063,,,,,
3fc9a6084f934108c5c4982eb6ea39a6fcc55b67,2026-10-01 22:56:19,commit 3fc9a6084f | peano 22.0.0+773413fb | mlir_aie 1.4.4.dev53+gd53582d | kernels b07d1f67713f | device NPU Krackan 1 | pmode default,iron/operators/elementwise_mul/test.py::test_elementwise_mul,input_length_2048-num_aie_columns_2-tile_size_1024,5/5,no,182.16,179.0,152.5,206.6,20.224564272191376,0.068158488,0.06863616,0.05948186,0.08058233,0.007952550466829491,,,,,
3fc9a6084f934108c5c4982eb6ea39a6fcc55b67,2026-10-01 22:56:19,commit 3fc9a6084f | peano 22.0.0+773413fb | mlir_aie 1.4.4.dev53+gd53582d | kernels b07d1f67713f | device NPU Krackan 1 | pmode default,iron/operators/elementwise_mul/test.py::test_elementwise_mul,input_length_2048-num_aie_columns_4-tile_size_512,5/5,no,176.94,168.3,137.9,210.4,30.789007778751166,0.071191568,0.07299513,0.05840832,0.08909319,0.012676007171494107,,,,,
3fc9a6084f934108c5c4982eb6ea39a6fcc55b67,2026-10-01 22:56:19,commit 3fc9a6084f | peano 22.0.0+773413fb | mlir_aie 1.4.4.dev53+gd53582d | kernels b07d1f67713f | device NPU Krackan 1 | pmode default,iron/operators/elementwise_mul/test.py::test_elementwise_mul,input_length_2048-num_aie_columns_8-tile_size_256,5/5,no,211.82,229.4,162.6,248.8,38.62592393716946,0.059711856,0.05356419,0.04938629,0.07556731,0.011712460645064298,,,,,
3fc9a6084f934108c5c4982eb6ea39a6fcc55b67,2026-10-01 22:56:19,commit 3fc9a6084f | peano 22.0.0+773413fb | mlir_aie 1.4.4.dev53+gd53582d | kernels b07d1f67713f | device NPU Krackan 1 | pmode default,iron/operators/elementwise_mul/test.py::test_elementwise_mul,input_length_8388608-num_aie_columns_8-tile_size_4096,5/5,yes,901.5,903.9,856.1,972.4,45.78771669345392,55.942464,55.68147,51.76012,58.78973,2.7677672459818585,,,,,
3fc9a6084f934108c5c4982eb6ea39a6fcc55b67,2026-10-01 22:56:19,commit 3fc9a6084f | peano 22.0.0+773413fb | mlir_aie 1.4.4.dev53+gd53582d | kernels b07d1f67713f | device NPU Krackan 1 | pmode default,iron/operators/flm/dequant/test.py::test_gate_up_interleaved_blob,iter0,1/1,no,,,,,,,,,,,,,,,
3fc9a6084f934108c5c4982eb6ea39a6fcc55b67,2026-10-01 22:56:19,commit 3fc9a6084f | peano 22.0.0+773413fb | mlir_aie 1.4.4.dev53+gd53582d | kernels b07d1f67713f | device NPU Krackan 1 | pmode default,iron/operators/flm/dequant/test.py::test_gate_up_interleaved_blob,iter1,1/1,no,,,,,,,,,,,,,,,
3fc9a6084f934108c5c4982eb6ea39a6fcc55b67,2026-10-01 22:56:19,commit 3fc9a6084f | peano 22.0.0+773413fb | mlir_aie 1.4.4.dev53+gd53582d | kernels b07d1f67713f | device NPU Krackan 1 | pmode default,iron/operators/flm/dequant/test.py::test_gate_up_interleaved_blob,iter2,1/1,no,,,,,,,,,,,,,,,
3fc9a6084f934108c5c4982eb6ea39a6fcc55b67,2026-10-01 22:56:19,commit 3fc9a6084f | peano 22.0.0+773413fb | mlir_aie 1.4.4.dev53+gd53582d | kernels b07d1f67713f | device NPU Krackan 1 | pmode default,iron/operators/flm/dequant/test.py::test_gate_up_interleaved_blob,iter3,1/1,no,,,,,,,,,,,,,,,
3fc9a6084f934108c5c4982eb6ea39a6fcc55b67,2026-10-01 22:56:19,commit 3fc9a6084f | peano 22.0.0+773413fb | mlir_aie 1.4.4.dev53+gd53582d | kernels b07d1f67713f | device NPU Krackan 1 | pmode default,iron/operators/flm/dequant/test.py::test_gate_up_interleaved_blob,iter4,1/1,no,,,,,,,,,,,,,,,
3fc9a6084f934108c5c4982eb6ea39a6fcc55b67,2026-10-01 22:56:19,commit 3fc9a6084f | peano 22.0.0+773413fb | mlir_aie 1.4.4.dev53+gd53582d | kernels b07d1f67713f | device NPU Krackan 1 | pmode default,iron/operators/flm/dequant/test.py::test_large_k_shapes,K_4096-N_1536,5/5,no,,,,,,,,,,,,,,,
3fc9a6084f934108c5c4982eb6ea39a6fcc55b67,2026-10-01 22:56:19,commit 3fc9a6084f | peano 22.0.0+773413fb | mlir_aie 1.4.4.dev53+gd53582d | kernels b07d1f67713f | device NPU Krackan 1 | pmode default,iron/operators/flm/dequant/test.py::test_large_k_shapes,K_6144-N_1536,5/5,no,,,,,,,,,,,,,,,
3fc9a6084f934108c5c4982eb6ea39a6fcc55b67,2026-10-01 22:56:19,commit 3fc9a6084f | peano 22.0.0+773413fb | mlir_aie 1.4.4.dev53+gd53582d | kernels b07d1f67713f | device NPU Krackan 1 | pmode default,iron/operators/flm/dequant/test.py::test_matches_reference,K_1024-N_128,5/5,no,,,,,,,,,,,,,,,
3fc9a6084f934108c5c4982eb6ea39a6fcc55b67,2026-10-01 22:56:19,commit 3fc9a6084f | peano 22.0.0+773413fb | mlir_aie 1.4.4.dev53+gd53582d | kernels b07d1f67713f | device NPU Krackan 1 | pmode default,iron/operators/flm/dequant/test.py::test_matches_reference,K_1024-N_512,5/5,no,,,,,,,,,,,,,,,
3fc9a6084f934108c5c4982eb6ea39a6fcc55b67,2026-10-01 22:56:19,commit 3fc9a6084f | peano 22.0.0+773413fb | mlir_aie 1.4.4.dev53+gd53582d | kernels b07d1f67713f | device NPU Krackan 1 | pmode default,iron/operators/flm/dequant/test.py::test_matches_reference,K_1536-N_640,5/5,no,,,,,,,,,,,,,,,
3fc9a6084f934108c5c4982eb6ea39a6fcc55b67,2026-10-01 22:56:19,commit 3fc9a6084f | peano 22.0.0+773413fb | mlir_aie 1.4.4.dev53+gd53582d | kernels b07d1f67713f | device NPU Krackan 1 | pmode default,iron/operators/flm/dequant/test.py::test_matches_reference,K_2048-N_256,5/5,no,,,,,,,,,,,,,,,
3fc9a6084f934108c5c4982eb6ea39a6fcc55b67,2026-10-01 22:56:19,commit 3fc9a6084f | peano 22.0.0+773413fb | mlir_aie 1.4.4.dev53+gd53582d | kernels b07d1f67713f | device NPU Krackan 1 | pmode default,iron/operators/flm/dequant/test.py::test_one_xclbin_serves_every_shape,iter0,1/1,no,,,,,,,,,,,,,,,
3fc9a6084f934108c5c4982eb6ea39a6fcc55b67,2026-10-01 22:56:19,commit 3fc9a6084f | peano 22.0.0+773413fb | mlir_aie 1.4.4.dev53+gd53582d | kernels b07d1f67713f | device NPU Krackan 1 | pmode default,iron/operators/flm/dequant/test.py::test_one_xclbin_serves_every_shape,iter1,1/1,no,,,,,,,,,,,,,,,
3fc9a6084f934108c5c4982eb6ea39a6fcc55b67,2026-10-01 22:56:19,commit 3fc9a6084f | peano 22.0.0+773413fb | mlir_aie 1.4.4.dev53+gd53582d | kernels b07d1f67713f | device NPU Krackan 1 | pmode default,iron/operators/flm/dequant/test.py::test_one_xclbin_serves_every_shape,iter2,1/1,no,,,,,,,,,,,,,,,
3fc9a6084f934108c5c4982eb6ea39a6fcc55b67,2026-10-01 22:56:19,commit 3fc9a6084f | peano 22.0.0+773413fb | mlir_aie 1.4.4.dev53+gd53582d | kernels b07d1f67713f | device NPU Krackan 1 | pmode default,iron/operators/flm/dequant/test.py::test_one_xclbin_serves_every_shape,iter3,1/1,no,,,,,,,,,,,,,,,
3fc9a6084f934108c5c4982eb6ea39a6fcc55b67,2026-10-01 22:56:19,commit 3fc9a6084f | peano 22.0.0+773413fb | mlir_aie 1.4.4.dev53+gd53582d | kernels b07d1f67713f | device NPU Krackan 1 | pmode default,iron/operators/flm/dequant/test.py::test_one_xclbin_serves_every_shape,iter4,1/1,no,,,,,,,,,,,,,,,
3fc9a6084f934108c5c4982eb6ea39a6fcc55b67,2026-10-01 22:56:19,commit 3fc9a6084f | peano 22.0.0+773413fb | mlir_aie 1.4.4.dev53+gd53582d | kernels b07d1f67713f | device NPU Krackan 1 | pmode default,iron/operators/flm/dequant/test.py::test_output_feeds_gemm_unchanged,iter0,1/1,no,,,,,,,,,,,,,,,
3fc9a6084f934108c5c4982eb6ea39a6fcc55b67,2026-10-01 22:56:19,commit 3fc9a6084f | peano 22.0.0+773413fb | mlir_aie 1.4.4.dev53+gd53582d | kernels b07d1f67713f | device NPU Krackan 1 | pmode default,iron/operators/flm/dequant/test.py::test_output_feeds_gemm_unchanged,iter1,1/1,no,,,,,,,,,,,,,,,
3fc9a6084f934108c5c4982eb6ea39a6fcc55b67,2026-10-01 22:56:19,commit 3fc9a6084f | peano 22.0.0+773413fb | mlir_aie 1.4.4.dev53+gd53582d | kernels b07d1f67713f | device NPU Krackan 1 | pmode default,iron/operators/flm/dequant/test.py::test_output_feeds_gemm_unchanged,iter2,1/1,no,,,,,,,,,,,,,,,
3fc9a6084f934108c5c4982eb6ea39a6fcc55b67,2026-10-01 22:56:19,commit 3fc9a6084f | peano 22.0.0+773413fb | mlir_aie 1.4.4.dev53+gd53582d | kernels b07d1f67713f | device NPU Krackan 1 | pmode default,iron/operators/flm/dequant/test.py::test_output_feeds_gemm_unchanged,iter3,1/1,no,,,,,,,,,,,,,,,
3fc9a6084f934108c5c4982eb6ea39a6fcc55b67,2026-10-01 22:56:19,commit 3fc9a6084f | peano 22.0.0+773413fb | mlir_aie 1.4.4.dev53+gd53582d | kernels b07d1f67713f | device NPU Krackan 1 | pmode default,iron/operators/flm/dequant/test.py::test_output_feeds_gemm_unchanged,iter4,1/1,no,,,,,,,,,,,,,,,
3fc9a6084f934108c5c4982eb6ea39a6fcc55b67,2026-10-01 22:56:19,commit 3fc9a6084f | peano 22.0.0+773413fb | mlir_aie 1.4.4.dev53+gd53582d | kernels b07d1f67713f | device NPU Krackan 1 | pmode default,iron/operators/flm/dequant/test.py::test_rejects_unservable_shapes,K_1000-N_128-exc_<class 'ValueError'>-match_multiple of,5/5,no,,,,,,,,,,,,,,,
3fc9a6084f934108c5c4982eb6ea39a6fcc55b67,2026-10-01 22:56:19,commit 3fc9a6084f | peano 22.0.0+773413fb | mlir_aie 1.4.4.dev53+gd53582d | kernels b07d1f67713f | device NPU Krackan 1 | pmode default,iron/operators/flm/dequant/test.py::test_rejects_unservable_shapes,K_1024-N_100-exc_<class 'ValueError'>-match_multiple of,5/5,no,,,,,,,,,,,,,,,
3fc9a6084f934108c5c4982eb6ea39a6fcc55b67,2026-10-01 22:56:19,commit 3fc9a6084f | peano 22.0.0+773413fb | mlir_aie 1.4.4.dev53+gd53582d | kernels b07d1f67713f | device NPU Krackan 1 | pmode default,iron/operators/flm/dequant/test.py::test_rejects_unservable_shapes,K_512-N_128-exc_<class 'NotImplementedError'>-match_tile_n,5/5,no,,,,,,,,,,,,,,,
3fc9a6084f934108c5c4982eb6ea39a6fcc55b67,2026-10-01 22:56:19,commit 3fc9a6084f | peano 22.0.0+773413fb | mlir_aie 1.4.4.dev53+gd53582d | kernels b07d1f67713f | device NPU Krackan 1 | pmode default,iron/operators/flm/gemm/test.py::test_artifact_stem_differs_from_generic_gemm,M_256-K_512-N_1024,5/5,no,,,,,,,,,,,,,,,
3fc9a6084f934108c5c4982eb6ea39a6fcc55b67,2026-10-01 22:56:19,commit 3fc9a6084f | peano 22.0.0+773413fb | mlir_aie 1.4.4.dev53+gd53582d | kernels b07d1f67713f | device NPU Krackan 1 | pmode default,iron/operators/flm/gemm/test.py::test_artifact_stem_differs_from_generic_gemm,M_512-K_1024-N_2048,5/5,no,,,,,,,,,,,,,,,
3fc9a6084f934108c5c4982eb6ea39a6fcc55b67,2026-10-01 22:56:19,commit 3fc9a6084f | peano 22.0.0+773413fb | mlir_aie 1.4.4.dev53+gd53582d | kernels b07d1f67713f | device NPU Krackan 1 | pmode default,iron/operators/flm/gemm/test.py::test_gemm,M_256-K_512-N_1024-epilogue_gelu-clamp_None-rounding_conv_even,5/5,no,297.16,301.6,228.4,384.2,64.5519015986361,4.809773,4.56282,3.581929,6.025771,1.0371595937720963,938.1346599999999,889.9672,698.6468,1175.312,202.29534034227774
3fc9a6084f934108c5c4982eb6ea39a6fcc55b67,2026-10-01 22:56:19,commit 3fc9a6084f | peano 22.0.0+773413fb | mlir_aie 1.4.4.dev53+gd53582d | kernels b07d1f67713f | device NPU Krackan 1 | pmode default,iron/operators/flm/gemm/test.py::test_gemm,"M_256-K_512-N_1024-epilogue_none-clamp_(-2.0, 2.0)-rounding_conv_even",5/5,no,324.08,336.7,237.0,365.4,51.41319869449867,4.352098,4.087715,3.766375,5.805983,0.8351497942650769,848.86632,797.2991,734.6225,1132.443,162.89390485414734
3fc9a6084f934108c5c4982eb6ea39a6fcc55b67,2026-10-01 22:56:19,commit 3fc9a6084f | peano 22.0.0+773413fb | mlir_aie 1.4.4.dev53+gd53582d | kernels b07d1f67713f | device NPU Krackan 1 | pmode default,iron/operators/flm/gemm/test.py::test_gemm,M_256-K_512-N_1024-epilogue_none-clamp_None-rounding_conv_even,5/5,no,310.1,335.3,236.3,386.7,62.29979935762233,4.5911698,4.104576,3.559105,5.82345,0.958623175360475,895.49664,800.5877,694.1949,1135.85,186.97712598310787
3fc9a6084f934108c5c4982eb6ea39a6fcc55b67,2026-10-01 22:56:19,commit 3fc9a6084f | peano 22.0.0+773413fb | mlir_aie 1.4.4.dev53+gd53582d | kernels b07d1f67713f | device NPU Krackan 1 | pmode default,iron/operators/flm/gemm/test.py::test_gemm,M_256-K_512-N_1024-epilogue_none-clamp_None-rounding_floor,5/5,no,322.54,326.4,250.0,371.3,45.03557482701869,4.3432214,4.215941,3.706827,5.505553,0.6877672997146637,847.13502,822.3093,723.0078,1073.845,134.14736370203852
3fc9a6084f934108c5c4982eb6ea39a6fcc55b67,2026-10-01 22:56:19,commit 3fc9a6084f | peano 22.0.0+773413fb | mlir_aie 1.4.4.dev53+gd53582d | kernels b07d1f67713f | device NPU Krackan 1 | pmode default,iron/operators/flm/gemm/test.py::test_gemm,M_256-K_512-N_1024-epilogue_silu-clamp_None-rounding_conv_even,5/5,no,306.1,331.8,218.2,373.8,71.1856024769054,4.7170152,4.148073,3.681877,6.307141,1.1926200571511447,920.0427,809.0718,718.1413,1230.193,232.61787566362992
3fc9a6084f934108c5c4982eb6ea39a6fcc55b67,2026-10-01 22:56:19,commit 3fc9a6084f | peano 22.0.0+773413fb | mlir_aie 1.4.4.dev53+gd53582d | kernels b07d1f67713f | device NPU Krackan 1 | pmode default,iron/operators/flm/gemm/test.py::test_gemm,M_256-K_512-N_128-epilogue_none-clamp_None-rounding_conv_even,5/5,no,297.66,309.7,193.3,347.8,61.66808737102197,1.4108664,1.295997,1.154194,2.076198,0.3798101129489578,117.936922,108.3348,96.48122,173.5532,31.74901960421802
3fc9a6084f934108c5c4982eb6ea39a6fcc55b67,2026-10-01 22:56:19,commit 3fc9a6084f | peano 22.0.0+773413fb | mlir_aie 1.4.4.dev53+gd53582d | kernels b07d1f67713f | device NPU Krackan 1 | pmode default,iron/operators/flm/gemm/test.py::test_gemm,M_256-K_512-N_1536-epilogue_none-clamp_None-rounding_conv_even,5/5,no,327.64,333.6,255.6,394.3,63.77697860513621,6.090323,5.795908,4.902889,7.564499,1.2206820129093816,1268.4388000000001,1207.121,1021.13,1575.467,254.23287673351768
3fc9a6084f934108c5c4982eb6ea39a6fcc55b67,2026-10-01 22:56:19,commit 3fc9a6084f | peano 22.0.0+773413fb | mlir_aie 1.4.4.dev53+gd53582d | kernels b07d1f67713f | device NPU Krackan 1 | pmode default,iron/operators/flm/gemm/test.py::test_gemm,M_512-K_1024-N_2048-epilogue_none-clamp_None-rounding_conv_even,5/5,no,434.24,405.3,349.3,543.4,80.36322542058649,13.017134,13.5842,10.13042,15.76084,2.3081826846417504,5077.9223999999995,5299.132,3951.83,6148.228,900.4110224351989
3fc9a6084f934108c5c4982eb6ea39a6fcc55b67,2026-10-01 22:56:19,commit 3fc9a6084f | peano 22.0.0+773413fb | mlir_aie 1.4.4.dev53+gd53582d | kernels b07d1f67713f | device NPU Krackan 1 | pmode default,iron/operators/flm/gemm/test.py::test_gemm_split_leg_bounds,iter0,1/1,no,,,,,,,,,,,,,,,
3fc9a6084f934108c5c4982eb6ea39a6fcc55b67,2026-10-01 22:56:19,commit 3fc9a6084f | peano 22.0.0+773413fb | mlir_aie 1.4.4.dev53+gd53582d | kernels b07d1f67713f | device NPU Krackan 1 | pmode default,iron/operators/flm/gemm/test.py::test_gemm_split_leg_bounds,iter1,1/1,no,,,,,,,,,,,,,,,
3fc9a6084f934108c5c4982eb6ea39a6fcc55b67,2026-10-01 22:56:19,commit 3fc9a6084f | peano 22.0.0+773413fb | mlir_aie 1.4.4.dev53+gd53582d | kernels b07d1f67713f | device NPU Krackan 1 | pmode default,iron/operators/flm/gemm/test.py::test_gemm_split_leg_bounds,iter2,1/1,no,,,,,,,,,,,,,,,
3fc9a6084f934108c5c4982eb6ea39a6fcc55b67,2026-10-01 22:56:19,commit 3fc9a6084f | peano 22.0.0+773413fb | mlir_aie 1.4.4.dev53+gd53582d | kernels b07d1f67713f | device NPU Krackan 1 | pmode default,iron/operators/flm/gemm/test.py::test_gemm_split_leg_bounds,iter3,1/1,no,,,,,,,,,,,,,,,
3fc9a6084f934108c5c4982eb6ea39a6fcc55b67,2026-10-01 22:56:19,commit 3fc9a6084f | peano 22.0.0+773413fb | mlir_aie 1.4.4.dev53+gd53582d | kernels b07d1f67713f | device NPU Krackan 1 | pmode default,iron/operators/flm/gemm/test.py::test_gemm_split_leg_bounds,iter4,1/1,no,,,,,,,,,,,,,,,
3fc9a6084f934108c5c4982eb6ea39a6fcc55b67,2026-10-01 22:56:19,commit 3fc9a6084f | peano 22.0.0+773413fb | mlir_aie 1.4.4.dev53+gd53582d | kernels b07d1f67713f | device NPU Krackan 1 | pmode default,iron/operators/flm/gemm/test.py::test_gemm_split_leg_bounds_runs,iter0,1/1,no,,,,,,,,,,,,,,,
3fc9a6084f934108c5c4982eb6ea39a6fcc55b67,2026-10-01 22:56:19,commit 3fc9a6084f | peano 22.0.0+773413fb | mlir_aie 1.4.4.dev53+gd53582d | kernels b07d1f67713f | device NPU Krackan 1 | pmode default,iron/operators/flm/gemm/test.py::test_gemm_split_leg_bounds_runs,iter1,1/1,no,,,,,,,,,,,,,,,
3fc9a6084f934108c5c4982eb6ea39a6fcc55b67,2026-10-01 22:56:19,commit 3fc9a6084f | peano 22.0.0+773413fb | mlir_aie 1.4.4.dev53+gd53582d | kernels b07d1f67713f | device NPU Krackan 1 | pmode default,iron/operators/flm/gemm/test.py::test_gemm_split_leg_bounds_runs,iter2,1/1,no,,,,,,,,,,,,,,,
3fc9a6084f934108c5c4982eb6ea39a6fcc55b67,2026-10-01 22:56:19,commit 3fc9a6084f | peano 22.0.0+773413fb | mlir_aie 1.4.4.dev53+gd53582d | kernels b07d1f67713f | device NPU Krackan 1 | pmode default,iron/operators/flm/gemm/test.py::test_gemm_split_leg_bounds_runs,iter3,1/1,no,,,,,,,,,,,,,,,
3fc9a6084f934108c5c4982eb6ea39a6fcc55b67,2026-10-01 22:56:19,commit 3fc9a6084f | peano 22.0.0+773413fb | mlir_aie 1.4.4.dev53+gd53582d | kernels b07d1f67713f | device NPU Krackan 1 | pmode default,iron/operators/flm/gemm/test.py::test_gemm_split_leg_bounds_runs,iter4,1/1,no,,,,,,,,,,,,,,,
3fc9a6084f934108c5c4982eb6ea39a6fcc55b67,2026-10-01 22:56:19,commit 3fc9a6084f | peano 22.0.0+773413fb | mlir_aie 1.4.4.dev53+gd53582d | kernels b07d1f67713f | device NPU Krackan 1 | pmode default,iron/operators/flm/gemm/test.py::test_gemm_tile_options,tn128-ma64-default,5/5,no,,,,,,,,,,,,,,,
3fc9a6084f934108c5c4982eb6ea39a6fcc55b67,2026-10-01 22:56:19,commit 3fc9a6084f | peano 22.0.0+773413fb | mlir_aie 1.4.4.dev53+gd53582d | kernels b07d1f67713f | device NPU Krackan 1 | pmode default,iron/operators/flm/gemm/test.py::test_gemm_tile_options,tn16-ma64-default,5/5,no,,,,,,,,,,,,,,,
3fc9a6084f934108c5c4982eb6ea39a6fcc55b67,2026-10-01 22:56:19,commit 3fc9a6084f | peano 22.0.0+773413fb | mlir_aie 1.4.4.dev53+gd53582d | kernels b07d1f67713f | device NPU Krackan 1 | pmode default,iron/operators/flm/gemm/test.py::test_gemm_tile_options,tn32-ma64-default,5/5,no,,,,,,,,,,,,,,,
3fc9a6084f934108c5c4982eb6ea39a6fcc55b67,2026-10-01 22:56:19,commit 3fc9a6084f | peano 22.0.0+773413fb | mlir_aie 1.4.4.dev53+gd53582d | kernels b07d1f67713f | device NPU Krackan 1 | pmode default,iron/operators/flm/gemm/test.py::test_gemm_tile_options,tn64-ma32-default,5/5,no,,,,,,,,,,,,,,,
3fc9a6084f934108c5c4982eb6ea39a6fcc55b67,2026-10-01 22:56:19,commit 3fc9a6084f | peano 22.0.0+773413fb | mlir_aie 1.4.4.dev53+gd53582d | kernels b07d1f67713f | device NPU Krackan 1 | pmode default,iron/operators/flm/gemm/test.py::test_one_xclbin_serves_every_clamp_bound,iter0,1/1,no,,,,,,,,,,,,,,,
3fc9a6084f934108c5c4982eb6ea39a6fcc55b67,2026-10-01 22:56:19,commit 3fc9a6084f | peano 22.0.0+773413fb | mlir_aie 1.4.4.dev53+gd53582d | kernels b07d1f67713f | device NPU Krackan 1 | pmode default,iron/operators/flm/gemm/test.py::test_one_xclbin_serves_every_clamp_bound,iter1,1/1,no,,,,,,,,,,,,,,,
3fc9a6084f934108c5c4982eb6ea39a6fcc55b67,2026-10-01 22:56:19,commit 3fc9a6084f | peano 22.0.0+773413fb | mlir_aie 1.4.4.dev53+gd53582d | kernels b07d1f67713f | device NPU Krackan 1 | pmode default,iron/operators/flm/gemm/test.py::test_one_xclbin_serves_every_clamp_bound,iter2,1/1,no,,,,,,,,,,,,,,,
3fc9a6084f934108c5c4982eb6ea39a6fcc55b67,2026-10-01 22:56:19,commit 3fc9a6084f | peano 22.0.0+773413fb | mlir_aie 1.4.4.dev53+gd53582d | kernels b07d1f67713f | device NPU Krackan 1 | pmode default,iron/operators/flm/gemm/test.py::test_one_xclbin_serves_every_clamp_bound,iter3,1/1,no,,,,,,,,,,,,,,,
3fc9a6084f934108c5c4982eb6ea39a6fcc55b67,2026-10-01 22:56:19,commit 3fc9a6084f | peano 22.0.0+773413fb | mlir_aie 1.4.4.dev53+gd53582d | kernels b07d1f67713f | device NPU Krackan 1 | pmode default,iron/operators/flm/gemm/test.py::test_one_xclbin_serves_every_clamp_bound,iter4,1/1,no,,,,,,,,,,,,,,,
3fc9a6084f934108c5c4982eb6ea39a6fcc55b67,2026-10-01 22:56:19,commit 3fc9a6084f | peano 22.0.0+773413fb | mlir_aie 1.4.4.dev53+gd53582d | kernels b07d1f67713f | device NPU Krackan 1 | pmode default,iron/operators/flm/gemm/test.py::test_one_xclbin_serves_every_shape,iter0,1/1,no,,,,,,,,,,,,,,,
3fc9a6084f934108c5c4982eb6ea39a6fcc55b67,2026-10-01 22:56:19,commit 3fc9a6084f | peano 22.0.0+773413fb | mlir_aie 1.4.4.dev53+gd53582d | kernels b07d1f67713f | device NPU Krackan 1 | pmode default,iron/operators/flm/gemm/test.py::test_one_xclbin_serves_every_shape,iter1,1/1,no,,,,,,,,,,,,,,,
3fc9a6084f934108c5c4982eb6ea39a6fcc55b67,2026-10-01 22:56:19,commit 3fc9a6084f | peano 22.0.0+773413fb | mlir_aie 1.4.4.dev53+gd53582d | kernels b07d1f67713f | device NPU Krackan 1 | pmode default,iron/operators/flm/gemm/test.py::test_one_xclbin_serves_every_shape,iter2,1/1,no,,,,,,,,,,,,,,,
3fc9a6084f934108c5c4982eb6ea39a6fcc55b67,2026-10-01 22:56:19,commit 3fc9a6084f | peano 22.0.0+773413fb | mlir_aie 1.4.4.dev53+gd53582d | kernels b07d1f67713f | device NPU Krackan 1 | pmode default,iron/operators/flm/gemm/test.py::test_one_xclbin_serves_every_shape,iter3,1/1,no,,,,,,,,,,,,,,,
3fc9a6084f934108c5c4982eb6ea39a6fcc55b67,2026-10-01 22:56:19,commit 3fc9a6084f | peano 22.0.0+773413fb | mlir_aie 1.4.4.dev53+gd53582d | kernels b07d1f67713f | device NPU Krackan 1 | pmode default,iron/operators/flm/gemm/test.py::test_one_xclbin_serves_every_shape,iter4,1/1,no,,,,,,,,,,,,,,,
3fc9a6084f934108c5c4982eb6ea39a6fcc55b67,2026-10-01 22:56:19,commit 3fc9a6084f | peano 22.0.0+773413fb | mlir_aie 1.4.4.dev53+gd53582d | kernels b07d1f67713f | device NPU Krackan 1 | pmode default,iron/operators/gelu/test.py::test_gelu,input_length_2048-num_aie_columns_1-num_channels_1-tile_size_2048,5/5,no,164.9,164.9,134.8,201.4,25.003699726240516,0.050586558,0.04967438,0.04068255,0.06078188,0.0075349817841465295,,,,,
3fc9a6084f934108c5c4982eb6ea39a6fcc55b67,2026-10-01 22:56:19,commit 3fc9a6084f | peano 22.0.0+773413fb | mlir_aie 1.4.4.dev53+gd53582d | kernels b07d1f67713f | device NPU Krackan 1 | pmode default,iron/operators/gelu/test.py::test_gelu,input_length_2048-num_aie_columns_1-num_channels_2-tile_size_1024,5/5,no,165.84,171.4,145.0,182.1,17.419041305422063,0.049843696,0.04778738,0.04498207,0.05648253,0.005390908384445056,,,,,
3fc9a6084f934108c5c4982eb6ea39a6fcc55b67,2026-10-01 22:56:19,commit 3fc9a6084f | peano 22.0.0+773413fb | mlir_aie 1.4.4.dev53+gd53582d | kernels b07d1f67713f | device NPU Krackan 1 | pmode default,iron/operators/gelu/test.py::test_gelu,input_length_2048-num_aie_columns_2-num_channels_1-tile_size_1024,5/5,no,155.8,150.8,128.6,201.6,27.57752708275345,0.0537648,0.05431388,0.0406321,0.06371428,0.00847108748343151,,,,,
3fc9a6084f934108c5c4982eb6ea39a6fcc55b67,2026-10-01 22:56:19,commit 3fc9a6084f | peano 22.0.0+773413fb | mlir_aie 1.4.4.dev53+gd53582d | kernels b07d1f67713f | device NPU Krackan 1 | pmode default,iron/operators/gelu/test.py::test_gelu,input_length_2048-num_aie_columns_2-num_channels_2-tile_size_512,5/5,no,158.46,151.3,125.5,196.9,29.15798346936907,0.053104382,0.05415196,0.04160614,0.06529103,0.009590081412374453,,,,,
3fc9a6084f934108c5c4982eb6ea39a6fcc55b67,2026-10-01 22:56:19,commit 3fc9a6084f | peano 22.0.0+773413fb | mlir_aie 1.4.4.dev53+gd53582d | kernels b07d1f67713f | device NPU Krackan 1 | pmode default,iron/operators/gelu/test.py::test_gelu,input_length_2048-num_aie_columns_4-num_channels_1-tile_size_512,5/5,no,148.0,134.7,100.8,205.5,41.69982014349703,0.058934848000000005,0.06079587,0.03986336,0.08130049,0.01625627408029343,,,,,
3fc9a6084f934108c5c4982eb6ea39a6fcc55b67,2026-10-01 22:56:19,commit 3fc9a6084f | peano 22.0.0+773413fb | mlir_aie 1.4.4.dev53+gd53582d | kernels b07d1f67713f | device NPU Krackan 1 | pmode default,iron/operators/gelu/test.py::test_gelu,input_length_2048-num_aie_columns_4-num_channels_2-tile_size_256,5/5,no,195.48,207.1,156.6,218.6,25.283334431992945,0.042530016,0.03956074,0.03747381,0.05229526,0.006075211142802364,,,,,
3fc9a6084f934108c5c4982eb6ea39a6fcc55b67,2026-10-01 22:56:19,commit 3fc9a6084f | peano 22.0.0+773413fb | mlir_aie 1.4.4.dev53+gd53582d | kernels b07d1f67713f | device NPU Krackan 1 | pmode default,iron/operators/gelu/test.py::test_gelu,input_length_2048-num_aie_columns_8-num_channels_1-tile_size_256,5/5,no,184.42000000000002,191.1,158.3,218.1,25.547054624750768,0.04510519,0.04286694,0.03755645,0.05173971,0.00624181618816591,,,,,
3fc9a6084f934108c5c4982eb6ea39a6fcc55b67,2026-10-01 22:56:19,commit 3fc9a6084f | peano 22.0.0+773413fb | mlir_aie 1.4.4.dev53+gd53582d | kernels b07d1f67713f | device NPU Krackan 1 | pmode default,iron/operators/gelu/test.py::test_gelu,input_length_2048-num_aie_columns_8-num_channels_2-tile_size_128,5/5,no,207.6,205.5,176.9,228.7,21.87212838294435,0.03982729,0.03987306,0.0358269,0.0463042,0.004357123041457515,,,,,
3fc9a6084f934108c5c4982eb6ea39a6fcc55b67,2026-10-01 22:56:19,commit 3fc9a6084f | peano 22.0.0+773413fb | mlir_aie 1.4.4.dev53+gd53582d | kernels b07d1f67713f | device NPU Krackan 1 | pmode default,iron/operators/gelu/test.py::test_gelu,input_length_8388608-num_aie_columns_8-num_channels_2-tile_size_4096,5/5,yes,679.36,644.1,640.1,796.9,67.26855134459191,49.741338,52.09862,42.10847,52.42077,4.410678973170684,,,,,
3fc9a6084f934108c5c4982eb6ea39a6fcc55b67,2026-10-01 22:56:19,commit 3fc9a6084f | peano 22.0.0+773413fb | mlir_aie 1.4.4.dev53+gd53582d | kernels b07d1f67713f | device NPU Krackan 1 | pmode default,iron/operators/gemm/test.py::test_gemm,M_1792-K_896-N_1152-num_aie_columns_8-b_col_maj_False-c_col_maj_True-m_64-k_32-n_48-partition_N_1,5/5,no,2116.84,2182.8,1846.5,2243.3,163.69087634929448,4.465708,4.308349,4.192297,5.093007,0.3729242827518745,1756.6571999999999,1694.758,1649.106,2003.415,146.69568447537915
3fc9a6084f934108c5c4982eb6ea39a6fcc55b67,2026-10-01 22:56:19,commit 3fc9a6084f | peano 22.0.0+773413fb | mlir_aie 1.4.4.dev53+gd53582d | kernels b07d1f67713f | device NPU Krackan 1 | pmode default,iron/operators/gemm/test.py::test_gemm,M_192-K_384-N_64-num_aie_columns_4-b_col_maj_False-c_col_maj_False-m_48-k_96-n_16-partition_N_1,5/5,no,233.64000000000001,224.1,172.4,319.1,53.084206690879356,0.9836873,0.9870496,0.6932407,1.282613,0.2086602439447438,41.970658,42.11412,29.57827,54.72481,8.90283290424851
3fc9a6084f934108c5c4982eb6ea39a6fcc55b67,2026-10-01 22:56:19,commit 3fc9a6084f | peano 22.0.0+773413fb | mlir_aie 1.4.4.dev53+gd53582d | kernels b07d1f67713f | device NPU Krackan 1 | pmode default,iron/operators/gemm/test.py::test_gemm,M_192-K_384-N_64-num_aie_columns_4-b_col_maj_True-c_col_maj_True-m_48-k_96-n_16-partition_N_1,5/5,no,251.42000000000002,220.5,192.3,346.0,70.40125709104916,0.93298138,1.00292,0.6393174,1.150167,0.2392825900433878,39.807204,42.79126,27.27754,49.07379,10.209387832393773
3fc9a6084f934108c5c4982eb6ea39a6fcc55b67,2026-10-01 22:56:19,commit 3fc9a6084f | peano 22.0.0+773413fb | mlir_aie 1.4.4.dev53+gd53582d | kernels b07d1f67713f | device NPU Krackan 1 | pmode default,iron/operators/gemm/test.py::test_gemm,M_2048-K_2048-N_2048-num_aie_columns_1-b_col_maj_False-c_col_maj_False-m_64-k_64-n_64-partition_N_1,5/5,yes,47049.26,47057.0,47015.3,47079.0,24.216998162446778,0.53488278,0.5347942,0.5345451,0.5352692,0.00027531266225876,365.14664,365.0862,364.9161,365.4104,0.1879339059350395
3fc9a6084f934108c5c4982eb6ea39a6fcc55b67,2026-10-01 22:56:19,commit 3fc9a6084f | peano 22.0.0+773413fb | mlir_aie 1.4.4.dev53+gd53582d | kernels b07d1f67713f | device NPU Krackan 1 | pmode default,iron/operators/gemm/test.py::test_gemm,M_2048-K_2048-N_2048-num_aie_columns_2-b_col_maj_True-c_col_maj_False-m_64-k_64-n_64-partition_N_1,5/5,yes,27596.74,27595.3,27504.8,27681.9,63.396474665395104,0.9119168599999999,0.9119596,0.9091062,0.914962,0.0020963587212116446,622.53524,622.5644,620.6165,624.6141,1.4311283880211587
3fc9a6084f934108c5c4982eb6ea39a6fcc55b67,2026-10-01 22:56:19,commit 3fc9a6084f | peano 22.0.0+773413fb | mlir_aie 1.4.4.dev53+gd53582d | kernels b07d1f67713f | device NPU Krackan 1 | pmode default,iron/operators/gemm/test.py::test_gemm,M_2048-K_2048-N_2048-num_aie_columns_8-b_col_maj_True-c_col_maj_True-m_64-k_64-n_64-partition_N_1,5/5,yes,7916.52,7884.9,7814.1,8047.0,101.95382288075324,3.1793274,3.191667,3.127366,3.22058,0.04080223122330441,2170.4208,2178.845,2134.949,2198.582,27.853800193151343
3fc9a6084f934108c5c4982eb6ea39a6fcc55b67,2026-10-01 22:56:19,commit 3fc9a6084f | peano 22.0.0+773413fb | mlir_aie 1.4.4.dev53+gd53582d | kernels b07d1f67713f | device NPU Krackan 1 | pmode default,iron/operators/gemm/test.py::test_gemm,M_384-K_1536-N_1792-num_aie_columns_4-b_col_maj_True-c_col_maj_False-m_32-k_48-n_64-partition_N_1,5/5,no,2370.88,2514.5,1867.5,2602.1,295.41307012385215,3.4496208,3.205769,3.09791,4.316416,0.4989947337494656,904.64202,840.6933,812.4079,1131.954,130.85845073275547
3fc9a6084f934108c5c4982eb6ea39a6fcc55b67,2026-10-01 22:56:19,commit 3fc9a6084f | peano 22.0.0+773413fb | mlir_aie 1.4.4.dev53+gd53582d | kernels b07d1f67713f | device NPU Krackan 1 | pmode default,iron/operators/gemm/test.py::test_gemm,M_64-K_512-N_256-num_aie_columns_4-b_col_maj_True-c_col_maj_False-m_16-k_64-n_64-partition_N_4,5/5,no,3610.96,3776.2,2093.4,4434.5,891.1327807908314,0.36971712,0.3297436,0.2807976,0.5948187,0.1274727691095514,19.925806,17.77145,15.13351,32.0576,6.870113460659147
3fc9a6084f934108c5c4982eb6ea39a6fcc55b67,2026-10-01 22:56:19,commit 3fc9a6084f | peano 22.0.0+773413fb | mlir_aie 1.4.4.dev53+gd53582d | kernels b07d1f67713f | device NPU Krackan 1 | pmode default,iron/operators/gemm/test.py::test_gemm,M_896-K_1792-N_640-num_aie_columns_8-b_col_maj_False-c_col_maj_True-m_32-k_64-n_80-partition_N_1,5/5,no,1520.18,1581.7,959.1,1914.6,369.302730832037,4.6376968,4.205589,3.474386,6.935453,1.3743688043202595,1432.8886,1299.382,1073.466,2142.816,424.632525510941
3fc9a6084f934108c5c4982eb6ea39a6fcc55b67,2026-10-01 22:56:19,commit 3fc9a6084f | peano 22.0.0+773413fb | mlir_aie 1.4.4.dev53+gd53582d | kernels b07d1f67713f | device NPU Krackan 1 | pmode default,iron/operators/gemv/test.py::test_gemv,M_128-K_128-num_aie_columns_1-tile_size_input_32-tile_size_output_128,5/5,no,184.24,189.2,124.3,242.8,46.29009613297428,0.19080372,0.1759357,0.1370834,0.2676403,0.051564695045127534,0.18786828,0.173229,0.1349744,0.2635228,0.05077141410633547
3fc9a6084f934108c5c4982eb6ea39a6fcc55b67,2026-10-01 22:56:19,commit 3fc9a6084f | peano 22.0.0+773413fb | mlir_aie 1.4.4.dev53+gd53582d | kernels b07d1f67713f | device NPU Krackan 1 | pmode default,iron/operators/gemv/test.py::test_gemv,M_2048-K_8192-num_aie_columns_1-tile_size_input_1-tile_size_output_2048,5/5,no,2768.96,2797.0,2538.1,3023.2,200.3556912094088,12.176416,12.00401,11.10558,13.22825,0.8820161120013623,12.168989999999999,11.99669,11.09881,13.22018,0.8814776691158999
3fc9a6084f934108c5c4982eb6ea39a6fcc55b67,2026-10-01 22:56:19,commit 3fc9a6084f | peano 22.0.0+773413fb | mlir_aie 1.4.4.dev53+gd53582d | kernels b07d1f67713f | device NPU Krackan 1 | pmode default,iron/operators/gemv/test.py::test_gemv,M_2048-K_8192-num_aie_columns_2-tile_size_input_1-tile_size_output_1024,5/5,no,1381.3799999999999,1407.3,1336.2,1411.5,37.987853321818534,24.319848,23.85702,23.78691,25.12671,0.6754793390400629,24.305014,23.84247,23.7724,25.11138,0.6750661497808933
3fc9a6084f934108c5c4982eb6ea39a6fcc55b67,2026-10-01 22:56:19,commit 3fc9a6084f | peano 22.0.0+773413fb | mlir_aie 1.4.4.dev53+gd53582d | kernels b07d1f67713f | device NPU Krackan 1 | pmode default,iron/operators/gemv/test.py::test_gemv,M_2048-K_8192-num_aie_columns_4-tile_size_input_1-tile_size_output_512,5/5,no,874.3,879.6,850.5,898.8,20.803845798313322,38.419538,38.16871,37.35647,39.47672,0.9157839344354104,38.396102,38.14542,37.33368,39.45264,0.9152284976004624
3fc9a6084f934108c5c4982eb6ea39a6fcc55b67,2026-10-01 22:56:19,commit 3fc9a6084f | peano 22.0.0+773413fb | mlir_aie 1.4.4.dev53+gd53582d | kernels b07d1f67713f | device NPU Krackan 1 | pmode default,iron/operators/gemv/test.py::test_gemv,M_2048-K_8192-num_aie_columns_8-tile_size_input_1-tile_size_output_256,5/5,yes,821.14,809.6,764.1,893.2,48.43921964689358,40.999338,41.4714,37.58985,43.93966,2.3713450093923507,40.97433,41.4461,37.56692,43.91286,2.3699004840077147
3fc9a6084f934108c5c4982eb6ea39a6fcc55b67,2026-10-01 22:56:19,commit 3fc9a6084f | peano 22.0.0+773413fb | mlir_aie 1.4.4.dev53+gd53582d | kernels b07d1f67713f | device NPU Krackan 1 | pmode default,iron/operators/gemv/test.py::test_gemv,M_8192-K_2048-num_aie_columns_1-tile_size_input_4-tile_size_output_1024,5/5,no,2813.0,2672.2,2535.4,3506.6,402.47380660112526,12.1074814,12.56463,9.574897,13.24221,1.5052337417972002,12.1000952,12.55696,9.569056,13.23413,1.5043139176066942
3fc9a6084f934108c5c4982eb6ea39a6fcc55b67,2026-10-01 22:56:19,commit 3fc9a6084f | peano 22.0.0+773413fb | mlir_aie 1.4.4.dev53+gd53582d | kernels b07d1f67713f | device NPU Krackan 1 | pmode default,iron/operators/gemv/test.py::test_gemv,M_8192-K_2048-num_aie_columns_2-tile_size_input_4-tile_size_output_1024,5/5,no,1409.14,1409.5,1356.0,1445.9,36.049452145629076,23.839318,23.82124,23.2204,24.76115,0.6170581747858135,23.824778,23.80671,23.20624,24.74605,0.6166823485150195
3fc9a6084f934108c5c4982eb6ea39a6fcc55b67,2026-10-01 22:56:19,commit 3fc9a6084f | peano 22.0.0+773413fb | mlir_aie 1.4.4.dev53+gd53582d | kernels b07d1f67713f | device NPU Krackan 1 | pmode default,iron/operators/gemv/test.py::test_gemv,M_8192-K_2048-num_aie_columns_4-tile_size_input_4-tile_size_output_1024,5/5,no,854.68,858.4,827.0,877.6,21.585110608935967,39.304354,39.11455,38.25935,40.59972,0.9977904322201138,39.280378,39.09069,38.23601,40.57495,0.9971818111658478
3fc9a6084f934108c5c4982eb6ea39a6fcc55b67,2026-10-01 22:56:19,commit 3fc9a6084f | peano 22.0.0+773413fb | mlir_aie 1.4.4.dev53+gd53582d | kernels b07d1f67713f | device NPU Krackan 1 | pmode default,iron/operators/gemv/test.py::test_gemv,M_8192-K_2048-num_aie_columns_8-tile_size_input_4-tile_size_output_1024,5/5,yes,824.56,829.6,789.0,851.8,25.806452681451574,40.750752,40.46974,39.41638,42.55526,1.2886939924085934,40.725899999999996,40.44506,39.39234,42.52931,1.2879110080475302
3fc9a6084f934108c5c4982eb6ea39a6fcc55b67,2026-10-01 22:56:19,commit 3fc9a6084f | peano 22.0.0+773413fb | mlir_aie 1.4.4.dev53+gd53582d | kernels b07d1f67713f | device NPU Krackan 1 | pmode default,iron/operators/gemv/test.py::test_gemv_batched,M_1024-K_1024-num_aie_columns_1-tile_size_input_1-tile_size_output_64-num_batches_2,5/5,no,500.28,499.9,471.8,529.3,22.312709382771057,8.4137866,8.406303,7.940219,8.907405,0.375205349201341,8.3973856,8.389917,7.924741,8.890042,0.3744740599831982
3fc9a6084f934108c5c4982eb6ea39a6fcc55b67,2026-10-01 22:56:19,commit 3fc9a6084f | peano 22.0.0+773413fb | mlir_aie 1.4.4.dev53+gd53582d | kernels b07d1f67713f | device NPU Krackan 1 | pmode default,iron/operators/gemv/test.py::test_gemv_batched,M_1026-K_64-num_aie_columns_1-tile_size_input_1-tile_size_output_2-num_batches_2,5/5,no,332.34,336.2,306.5,361.0,25.104242669317873,0.8071489000000001,0.794265,0.7396627,0.8711096,0.061390288678462815,0.79396928,0.7812957,0.727585,0.8568856,0.06038787690444994
3fc9a6084f934108c5c4982eb6ea39a6fcc55b67,2026-10-01 22:56:19,commit 3fc9a6084f | peano 22.0.0+773413fb | mlir_aie 1.4.4.dev53+gd53582d | kernels b07d1f67713f | device NPU Krackan 1 | pmode default,iron/operators/gemv/test.py::test_gemv_batched,M_256-K_128-num_aie_columns_1-tile_size_input_1-tile_size_output_256-num_batches_4,5/5,no,276.04,277.1,234.3,331.4,35.89377383335443,0.97335008,0.9571199,0.8003114,1.132066,0.12151082355180133,0.96207596,0.9460335,0.7910414,1.118954,0.12010363351623879
3fc9a6084f934108c5c4982eb6ea39a6fcc55b67,2026-10-01 22:56:19,commit 3fc9a6084f | peano 22.0.0+773413fb | mlir_aie 1.4.4.dev53+gd53582d | kernels b07d1f67713f | device NPU Krackan 1 | pmode default,iron/operators/gemv/test.py::test_gemv_batched,M_256-K_128-num_aie_columns_8-tile_size_input_1-tile_size_output_32-num_batches_100,5/5,no,462.1,466.5,423.1,491.3,24.570307283385766,14.382546,14.21436,13.49549,15.67041,0.7917811348661954,14.215952,14.04971,13.33917,15.4889,0.7826105403839128
3fc9a6084f934108c5c4982eb6ea39a6fcc55b67,2026-10-01 22:56:19,commit 3fc9a6084f | peano 22.0.0+773413fb | mlir_aie 1.4.4.dev53+gd53582d | kernels b07d1f67713f | device NPU Krackan 1 | pmode default,iron/operators/gemv/test.py::test_gemv_batched,M_448-K_64-num_aie_columns_8-tile_size_input_1-tile_size_output_56-num_batches_192,5/5,no,1000.92,999.0,976.5,1028.4,18.44334568347081,11.19921,11.2174,10.89699,11.47589,0.20547460341852436,11.002734,11.02061,10.70581,11.27456,0.20187224754779928
3fc9a6084f934108c5c4982eb6ea39a6fcc55b67,2026-10-01 22:56:19,commit 3fc9a6084f | peano 22.0.0+773413fb | mlir_aie 1.4.4.dev53+gd53582d | kernels b07d1f67713f | device NPU Krackan 1 | pmode default,iron/operators/gemv/test.py::test_gemv_batched,M_512-K_64-num_aie_columns_8-tile_size_input_4-tile_size_output_64-num_batches_32,5/5,no,250.72,256.5,212.9,277.7,24.879348866077656,8.583021,8.320464,7.685772,10.0214,0.9058524883997395,8.4347528,8.176733,7.553004,9.848281,0.8902026060165742
3fc9a6084f934108c5c4982eb6ea39a6fcc55b67,2026-10-01 22:56:19,commit 3fc9a6084f | peano 22.0.0+773413fb | mlir_aie 1.4.4.dev53+gd53582d | kernels b07d1f67713f | device NPU Krackan 1 | pmode default,iron/operators/gemv/test.py::test_gemv_batched,M_64-K_1536-num_aie_columns_1-tile_size_input_1-tile_size_output_64-num_batches_8,5/5,no,291.6,304.7,250.5,316.1,26.936592212082065,5.5219478,5.246026,5.057278,6.38168,0.5452536317056496,5.4335116,5.162009,4.976284,6.279475,0.536521137640727
3fc9a6084f934108c5c4982eb6ea39a6fcc55b67,2026-10-01 22:56:19,commit 3fc9a6084f | peano 22.0.0+773413fb | mlir_aie 1.4.4.dev53+gd53582d | kernels b07d1f67713f | device NPU Krackan 1 | pmode default,iron/operators/gemv/test.py::test_gemv_gelu,M_128-K_128-num_aie_columns_1-tile_size_input_32-tile_size_output_128,5/5,no,173.16,171.3,154.2,197.5,19.19356663051451,0.19407694,0.1942836,0.1685097,0.2158194,0.02124384740690819,0.19109116,0.1912946,0.1659173,0.2124991,0.02091702263738796
3fc9a6084f934108c5c4982eb6ea39a6fcc55b67,2026-10-01 22:56:19,commit 3fc9a6084f | peano 22.0.0+773413fb | mlir_aie 1.4.4.dev53+gd53582d | kernels b07d1f67713f | device NPU Krackan 1 | pmode default,iron/operators/gemv/test.py::test_gemv_gelu,M_2048-K_8192-num_aie_columns_1-tile_size_input_1-tile_size_output_2048,5/5,no,2710.6,2655.5,2488.0,3065.9,215.10690365490368,12.44558,12.64366,10.95113,13.49459,0.9321526818338297,12.437987999999999,12.63594,10.94445,13.48636,0.9315843043278477
3fc9a6084f934108c5c4982eb6ea39a6fcc55b67,2026-10-01 22:56:19,commit 3fc9a6084f | peano 22.0.0+773413fb | mlir_aie 1.4.4.dev53+gd53582d | kernels b07d1f67713f | device NPU Krackan 1 | pmode default,iron/operators/gemv/test.py::test_gemv_gelu,M_8192-K_2048-num_aie_columns_1-tile_size_input_4-tile_size_output_1024,5/5,no,2547.34,2508.4,2502.3,2689.4,80.0451934846809,13.190416,13.38507,12.48421,13.41738,0.39833865382360323,13.182372,13.37691,12.4766,13.4092,0.3980940791697364
3fc9a6084f934108c5c4982eb6ea39a6fcc55b67,2026-10-01 22:56:19,commit 3fc9a6084f | peano 22.0.0+773413fb | mlir_aie 1.4.4.dev53+gd53582d | kernels b07d1f67713f | device NPU Krackan 1 | pmode default,iron/operators/layer_norm/test.py::test_layer_norm,input_length_2048-num_aie_columns_1-num_channels_1-tile_size_2048,5/5,no,154.01999999999998,164.7,108.4,177.2,29.00942950145693,0.05503044,0.04973469,0.04621773,0.07558102,0.012331315314985665,,,,,
3fc9a6084f934108c5c4982eb6ea39a6fcc55b67,2026-10-01 22:56:19,commit 3fc9a6084f | peano 22.0.0+773413fb | mlir_aie 1.4.4.dev53+gd53582d | kernels b07d1f67713f | device NPU Krackan 1 | pmode default,iron/operators/layer_norm/test.py::test_layer_norm,input_length_2048-num_aie_columns_1-num_channels_2-tile_size_1024,5/5,no,151.16,149.2,118.6,195.8,28.184889568703305,0.055631047999999995,0.05490837,0.04184459,0.06906902,0.009774473920747343,,,,,
3fc9a6084f934108c5c4982eb6ea39a6fcc55b67,2026-10-01 22:56:19,commit 3fc9a6084f | peano 22.0.0+773413fb | mlir_aie 1.4.4.dev53+gd53582d | kernels b07d1f67713f | device NPU Krackan 1 | pmode default,iron/operators/layer_norm/test.py::test_layer_norm,input_length_2048-num_aie_columns_2-num_channels_1-tile_size_1024,5/5,no,182.48,182.5,122.8,278.5,60.64785239396363,0.048627412,0.044898,0.02941789,0.06671336,0.014527902135162874,,,,,
3fc9a6084f934108c5c4982eb6ea39a6fcc55b67,2026-10-01 22:56:19,commit 3fc9a6084f | peano 22.0.0+773413fb | mlir_aie 1.4.4.dev53+gd53582d | kernels b07d1f67713f | device NPU Krackan 1 | pmode default,iron/operators/layer_norm/test.py::test_layer_norm,input_length_2048-num_aie_columns_2-num_channels_2-tile_size_512,5/5,no,149.74,141.3,117.1,191.3,28.942494709336998,0.056307226,0.05796404,0.04283085,0.06996148,0.010479333560307166,,,,,
3fc9a6084f934108c5c4982eb6ea39a6fcc55b67,2026-10-01 22:56:19,commit 3fc9a6084f | peano 22.0.0+773413fb | mlir_aie 1.4.4.dev53+gd53582d | kernels b07d1f67713f | device NPU Krackan 1 | pmode default,iron/operators/layer_norm/test.py::test_layer_norm,input_length_2048-num_aie_columns_4-num_channels_1-tile_size_512,5/5,no,190.35999999999999,169.5,157.9,255.2,40.348767019575696,0.044405672,0.04832411,0.03209968,0.05186747,0.008173951410842862,,,,,
3fc9a6084f934108c5c4982eb6ea39a6fcc55b67,2026-10-01 22:56:19,commit 3fc9a6084f | peano 22.0.0+773413fb | mlir_aie 1.4.4.dev53+gd53582d | kernels b07d1f67713f | device NPU Krackan 1 | pmode default,iron/operators/layer_norm/test.py::test_layer_norm,input_length_2048-num_aie_columns_4-num_channels_2-tile_size_256,5/5,no,192.96,185.0,162.1,223.7,27.412551869535967,0.043137464,0.04427558,0.03661311,0.05053702,0.006058785477711686,,,,,
3fc9a6084f934108c5c4982eb6ea39a6fcc55b67,2026-10-01 22:56:19,commit 3fc9a6084f | peano 22.0.0+773413fb | mlir_aie 1.4.4.dev53+gd53582d | kernels b07d1f67713f | device NPU Krackan 1 | pmode default,iron/operators/layer_norm/test.py::test_layer_norm,input_length_2048-num_aie_columns_8-num_channels_1-tile_size_256,5/5,no,180.26,167.2,127.1,229.7,45.666979317664534,0.047887702,0.04898379,0.03566282,0.0644319,0.012220190668179856,,,,,
3fc9a6084f934108c5c4982eb6ea39a6fcc55b67,2026-10-01 22:56:19,commit 3fc9a6084f | peano 22.0.0+773413fb | mlir_aie 1.4.4.dev53+gd53582d | kernels b07d1f67713f | device NPU Krackan 1 | pmode default,iron/operators/layer_norm/test.py::test_layer_norm,input_length_2048-num_aie_columns_8-num_channels_2-tile_size_128,5/5,no,224.06,218.3,143.8,297.1,55.31675153152072,0.038676014,0.03753236,0.02757367,0.05697435,0.011022314480590273,,,,,
3fc9a6084f934108c5c4982eb6ea39a6fcc55b67,2026-10-01 22:56:19,commit 3fc9a6084f | peano 22.0.0+773413fb | mlir_aie 1.4.4.dev53+gd53582d | kernels b07d1f67713f | device NPU Krackan 1 | pmode default,iron/operators/layer_norm/test.py::test_layer_norm,input_length_8388608-num_aie_columns_8-num_channels_2-tile_size_4096,5/5,yes,663.5,650.8,624.5,741.7,47.373251946641815,50.766978,51.55645,45.24167,53.73274,3.418603296972318,,,,,
3fc9a6084f934108c5c4982eb6ea39a6fcc55b67,2026-10-01 22:56:19,commit 3fc9a6084f | peano 22.0.0+773413fb | mlir_aie 1.4.4.dev53+gd53582d | kernels b07d1f67713f | device NPU Krackan 1 | pmode default,iron/operators/leaky_relu/test.py::test_leaky_relu,input_length_2048-num_aie_columns_1-num_channels_1-tile_size_2048-alpha_0.01,5/5,no,158.54,160.6,141.2,172.4,14.039515661161545,0.052004296,0.05100999,0.04752071,0.05800919,0.004692130331670255,,,,,
3fc9a6084f934108c5c4982eb6ea39a6fcc55b67,2026-10-01 22:56:19,commit 3fc9a6084f | peano 22.0.0+773413fb | mlir_aie 1.4.4.dev53+gd53582d | kernels b07d1f67713f | device NPU Krackan 1 | pmode default,iron/operators/leaky_relu/test.py::test_leaky_relu,input_length_2048-num_aie_columns_1-num_channels_1-tile_size_2048-alpha_0.1,5/5,no,139.6,128.3,122.1,178.4,23.761839154408904,0.0598997,0.06382846,0.04592701,0.06711893,0.008977032278952215,,,,,
3fc9a6084f934108c5c4982eb6ea39a6fcc55b67,2026-10-01 22:56:19,commit 3fc9a6084f | peano 22.0.0+773413fb | mlir_aie 1.4.4.dev53+gd53582d | kernels b07d1f67713f | device NPU Krackan 1 | pmode default,iron/operators/leaky_relu/test.py::test_leaky_relu,input_length_2048-num_aie_columns_1-num_channels_1-tile_size_2048-alpha_0.25,5/5,no,141.02,134.3,124.5,170.1,17.424035123931535,0.058733379999999995,0.06099958,0.04815877,0.06577965,0.006588878474649536,,,,,
3fc9a6084f934108c5c4982eb6ea39a6fcc55b67,2026-10-01 22:56:19,commit 3fc9a6084f | peano 22.0.0+773413fb | mlir_aie 1.4.4.dev53+gd53582d | kernels b07d1f67713f | device NPU Krackan 1 | pmode default,iron/operators/leaky_relu/test.py::test_leaky_relu,input_length_2048-num_aie_columns_1-num_channels_2-tile_size_1024-alpha_0.01,5/5,no,171.02,172.9,150.1,192.6,16.765649405853623,0.048273607999999996,0.04737204,0.04253441,0.0545675,0.0047665825622735195,,,,,
3fc9a6084f934108c5c4982eb6ea39a6fcc55b67,2026-10-01 22:56:19,commit 3fc9a6084f | peano 22.0.0+773413fb | mlir_aie 1.4.4.dev53+gd53582d | kernels b07d1f67713f | device NPU Krackan 1 | pmode default,iron/operators/leaky_relu/test.py::test_leaky_relu,input_length_2048-num_aie_columns_2-num_channels_1-tile_size_1024-alpha_0.01,5/5,no,203.64,154.4,121.7,431.5,128.85025417126658,0.049270878,0.05306937,0.01898441,0.06728984,0.018525673484388362,,,,,
3fc9a6084f934108c5c4982eb6ea39a6fcc55b67,2026-10-01 22:56:19,commit 3fc9a6084f | peano 22.0.0+773413fb | mlir_aie 1.4.4.dev53+gd53582d | kernels b07d1f67713f | device NPU Krackan 1 | pmode default,iron/operators/leaky_relu/test.py::test_leaky_relu,input_length_2048-num_aie_columns_2-num_channels_2-tile_size_512-alpha_0.01,5/5,no,160.58,169.1,129.0,202.4,31.336432470847736,0.052608742,0.04844127,0.04046931,0.06352111,0.010284020175997324,,,,,
3fc9a6084f934108c5c4982eb6ea39a6fcc55b67,2026-10-01 22:56:19,commit 3fc9a6084f | peano 22.0.0+773413fb | mlir_aie 1.4.4.dev53+gd53582d | kernels b07d1f67713f | device NPU Krackan 1 | pmode default,iron/operators/leaky_relu/test.py::test_leaky_relu,input_length_2048-num_aie_columns_4-num_channels_1-tile_size_512-alpha_0.01,5/5,no,139.76,142.6,117.5,159.0,15.889398981711045,0.059255958000000004,0.05745506,0.05151456,0.0697233,0.007021070132773208,,,,,
3fc9a6084f934108c5c4982eb6ea39a6fcc55b67,2026-10-01 22:56:19,commit 3fc9a6084f | peano 22.0.0+773413fb | mlir_aie 1.4.4.dev53+gd53582d | kernels b07d1f67713f | device NPU Krackan 1 | pmode default,iron/operators/leaky_relu/test.py::test_leaky_relu,input_length_2048-num_aie_columns_4-num_channels_2-tile_size_256-alpha_0.01,5/5,no,232.28,196.0,159.6,334.0,74.90388507948036,0.038135376,0.04180594,0.02452504,0.05131417,0.011275725679819016,,,,,
3fc9a6084f934108c5c4982eb6ea39a6fcc55b67,2026-10-01 22:56:19,commit 3fc9a6084f | peano 22.0.0+773413fb | mlir_aie 1.4.4.dev53+gd53582d | kernels b07d1f67713f | device NPU Krackan 1 | pmode default,iron/operators/leaky_relu/test.py::test_leaky_relu,input_length_2048-num_aie_columns_8-num_channels_1-tile_size_256-alpha_0.01,5/5,no,178.12,157.9,138.5,255.8,46.86258635628214,0.048186448,0.05188751,0.0320254,0.05914246,0.010572361684896614,,,,,
3fc9a6084f934108c5c4982eb6ea39a6fcc55b67,2026-10-01 22:56:19,commit 3fc9a6084f | peano 22.0.0+773413fb | mlir_aie 1.4.4.dev53+gd53582d | kernels b07d1f67713f | device NPU Krackan 1 | pmode default,iron/operators/leaky_relu/test.py::test_leaky_relu,input_length_2048-num_aie_columns_8-num_channels_2-tile_size_128-alpha_0.01,5/5,no,227.84,210.6,175.1,327.2,61.452363664874596,0.03781418,0.0388982,0.02503568,0.04677561,0.008757241281742214,,,,,
3fc9a6084f934108c5c4982eb6ea39a6fcc55b67,2026-10-01 22:56:19,commit 3fc9a6084f | peano 22.0.0+773413fb | mlir_aie 1.4.4.dev53+gd53582d | kernels b07d1f67713f | device NPU Krackan 1 | pmode default,iron/operators/leaky_relu/test.py::test_leaky_relu,input_length_8388608-num_aie_columns_8-num_channels_2-tile_size_4096-alpha_0.01,5/5,yes,633.96,605.6,598.6,708.6,46.75299990374949,53.149242,55.41031,47.35253,56.05578,3.708656100863222,,,,,
3fc9a6084f934108c5c4982eb6ea39a6fcc55b67,2026-10-01 22:56:19,commit 3fc9a6084f | peano 22.0.0+773413fb | mlir_aie 1.4.4.dev53+gd53582d | kernels b07d1f67713f | device NPU Krackan 1 | pmode default,iron/operators/mem_copy/test.py::test_mem_copy,input_length_2048-num_cores_1-num_channels_1-bypass_False-tile_size_2048,5/5,no,151.7,164.5,123.7,167.5,19.728025750185953,0.054801468,0.04979243,0.04891652,0.06623759,0.007704025132651114,,,,,
3fc9a6084f934108c5c4982eb6ea39a6fcc55b67,2026-10-01 22:56:19,commit 3fc9a6084f | peano 22.0.0+773413fb | mlir_aie 1.4.4.dev53+gd53582d | kernels b07d1f67713f | device NPU Krackan 1 | pmode default,iron/operators/mem_copy/test.py::test_mem_copy,input_length_2048-num_cores_16-num_channels_2-bypass_False-tile_size_128,5/5,no,217.62,198.7,147.2,325.2,72.36430059083,0.040870348,0.04123047,0.02519073,0.05567071,0.012415831899724639,,,,,
3fc9a6084f934108c5c4982eb6ea39a6fcc55b67,2026-10-01 22:56:19,commit 3fc9a6084f | peano 22.0.0+773413fb | mlir_aie 1.4.4.dev53+gd53582d | kernels b07d1f67713f | device NPU Krackan 1 | pmode default,iron/operators/mem_copy/test.py::test_mem_copy,input_length_2048-num_cores_2-num_channels_1-bypass_False-tile_size_1024,5/5,no,143.4,142.0,125.8,165.3,14.245876596405017,0.057565842,0.05767796,0.04956018,0.06512441,0.005566226578591638,,,,,
3fc9a6084f934108c5c4982eb6ea39a6fcc55b67,2026-10-01 22:56:19,commit 3fc9a6084f | peano 22.0.0+773413fb | mlir_aie 1.4.4.dev53+gd53582d | kernels b07d1f67713f | device NPU Krackan 1 | pmode default,iron/operators/mem_copy/test.py::test_mem_copy,input_length_2048-num_cores_2-num_channels_2-bypass_False-tile_size_1024,5/5,no,185.66,162.7,138.6,297.2,63.35517342727427,0.047278948,0.05034755,0.02756059,0.05912496,0.011737069891541073,,,,,
3fc9a6084f934108c5c4982eb6ea39a6fcc55b67,2026-10-01 22:56:19,commit 3fc9a6084f | peano 22.0.0+773413fb | mlir_aie 1.4.4.dev53+gd53582d | kernels b07d1f67713f | device NPU Krackan 1 | pmode default,iron/operators/mem_copy/test.py::test_mem_copy,input_length_2048-num_cores_4-num_channels_1-bypass_False-tile_size_512,5/5,no,184.01999999999998,184.7,149.1,219.7,28.28801866515221,0.045384552,0.04435252,0.03728908,0.0549382,0.007087866522979253,,,,,
3fc9a6084f934108c5c4982eb6ea39a6fcc55b67,2026-10-01 22:56:19,commit 3fc9a6084f | peano 22.0.0+773413fb | mlir_aie 1.4.4.dev53+gd53582d | kernels b07d1f67713f | device NPU Krackan 1 | pmode default,iron/operators/mem_copy/test.py::test_mem_copy,input_length_2048-num_cores_4-num_channels_2-bypass_False-tile_size_512,5/5,no,168.26,166.9,130.0,201.5,31.170226178197684,0.05009093,0.04908975,0.04065226,0.06301151,0.009553437053299196,,,,,
3fc9a6084f934108c5c4982eb6ea39a6fcc55b67,2026-10-01 22:56:19,commit 3fc9a6084f | peano 22.0.0+773413fb | mlir_aie 1.4.4.dev53+gd53582d | kernels b07d1f67713f | device NPU Krackan 1 | pmode default,iron/operators/mem_copy/test.py::test_mem_copy,input_length_2048-num_cores_8-num_channels_1-bypass_False-tile_size_256,5/5,no,193.22,194.0,169.9,224.5,22.50659903228384,0.042850632,0.04222463,0.03649534,0.04821575,0.004892719628194528,,,,,
3fc9a6084f934108c5c4982eb6ea39a6fcc55b67,2026-10-01 22:56:19,commit 3fc9a6084f | peano 22.0.0+773413fb | mlir_aie 1.4.4.dev53+gd53582d | kernels b07d1f67713f | device NPU Krackan 1 | pmode default,iron/operators/mem_copy/test.py::test_mem_copy,input_length_2048-num_cores_8-num_channels_2-bypass_False-tile_size_256,5/5,no,186.22,173.8,166.7,216.8,22.560075354484084,0.04449231,0.0471482,0.03778197,0.049146,0.005138175999997472,,,,,
3fc9a6084f934108c5c4982eb6ea39a6fcc55b67,2026-10-01 22:56:19,commit 3fc9a6084f | peano 22.0.0+773413fb | mlir_aie 1.4.4.dev53+gd53582d | kernels b07d1f67713f | device NPU Krackan 1 | pmode default,iron/operators/mem_copy/test.py::test_mem_copy,input_length_8388608-num_cores_16-num_channels_2-bypass_False-tile_size_4096,5/5,yes,689.66,677.9,625.6,783.3,63.283749888893254,48.971936,49.50053,42.83661,53.63723,4.335718628368312,,,,,
3fc9a6084f934108c5c4982eb6ea39a6fcc55b67,2026-10-01 22:56:19,commit 3fc9a6084f | peano 22.0.0+773413fb | mlir_aie 1.4.4.dev53+gd53582d | kernels b07d1f67713f | device NPU Krackan 1 | pmode default,iron/operators/mha/test.py::test_arg_spec_matches_design_shapes,seq_len_16384-dim_64-num_heads_1-num_pipelines_8-num_kv_heads_0,5/5,no,,,,,,,,,,,,,,,
3fc9a6084f934108c5c4982eb6ea39a6fcc55b67,2026-10-01 22:56:19,commit 3fc9a6084f | peano 22.0.0+773413fb | mlir_aie 1.4.4.dev53+gd53582d | kernels b07d1f67713f | device NPU Krackan 1 | pmode default,iron/operators/mha/test.py::test_arg_spec_matches_design_shapes,seq_len_16384-dim_64-num_heads_8-num_pipelines_8-num_kv_heads_2,5/5,no,,,,,,,,,,,,,,,
3fc9a6084f934108c5c4982eb6ea39a6fcc55b67,2026-10-01 22:56:19,commit 3fc9a6084f | peano 22.0.0+773413fb | mlir_aie 1.4.4.dev53+gd53582d | kernels b07d1f67713f | device NPU Krackan 1 | pmode default,iron/operators/mha/test.py::test_mha,seq_len_16384-dim_64-num_heads_1-num_pipelines_8-num_kv_heads_0,5/5,yes,15604.08,17736.0,10880.5,18811.9,3927.5632059840877,0.56939158,0.4729711,0.4459195,0.7709797,0.15827554238950503,,,,,
3fc9a6084f934108c5c4982eb6ea39a6fcc55b67,2026-10-01 22:56:19,commit 3fc9a6084f | peano 22.0.0+773413fb | mlir_aie 1.4.4.dev53+gd53582d | kernels b07d1f67713f | device NPU Krackan 1 | pmode default,iron/operators/relu/test.py::test_relu,input_length_2048-num_aie_columns_1-num_channels_1-tile_size_2048,5/5,no,192.68,190.9,151.5,237.6,35.714380857016124,0.043710766,0.0429051,0.03447347,0.05406583,0.008137581194662822,,,,,
3fc9a6084f934108c5c4982eb6ea39a6fcc55b67,2026-10-01 22:56:19,commit 3fc9a6084f | peano 22.0.0+773413fb | mlir_aie 1.4.4.dev53+gd53582d | kernels b07d1f67713f | device NPU Krackan 1 | pmode default,iron/operators/relu/test.py::test_relu,input_length_2048-num_aie_columns_1-num_channels_2-tile_size_1024,5/5,no,178.18,164.9,121.1,246.5,52.09848366315473,0.049216794,0.04967438,0.0332361,0.06765775,0.014100275264897492,,,,,
3fc9a6084f934108c5c4982eb6ea39a6fcc55b67,2026-10-01 22:56:19,commit 3fc9a6084f | peano 22.0.0+773413fb | mlir_aie 1.4.4.dev53+gd53582d | kernels b07d1f67713f | device NPU Krackan 1 | pmode default,iron/operators/relu/test.py::test_relu,input_length_2048-num_aie_columns_2-num_channels_1-tile_size_1024,5/5,no,180.51999999999998,191.5,144.2,210.6,31.075504822930878,0.046531342,0.04276802,0.03889635,0.05679659,0.00842261390290271,,,,,
3fc9a6084f934108c5c4982eb6ea39a6fcc55b67,2026-10-01 22:56:19,commit 3fc9a6084f | peano 22.0.0+773413fb | mlir_aie 1.4.4.dev53+gd53582d | kernels b07d1f67713f | device NPU Krackan 1 | pmode default,iron/operators/relu/test.py::test_relu,input_length_2048-num_aie_columns_2-num_channels_2-tile_size_512,5/5,no,182.4,196.7,151.1,203.0,25.498529369357755,0.04566508,0.04164845,0.04035528,0.05422006,0.006743010511244217,,,,,
3fc9a6084f934108c5c4982eb6ea39a6fcc55b67,2026-10-01 22:56:19,commit 3fc9a6084f | peano 22.0.0+773413fb | mlir_aie 1.4.4.dev53+gd53582d | kernels b07d1f67713f | device NPU Krackan 1 | pmode default,iron/operators/relu/test.py::test_relu,input_length_2048-num_aie_columns_4-num_channels_1-tile_size_512,5/5,no,217.44,200.2,161.1,349.0,75.43277139281044,0.04051528,0.04092705,0.02347244,0.05085451,0.010409815036831825,,,,,
3fc9a6084f934108c5c4982eb6ea39a6fcc55b67,2026-10-01 22:56:19,commit 3fc9a6084f | peano 22.0.0+773413fb | mlir_aie 1.4.4.dev53+gd53582d | kernels b07d1f67713f | device NPU Krackan 1 | pmode default,iron/operators/relu/test.py::test_relu,input_length_2048-num_aie_columns_4-num_channels_2-tile_size_256,5/5,no,182.56,174.9,146.6,222.1,29.252401610807958,0.045804288,0.04683471,0.03687715,0.05589176,0.007319457360178418,,,,,
3fc9a6084f934108c5c4982eb6ea39a6fcc55b67,2026-10-01 22:56:19,commit 3fc9a6084f | peano 22.0.0+773413fb | mlir_aie 1.4.4.dev53+gd53582d | kernels b07d1f67713f | device NPU Krackan 1 | pmode default,iron/operators/relu/test.py::test_relu,input_length_2048-num_aie_columns_8-num_channels_1-tile_size_256,5/5,no,198.18,192.5,155.8,250.4,36.72951129541475,0.042464486,0.04255673,0.03272127,0.05258799,0.007684061772700686,,,,,
3fc9a6084f934108c5c4982eb6ea39a6fcc55b67,2026-10-01 22:56:19,commit 3fc9a6084f | peano 22.0.0+773413fb | mlir_aie 1.4.4.dev53+gd53582d | kernels b07d1f67713f | device NPU Krackan 1 | pmode default,iron/operators/relu/test.py::test_relu,input_length_2048-num_aie_columns_8-num_channels_2-tile_size_128,5/5,no,217.22,222.8,176.1,240.7,24.395019983595013,0.038146562,0.03677434,0.0340287,0.04653065,0.004854118887380077,,,,,
3fc9a6084f934108c5c4982eb6ea39a6fcc55b67,2026-10-01 22:56:19,commit 3fc9a6084f | peano 22.0.0+773413fb | mlir_aie 1.4.4.dev53+gd53582d | kernels b07d1f67713f | device NPU Krackan 1 | pmode default,iron/operators/relu/test.py::test_relu,input_length_8388608-num_aie_columns_8-num_channels_2-tile_size_4096,5/5,yes,692.9399999999999,670.1,642.3,790.8,58.50917022142767,48.679488,50.07033,42.43073,52.23919,3.819141389084726,,,,,
3fc9a6084f934108c5c4982eb6ea39a6fcc55b67,2026-10-01 22:56:19,commit 3fc9a6084f | peano 22.0.0+773413fb | mlir_aie 1.4.4.dev53+gd53582d | kernels b07d1f67713f | device NPU Krackan 1 | pmode default,iron/operators/repeat/test.py::test_cols_without_a_legal_split_is_rejected,"cols_1031-why_prime > 1023: the only divisors are 1 and cols, neither legal",5/5,no,,,,,,,,,,,,,,,
3fc9a6084f934108c5c4982eb6ea39a6fcc55b67,2026-10-01 22:56:19,commit 3fc9a6084f | peano 22.0.0+773413fb | mlir_aie 1.4.4.dev53+gd53582d | kernels b07d1f67713f | device NPU Krackan 1 | pmode default,iron/operators/repeat/test.py::test_cols_without_a_legal_split_is_rejected,cols_2062-why_2 x 1031: the only word-aligned chunk leaves a 1031-wide chunk count,5/5,no,,,,,,,,,,,,,,,
3fc9a6084f934108c5c4982eb6ea39a6fcc55b67,2026-10-01 22:56:19,commit 3fc9a6084f | peano 22.0.0+773413fb | mlir_aie 1.4.4.dev53+gd53582d | kernels b07d1f67713f | device NPU Krackan 1 | pmode default,iron/operators/repeat/test.py::test_cols_without_a_legal_split_is_rejected,"cols_513-why_odd: every divisor is odd, so no chunk is a whole 32-bit word",5/5,no,,,,,,,,,,,,,,,
3fc9a6084f934108c5c4982eb6ea39a6fcc55b67,2026-10-01 22:56:19,commit 3fc9a6084f | peano 22.0.0+773413fb | mlir_aie 1.4.4.dev53+gd53582d | kernels b07d1f67713f | device NPU Krackan 1 | pmode default,iron/operators/repeat/test.py::test_repeat,rows_4-cols_1024-repeat_2-transfer_size_None,5/5,no,155.84,157.5,129.8,169.6,16.27430490067087,0.15921226,0.1560777,0.1449031,0.1892981,0.018165655580875687,,,,,
3fc9a6084f934108c5c4982eb6ea39a6fcc55b67,2026-10-01 22:56:19,commit 3fc9a6084f | peano 22.0.0+773413fb | mlir_aie 1.4.4.dev53+gd53582d | kernels b07d1f67713f | device NPU Krackan 1 | pmode default,iron/operators/repeat/test.py::test_repeat,rows_8-cols_512-repeat_4-transfer_size_64,5/5,no,137.98000000000002,136.8,131.3,144.9,5.1804439964157485,0.29721016,0.2995028,0.2826855,0.3120049,0.011160921437677091,,,,,
3fc9a6084f934108c5c4982eb6ea39a6fcc55b67,2026-10-01 22:56:19,commit 3fc9a6084f | peano 22.0.0+773413fb | mlir_aie 1.4.4.dev53+gd53582d | kernels b07d1f67713f | device NPU Krackan 1 | pmode default,iron/operators/repeat/test.py::test_repeat,rows_8-cols_64-repeat_4-transfer_size_None,5/5,no,140.76,132.2,112.5,193.5,30.74659330722674,0.037562964,0.03872568,0.02646159,0.04552973,0.006894043760430448,,,,,
3fc9a6084f934108c5c4982eb6ea39a6fcc55b67,2026-10-01 22:56:19,commit 3fc9a6084f | peano 22.0.0+773413fb | mlir_aie 1.4.4.dev53+gd53582d | kernels b07d1f67713f | device NPU Krackan 1 | pmode default,iron/operators/rms_norm/test.py::test_rms_norm,input_length_2048-num_aie_columns_1-num_channels_1-tile_size_2048-weighted_False,5/5,no,179.24,180.9,138.9,211.0,26.368977985504102,0.046583358,0.04529621,0.03882244,0.05898023,0.007555293794338511,,,,,
3fc9a6084f934108c5c4982eb6ea39a6fcc55b67,2026-10-01 22:56:19,commit 3fc9a6084f | peano 22.0.0+773413fb | mlir_aie 1.4.4.dev53+gd53582d | kernels b07d1f67713f | device NPU Krackan 1 | pmode default,iron/operators/rms_norm/test.py::test_rms_norm,input_length_2048-num_aie_columns_1-num_channels_1-tile_size_2048-weighted_True,5/5,no,169.94,168.3,112.7,233.8,52.055383967462966,0.07819820799999999,0.07299079,0.05255437,0.1089903,0.024451178220906245,,,,,
3fc9a6084f934108c5c4982eb6ea39a6fcc55b67,2026-10-01 22:56:19,commit 3fc9a6084f | peano 22.0.0+773413fb | mlir_aie 1.4.4.dev53+gd53582d | kernels b07d1f67713f | device NPU Krackan 1 | pmode default,iron/operators/rms_norm/test.py::test_rms_norm,input_length_2048-num_aie_columns_1-num_channels_2-tile_size_1024-weighted_False,5/5,no,169.94,155.8,134.1,221.5,34.52235507609526,0.049711028,0.05257787,0.03698053,0.0610769,0.009387729507669574,,,,,
3fc9a6084f934108c5c4982eb6ea39a6fcc55b67,2026-10-01 22:56:19,commit 3fc9a6084f | peano 22.0.0+773413fb | mlir_aie 1.4.4.dev53+gd53582d | kernels b07d1f67713f | device NPU Krackan 1 | pmode default,iron/operators/rms_norm/test.py::test_rms_norm,input_length_2048-num_aie_columns_1-num_channels_2-tile_size_1024-weighted_True,5/5,no,180.72,180.5,142.2,222.8,28.7065671928916,0.057829042000000004,0.05671748,0.04596153,0.07202645,0.009328982429534855,,,,,
3fc9a6084f934108c5c4982eb6ea39a6fcc55b67,2026-10-01 22:56:19,commit 3fc9a6084f | peano 22.0.0+773413fb | mlir_aie 1.4.4.dev53+gd53582d | kernels b07d1f67713f | device NPU Krackan 1 | pmode default,iron/operators/rms_norm/test.py::test_rms_norm,input_length_2048-num_aie_columns_2-num_channels_1-tile_size_1024-weighted_False,5/5,no,189.64,185.8,164.7,216.7,20.105297809283996,0.043592224,0.04409445,0.03780656,0.0497501,0.0045998416154069905,,,,,
3fc9a6084f934108c5c4982eb6ea39a6fcc55b67,2026-10-01 22:56:19,commit 3fc9a6084f | peano 22.0.0+773413fb | mlir_aie 1.4.4.dev53+gd53582d | kernels b07d1f67713f | device NPU Krackan 1 | pmode default,iron/operators/rms_norm/test.py::test_rms_norm,input_length_2048-num_aie_columns_2-num_channels_1-tile_size_1024-weighted_True,5/5,no,191.56,218.8,123.4,232.4,48.428638221614285,0.056849406,0.04679923,0.04406348,0.08299226,0.016928235113411263,,,,,
3fc9a6084f934108c5c4982eb6ea39a6fcc55b67,2026-10-01 22:56:19,commit 3fc9a6084f | peano 22.0.0+773413fb | mlir_aie 1.4.4.dev53+gd53582d | kernels b07d1f67713f | device NPU Krackan 1 | pmode default,iron/operators/rms_norm/test.py::test_rms_norm,input_length_2048-num_aie_columns_2-num_channels_2-tile_size_512-weighted_False,5/5,no,179.44,200.4,135.0,210.1,35.15128731639853,0.047229242,0.04087988,0.03899281,0.06067384,0.010064516599572481,,,,,
3fc9a6084f934108c5c4982eb6ea39a6fcc55b67,2026-10-01 22:56:19,commit 3fc9a6084f | peano 22.0.0+773413fb | mlir_aie 1.4.4.dev53+gd53582d | kernels b07d1f67713f | device NPU Krackan 1 | pmode default,iron/operators/rms_norm/test.py::test_rms_norm,input_length_2048-num_aie_columns_2-num_channels_2-tile_size_512-weighted_True,5/5,no,205.32,208.2,192.6,217.1,10.933755073166768,0.044991817999999996,0.04425535,0.04245772,0.04785643,0.002423515588596451,,,,,
3fc9a6084f934108c5c4982eb6ea39a6fcc55b67,2026-10-01 22:56:19,commit 3fc9a6084f | peano 22.0.0+773413fb | mlir_aie 1.4.4.dev53+gd53582d | kernels b07d1f67713f | device NPU Krackan 1 | pmode default,iron/operators/rms_norm/test.py::test_rms_norm,input_length_2048-num_aie_columns_4-num_channels_1-tile_size_512-weighted_False,5/5,no,190.85999999999999,213.1,125.9,220.4,39.69890426699457,0.044865212,0.03844998,0.03716373,0.06505201,0.01177598630717062,,,,,
3fc9a6084f934108c5c4982eb6ea39a6fcc55b67,2026-10-01 22:56:19,commit 3fc9a6084f | peano 22.0.0+773413fb | mlir_aie 1.4.4.dev53+gd53582d | kernels b07d1f67713f | device NPU Krackan 1 | pmode default,iron/operators/rms_norm/test.py::test_rms_norm,input_length_2048-num_aie_columns_4-num_channels_1-tile_size_512-weighted_True,5/5,no,216.54,183.9,149.4,304.9,73.39702310039556,0.046482536,0.0501251,0.03022928,0.06170161,0.014554765005905452,,,,,
3fc9a6084f934108c5c4982eb6ea39a6fcc55b67,2026-10-01 22:56:19,commit 3fc9a6084f | peano 22.0.0+773413fb | mlir_aie 1.4.4.dev53+gd53582d | kernels b07d1f67713f | device NPU Krackan 1 | pmode default,iron/operators/rms_norm/test.py::test_rms_norm,input_length_2048-num_aie_columns_4-num_channels_2-tile_size_256-weighted_False,5/5,no,206.38,201.6,131.0,315.6,68.49614587697619,0.043075502,0.04064419,0.02595436,0.06254915,0.013362615863298248,,,,,
3fc9a6084f934108c5c4982eb6ea39a6fcc55b67,2026-10-01 22:56:19,commit 3fc9a6084f | peano 22.0.0+773413fb | mlir_aie 1.4.4.dev53+gd53582d | kernels b07d1f67713f | device NPU Krackan 1 | pmode default,iron/operators/rms_norm/test.py::test_rms_norm,input_length_2048-num_aie_columns_4-num_channels_2-tile_size_256-weighted_True,5/5,no,240.32,223.5,187.2,351.3,65.4541213370098,0.038029116,0.03895174,0.0247788,0.04649672,0.008431320950792942,,,,,
3fc9a6084f934108c5c4982eb6ea39a6fcc55b67,2026-10-01 22:56:19,commit 3fc9a6084f | peano 22.0.0+773413fb | mlir_aie 1.4.4.dev53+gd53582d | kernels b07d1f67713f | device NPU Krackan 1 | pmode default,iron/operators/rms_norm/test.py::test_rms_norm,input_length_2048-num_aie_columns_8-num_channels_1-tile_size_256-weighted_False,5/5,no,191.04,190.7,132.7,228.3,36.83582495343359,0.0444373,0.04296361,0.03588497,0.06171324,0.010207081058960982,,,,,
3fc9a6084f934108c5c4982eb6ea39a6fcc55b67,2026-10-01 22:56:19,commit 3fc9a6084f | peano 22.0.0+773413fb | mlir_aie 1.4.4.dev53+gd53582d | kernels b07d1f67713f | device NPU Krackan 1 | pmode default,iron/operators/rms_norm/test.py::test_rms_norm,input_length_2048-num_aie_columns_8-num_channels_1-tile_size_256-weighted_True,5/5,no,237.68,248.6,160.4,329.0,67.5527719638506,0.039161926,0.03501587,0.02645295,0.05427618,0.011395698994437771,,,,,
3fc9a6084f934108c5c4982eb6ea39a6fcc55b67,2026-10-01 22:56:19,commit 3fc9a6084f | peano 22.0.0+773413fb | mlir_aie 1.4.4.dev53+gd53582d | kernels b07d1f67713f | device NPU Krackan 1 | pmode default,iron/operators/rms_norm/test.py::test_rms_norm,input_length_2048-num_aie_columns_8-num_channels_2-tile_size_128-weighted_False,5/5,no,244.26,233.3,195.9,326.2,48.77143631266153,0.034483724,0.03510998,0.02511181,0.04181448,0.0060189363081802096,,,,,
3fc9a6084f934108c5c4982eb6ea39a6fcc55b67,2026-10-01 22:56:19,commit 3fc9a6084f | peano 22.0.0+773413fb | mlir_aie 1.4.4.dev53+gd53582d | kernels b07d1f67713f | device NPU Krackan 1 | pmode default,iron/operators/rms_norm/test.py::test_rms_norm,input_length_8388608-num_aie_columns_4-num_channels_2-tile_size_4096-weighted_True,5/5,yes,703.84,662.6,642.0,814.4,76.26914841533238,48.110774,50.65131,41.2094,52.27644,4.937139936459164,,,,,
3fc9a6084f934108c5c4982eb6ea39a6fcc55b67,2026-10-01 22:56:19,commit 3fc9a6084f | peano 22.0.0+773413fb | mlir_aie 1.4.4.dev53+gd53582d | kernels b07d1f67713f | device NPU Krackan 1 | pmode default,iron/operators/rms_norm/test.py::test_rms_norm,input_length_8388608-num_aie_columns_8-num_channels_2-tile_size_4096-weighted_False,5/5,yes,658.6,657.4,628.8,688.6,21.324047458210202,50.990744,51.04415,48.72558,53.36545,1.6551726701253866,,,,,
3fc9a6084f934108c5c4982eb6ea39a6fcc55b67,2026-10-01 22:56:19,commit 3fc9a6084f | peano 22.0.0+773413fb | mlir_aie 1.4.4.dev53+gd53582d | kernels b07d1f67713f | device NPU Krackan 1 | pmode default,iron/operators/rope/test.py::test_rope,rows_32-cols_512-angle_rows_32-aie_columns_1-method_type_0,5/5,no,171.54,180.4,119.9,236.6,48.487606663971356,0.6120169400000001,0.5449133,0.4155036,0.8196166,0.17498354988514778,,,,,
3fc9a6084f934108c5c4982eb6ea39a6fcc55b67,2026-10-01 22:56:19,commit 3fc9a6084f | peano 22.0.0+773413fb | mlir_aie 1.4.4.dev53+gd53582d | kernels b07d1f67713f | device NPU Krackan 1 | pmode default,iron/operators/rope/test.py::test_rope,rows_32-cols_512-angle_rows_32-aie_columns_2-method_type_0,5/5,no,172.72,174.9,153.1,199.0,18.986758543785196,0.57458106,0.5619844,0.4938932,0.6422537,0.06228970584228184,,,,,
3fc9a6084f934108c5c4982eb6ea39a6fcc55b67,2026-10-01 22:56:19,commit 3fc9a6084f | peano 22.0.0+773413fb | mlir_aie 1.4.4.dev53+gd53582d | kernels b07d1f67713f | device NPU Krackan 1 | pmode default,iron/operators/rope/test.py::test_rope,rows_32-cols_512-angle_rows_32-aie_columns_4-method_type_0,5/5,no,171.28,158.1,127.0,240.3,42.44704936741776,0.59961356,0.6218191,0.409075,0.7739741,0.13263005455406024,,,,,
3fc9a6084f934108c5c4982eb6ea39a6fcc55b67,2026-10-01 22:56:19,commit 3fc9a6084f | peano 22.0.0+773413fb | mlir_aie 1.4.4.dev53+gd53582d | kernels b07d1f67713f | device NPU Krackan 1 | pmode default,iron/operators/rope/test.py::test_rope,rows_32-cols_512-angle_rows_32-aie_columns_8-method_type_0,5/5,no,202.68,193.2,163.7,253.9,40.461735009759536,0.50041116,0.5088805,0.3872172,0.6004691,0.09660644413170894,,,,,
3fc9a6084f934108c5c4982eb6ea39a6fcc55b67,2026-10-01 22:56:19,commit 3fc9a6084f | peano 22.0.0+773413fb | mlir_aie 1.4.4.dev53+gd53582d | kernels b07d1f67713f | device NPU Krackan 1 | pmode default,iron/operators/rope/test.py::test_rope,rows_32-cols_512-angle_rows_8-aie_columns_1-method_type_0,5/5,no,167.36,156.2,126.4,226.4,37.176107918930946,0.45687412,0.4720495,0.3256379,0.583425,0.09375632892568907,,,,,
3fc9a6084f934108c5c4982eb6ea39a6fcc55b67,2026-10-01 22:56:19,commit 3fc9a6084f | peano 22.0.0+773413fb | mlir_aie 1.4.4.dev53+gd53582d | kernels b07d1f67713f | device NPU Krackan 1 | pmode default,iron/operators/rope/test.py::test_rope,rows_32-cols_512-angle_rows_8-aie_columns_2-method_type_0,5/5,no,160.48,164.6,129.1,192.6,24.755342857653982,0.46852212000000004,0.4478325,0.3828693,0.5711585,0.07401380241348231,,,,,
3fc9a6084f934108c5c4982eb6ea39a6fcc55b67,2026-10-01 22:56:19,commit 3fc9a6084f | peano 22.0.0+773413fb | mlir_aie 1.4.4.dev53+gd53582d | kernels b07d1f67713f | device NPU Krackan 1 | pmode default,iron/operators/rope/test.py::test_rope,rows_32-cols_512-angle_rows_8-aie_columns_4-method_type_0,5/5,no,181.92,173.4,156.2,210.5,25.729691020297935,0.4116533,0.4251168,0.3503167,0.4718954,0.05668141808617707,,,,,
3fc9a6084f934108c5c4982eb6ea39a6fcc55b67,2026-10-01 22:56:19,commit 3fc9a6084f | peano 22.0.0+773413fb | mlir_aie 1.4.4.dev53+gd53582d | kernels b07d1f67713f | device NPU Krackan 1 | pmode default,iron/operators/rope/test.py::test_rope,rows_32-cols_512-angle_rows_8-aie_columns_8-method_type_0,5/5,no,190.64000000000001,161.0,150.6,278.1,52.85653223585521,0.40697422,0.4580033,0.2650942,0.489409,0.09233236033367175,,,,,
3fc9a6084f934108c5c4982eb6ea39a6fcc55b67,2026-10-01 22:56:19,commit 3fc9a6084f | peano 22.0.0+773413fb | mlir_aie 1.4.4.dev53+gd53582d | kernels b07d1f67713f | device NPU Krackan 1 | pmode default,iron/operators/rope/test.py::test_rope,rows_4096-cols_512-angle_rows_8-aie_columns_8-method_type_0,5/5,yes,315.04,305.7,272.5,383.2,46.906055046230435,27.107402,27.46907,21.90946,30.81417,3.8347168127737934,,,,,
3fc9a6084f934108c5c4982eb6ea39a6fcc55b67,2026-10-01 22:56:19,commit 3fc9a6084f | peano 22.0.0+773413fb | mlir_aie 1.4.4.dev53+gd53582d | kernels b07d1f67713f | device NPU Krackan 1 | pmode default,iron/operators/sigmoid/test.py::test_sigmoid,input_length_2048-num_aie_columns_1-num_channels_1-tile_size_2048,5/5,no,151.38,134.1,114.1,206.6,38.54629683899609,0.056793452,0.06108191,0.03964325,0.07180485,0.01326978328047674,,,,,
3fc9a6084f934108c5c4982eb6ea39a6fcc55b67,2026-10-01 22:56:19,commit 3fc9a6084f | peano 22.0.0+773413fb | mlir_aie 1.4.4.dev53+gd53582d | kernels b07d1f67713f | device NPU Krackan 1 | pmode default,iron/operators/sigmoid/test.py::test_sigmoid,input_length_2048-num_aie_columns_1-num_channels_2-tile_size_1024,5/5,no,177.72,172.9,155.9,214.6,22.810019728180855,0.046657768,0.04737177,0.03816997,0.05254414,0.005518394076859682,,,,,
3fc9a6084f934108c5c4982eb6ea39a6fcc55b67,2026-10-01 22:56:19,commit 3fc9a6084f | peano 22.0.0+773413fb | mlir_aie 1.4.4.dev53+gd53582d | kernels b07d1f67713f | device NPU Krackan 1 | pmode default,iron/operators/sigmoid/test.py::test_sigmoid,input_length_2048-num_aie_columns_2-num_channels_1-tile_size_1024,5/5,no,189.2,194.0,148.5,220.5,26.265852356243837,0.044035186,0.04222028,0.03714704,0.05515644,0.006742263366020346,,,,,
3fc9a6084f934108c5c4982eb6ea39a6fcc55b67,2026-10-01 22:56:19,commit 3fc9a6084f | peano 22.0.0+773413fb | mlir_aie 1.4.4.dev53+gd53582d | kernels b07d1f67713f | device NPU Krackan 1 | pmode default,iron/operators/sigmoid/test.py::test_sigmoid,input_length_2048-num_aie_columns_2-num_channels_2-tile_size_512,5/5,no,205.58,187.4,163.8,316.5,63.545471907918035,0.042243714,0.04371491,0.02587966,0.04999939,0.0098265252120335,,,,,
3fc9a6084f934108c5c4982eb6ea39a6fcc55b67,2026-10-01 22:56:19,commit 3fc9a6084f | peano 22.0.0+773413fb | mlir_aie 1.4.4.dev53+gd53582d | kernels b07d1f67713f | device NPU Krackan 1 | pmode default,iron/operators/sigmoid/test.py::test_sigmoid,input_length_2048-num_aie_columns_4-num_channels_1-tile_size_512,5/5,no,186.08,188.8,147.1,244.5,38.786556949541165,0.045496504,0.04338317,0.03350703,0.05568622,0.008955408292003218,,,,,
3fc9a6084f934108c5c4982eb6ea39a6fcc55b67,2026-10-01 22:56:19,commit 3fc9a6084f | peano 22.0.0+773413fb | mlir_aie 1.4.4.dev53+gd53582d | kernels b07d1f67713f | device NPU Krackan 1 | pmode default,iron/operators/sigmoid/test.py::test_sigmoid,input_length_2048-num_aie_columns_4-num_channels_2-tile_size_256,5/5,no,183.58,190.8,139.1,224.0,36.85630203913572,0.046175974,0.04293411,0.03656718,0.05891194,0.009729861752994234,,,,,
3fc9a6084f934108c5c4982eb6ea39a6fcc55b67,2026-10-01 22:56:19,commit 3fc9a6084f | peano 22.0.0+773413fb | mlir_aie 1.4.4.dev53+gd53582d | kernels b07d1f67713f | device NPU Krackan 1 | pmode default,iron/operators/sigmoid/test.py::test_sigmoid,input_length_2048-num_aie_columns_8-num_channels_1-tile_size_256,5/5,no,221.56,202.3,142.3,397.2,102.69071525702797,0.042115578,0.04048731,0.02062666,0.05758025,0.014493719149164922,,,,,
3fc9a6084f934108c5c4982eb6ea39a6fcc55b67,2026-10-01 22:56:19,commit 3fc9a6084f | peano 22.0.0+773413fb | mlir_aie 1.4.4.dev53+gd53582d | kernels b07d1f67713f | device NPU Krackan 1 | pmode default,iron/operators/sigmoid/test.py::test_sigmoid,input_length_2048-num_aie_columns_8-num_channels_2-tile_size_128,5/5,no,219.34,222.0,177.2,273.8,39.594039955528665,0.038324126,0.03690705,0.02991517,0.04623625,0.006811351863472478,,,,,
3fc9a6084f934108c5c4982eb6ea39a6fcc55b67,2026-10-01 22:56:19,commit 3fc9a6084f | peano 22.0.0+773413fb | mlir_aie 1.4.4.dev53+gd53582d | kernels b07d1f67713f | device NPU Krackan 1 | pmode default,iron/operators/sigmoid/test.py::test_sigmoid,input_length_8388608-num_aie_columns_8-num_channels_2-tile_size_4096,5/5,yes,724.9,647.3,616.4,1003.2,162.12228409444523,47.839596,51.83977,33.44807,54.43852,8.720135146735398,,,,,
3fc9a6084f934108c5c4982eb6ea39a6fcc55b67,2026-10-01 22:56:19,commit 3fc9a6084f | peano 22.0.0+773413fb | mlir_aie 1.4.4.dev53+gd53582d | kernels b07d1f67713f | device NPU Krackan 1 | pmode default,iron/operators/silu/test.py::test_silu,input_length_2048-num_aie_columns_1-num_channels_1-tile_size_2048,5/5,no,178.28,170.5,152.1,212.8,27.66355002525887,0.046821588,0.04803452,0.03849154,0.05386674,0.007046517936007119,,,,,
3fc9a6084f934108c5c4982eb6ea39a6fcc55b67,2026-10-01 22:56:19,commit 3fc9a6084f | peano 22.0.0+773413fb | mlir_aie 1.4.4.dev53+gd53582d | kernels b07d1f67713f | device NPU Krackan 1 | pmode default,iron/operators/silu/test.py::test_silu,input_length_2048-num_aie_columns_2-num_channels_1-tile_size_1024,5/5,no,172.98,170.6,164.5,188.8,9.248621518907566,0.04746314,0.04802889,0.04338753,0.04981029,0.0024122078619803885,,,,,
3fc9a6084f934108c5c4982eb6ea39a6fcc55b67,2026-10-01 22:56:19,commit 3fc9a6084f | peano 22.0.0+773413fb | mlir_aie 1.4.4.dev53+gd53582d | kernels b07d1f67713f | device NPU Krackan 1 | pmode default,iron/operators/silu/test.py::test_silu,input_length_2048-num_aie_columns_4-num_channels_1-tile_size_512,5/5,no,181.07999999999998,175.2,162.5,202.6,16.55194852577786,0.045536634,0.04675452,0.04043316,0.05040331,0.004089864125503436,,,,,
3fc9a6084f934108c5c4982eb6ea39a6fcc55b67,2026-10-01 22:56:19,commit 3fc9a6084f | peano 22.0.0+773413fb | mlir_aie 1.4.4.dev53+gd53582d | kernels b07d1f67713f | device NPU Krackan 1 | pmode default,iron/operators/silu/test.py::test_silu,input_length_2048-num_aie_columns_8-num_channels_1-tile_size_256,5/5,no,182.35999999999999,181.3,168.1,196.2,12.217937632841311,0.045086568,0.04519599,0.04175906,0.0487474,0.003025302449255283,,,,,
3fc9a6084f934108c5c4982eb6ea39a6fcc55b67,2026-10-01 22:56:19,commit 3fc9a6084f | peano 22.0.0+773413fb | mlir_aie 1.4.4.dev53+gd53582d | kernels b07d1f67713f | device NPU Krackan 1 | pmode default,iron/operators/silu/test.py::test_silu,input_length_8388608-num_aie_columns_8-num_channels_1-tile_size_4096,5/5,yes,664.9,653.3,581.3,750.7,61.51190941598223,50.815894,51.36506,44.69758,57.72239,4.736061143991913,,,,,
3fc9a6084f934108c5c4982eb6ea39a6fcc55b67,2026-10-01 22:56:19,commit 3fc9a6084f | peano 22.0.0+773413fb | mlir_aie 1.4.4.dev53+gd53582d | kernels b07d1f67713f | device NPU Krackan 1 | pmode default,iron/operators/softmax/test.py::test_softmax,input_length_2097152-num_aie_columns_2-num_channels_2-tile_size_512,5/5,yes,549.5,531.7,520.9,598.8,33.18847691594175,15.309472,15.77719,14.0102,16.10434,0.8935256484119525,,,,,
3fc9a6084f934108c5c4982eb6ea39a6fcc55b67,2026-10-01 22:56:19,commit 3fc9a6084f | peano 22.0.0+773413fb | mlir_aie 1.4.4.dev53+gd53582d | kernels b07d1f67713f | device NPU Krackan 1 | pmode default,iron/operators/softmax/test.py::test_softmax,input_length_32768-num_aie_columns_2-num_channels_2-tile_size_1024,5/5,no,192.04,196.9,171.5,202.4,12.813781643215249,0.68508608,0.6657964,0.6475377,0.7642415,0.048406649449657245,,,,,
3fc9a6084f934108c5c4982eb6ea39a6fcc55b67,2026-10-01 22:56:19,commit 3fc9a6084f | peano 22.0.0+773413fb | mlir_aie 1.4.4.dev53+gd53582d | kernels b07d1f67713f | device NPU Krackan 1 | pmode default,iron/operators/softmax/test.py::test_softmax,input_length_32768-num_aie_columns_2-num_channels_2-tile_size_2048,5/5,no,187.84,175.7,163.8,233.3,29.788386998963205,0.710931,0.7461517,0.5619041,0.8001367,0.10351264821474718,,,,,
3fc9a6084f934108c5c4982eb6ea39a6fcc55b67,2026-10-01 22:56:19,commit 3fc9a6084f | peano 22.0.0+773413fb | mlir_aie 1.4.4.dev53+gd53582d | kernels b07d1f67713f | device NPU Krackan 1 | pmode default,iron/operators/softmax/test.py::test_softmax,input_length_32768-num_aie_columns_2-num_channels_2-tile_size_512,5/5,no,191.92000000000002,199.8,165.8,206.2,17.33874274565488,0.68775296,0.6561441,0.6356146,0.790705,0.06613160625867937,,,,,
3fc9a6084f934108c5c4982eb6ea39a6fcc55b67,2026-10-01 22:56:19,commit 3fc9a6084f | peano 22.0.0+773413fb | mlir_aie 1.4.4.dev53+gd53582d | kernels b07d1f67713f | device NPU Krackan 1 | pmode default,iron/operators/strided_copy/test.py::test_strided_copy,bench_flat_4mi,5/5,yes,468.66,459.4,432.6,502.3,31.795958862723417,35.928922,36.52191,33.39839,38.77924,2.4219487362390644,,,,,
3fc9a6084f934108c5c4982eb6ea39a6fcc55b67,2026-10-01 22:56:19,commit 3fc9a6084f | peano 22.0.0+773413fb | mlir_aie 1.4.4.dev53+gd53582d | kernels b07d1f67713f | device NPU Krackan 1 | pmode default,iron/operators/strided_copy/test.py::test_strided_copy,chunked_transfer,5/5,no,156.06,163.4,129.6,178.9,23.444146390943732,0.026747028,0.0250733,0.02289803,0.03160323,0.004173194095153016,,,,,
3fc9a6084f934108c5c4982eb6ea39a6fcc55b67,2026-10-01 22:56:19,commit 3fc9a6084f | peano 22.0.0+773413fb | mlir_aie 1.4.4.dev53+gd53582d | kernels b07d1f67713f | device NPU Krackan 1 | pmode default,iron/operators/strided_copy/test.py::test_strided_copy,contiguous,5/5,no,191.44,185.4,131.8,245.0,42.399150934894905,0.022343482,0.02209241,0.01671721,0.03107715,0.0054645752971772665,,,,,
3fc9a6084f934108c5c4982eb6ea39a6fcc55b67,2026-10-01 22:56:19,commit 3fc9a6084f | peano 22.0.0+773413fb | mlir_aie 1.4.4.dev53+gd53582d | kernels b07d1f67713f | device NPU Krackan 1 | pmode default,iron/operators/strided_copy/test.py::test_strided_copy,four_channels,5/5,no,193.88,196.9,133.1,232.6,38.763410582661585,0.021952456,0.02080085,0.01761167,0.03076854,0.005236185027950216,,,,,
3fc9a6084f934108c5c4982eb6ea39a6fcc55b67,2026-10-01 22:56:19,commit 3fc9a6084f | peano 22.0.0+773413fb | mlir_aie 1.4.4.dev53+gd53582d | kernels b07d1f67713f | device NPU Krackan 1 | pmode default,iron/operators/strided_copy/test.py::test_strided_copy,kv_slot0,5/5,no,179.98,182.6,131.0,212.3,32.06839565678334,0.75557612,0.7233104,0.6221728,1.008136,0.15376323207474535,,,,,
3fc9a6084f934108c5c4982eb6ea39a6fcc55b67,2026-10-01 22:56:19,commit 3fc9a6084f | peano 22.0.0+773413fb | mlir_aie 1.4.4.dev53+gd53582d | kernels b07d1f67713f | device NPU Krackan 1 | pmode default,iron/operators/strided_copy/test.py::test_strided_copy,kv_slot5,5/5,no,181.8,174.9,136.5,249.8,41.474449966214145,0.75443466,0.75543,0.5289002,0.9678143,0.15579056188051957,,,,,
3fc9a6084f934108c5c4982eb6ea39a6fcc55b67,2026-10-01 22:56:19,commit 3fc9a6084f | peano 22.0.0+773413fb | mlir_aie 1.4.4.dev53+gd53582d | kernels b07d1f67713f | device NPU Krackan 1 | pmode default,iron/operators/strided_copy/test.py::test_strided_copy,kv_slot5_four_channels,5/5,no,180.85999999999999,172.2,160.2,210.9,20.74856621552439,0.73783058,0.7669833,0.6264601,0.8247031,0.08075185506508196,,,,,
3fc9a6084f934108c5c4982eb6ea39a6fcc55b67,2026-10-01 22:56:19,commit 3fc9a6084f | peano 22.0.0+773413fb | mlir_aie 1.4.4.dev53+gd53582d | kernels b07d1f67713f | device NPU Krackan 1 | pmode default,iron/operators/strided_copy/test.py::test_strided_copy,kv_slot5_two_channels,5/5,no,178.52,163.6,161.8,238.7,33.67012028490542,0.75732568,0.807571,0.5534787,0.8166273,0.11415879230842012,,,,,
3fc9a6084f934108c5c4982eb6ea39a6fcc55b67,2026-10-01 22:56:19,commit 3fc9a6084f | peano 22.0.0+773413fb | mlir_aie 1.4.4.dev53+gd53582d | kernels b07d1f67713f | device NPU Krackan 1 | pmode default,iron/operators/strided_copy/test.py::test_strided_copy,kv_slot_last,5/5,no,179.44,179.5,162.0,192.8,11.284192483292726,0.73852548,0.7360298,0.6849782,0.8151659,0.048114943019055945,,,,,
3fc9a6084f934108c5c4982eb6ea39a6fcc55b67,2026-10-01 22:56:19,commit 3fc9a6084f | peano 22.0.0+773413fb | mlir_aie 1.4.4.dev53+gd53582d | kernels b07d1f67713f | device NPU Krackan 1 | pmode default,iron/operators/strided_copy/test.py::test_strided_copy,two_channels,5/5,no,155.84,161.0,126.4,189.1,25.273958930092448,0.026850455999999998,0.02543515,0.02166279,0.03241532,0.004396626588741644,,,,,
3fc9a6084f934108c5c4982eb6ea39a6fcc55b67,2026-10-01 22:56:19,commit 3fc9a6084f | peano 22.0.0+773413fb | mlir_aie 1.4.4.dev53+gd53582d | kernels b07d1f67713f | device NPU Krackan 1 | pmode default,iron/operators/strided_copy/test.py::test_strided_copy,two_channels_chunked,5/5,no,158.3,156.8,133.3,178.5,18.892988117288375,0.026182704,0.02612611,0.02294292,0.03072676,0.003212125905678356,,,,,
3fc9a6084f934108c5c4982eb6ea39a6fcc55b67,2026-10-01 22:56:19,commit 3fc9a6084f | peano 22.0.0+773413fb | mlir_aie 1.4.4.dev53+gd53582d | kernels b07d1f67713f | device NPU Krackan 1 | pmode default,iron/operators/strided_copy/test.py::test_strided_copy_cache_offset_parameter,iter0,1/1,no,,,,,,,,,,,,,,,
3fc9a6084f934108c5c4982eb6ea39a6fcc55b67,2026-10-01 22:56:19,commit 3fc9a6084f | peano 22.0.0+773413fb | mlir_aie 1.4.4.dev53+gd53582d | kernels b07d1f67713f | device NPU Krackan 1 | pmode default,iron/operators/strided_copy/test.py::test_strided_copy_cache_offset_parameter,iter1,1/1,no,,,,,,,,,,,,,,,
3fc9a6084f934108c5c4982eb6ea39a6fcc55b67,2026-10-01 22:56:19,commit 3fc9a6084f | peano 22.0.0+773413fb | mlir_aie 1.4.4.dev53+gd53582d | kernels b07d1f67713f | device NPU Krackan 1 | pmode default,iron/operators/strided_copy/test.py::test_strided_copy_cache_offset_parameter,iter2,1/1,no,,,,,,,,,,,,,,,
3fc9a6084f934108c5c4982eb6ea39a6fcc55b67,2026-10-01 22:56:19,commit 3fc9a6084f | peano 22.0.0+773413fb | mlir_aie 1.4.4.dev53+gd53582d | kernels b07d1f67713f | device NPU Krackan 1 | pmode default,iron/operators/strided_copy/test.py::test_strided_copy_cache_offset_parameter,iter3,1/1,no,,,,,,,,,,,,,,,
3fc9a6084f934108c5c4982eb6ea39a6fcc55b67,2026-10-01 22:56:19,commit 3fc9a6084f | peano 22.0.0+773413fb | mlir_aie 1.4.4.dev53+gd53582d | kernels b07d1f67713f | device NPU Krackan 1 | pmode default,iron/operators/strided_copy/test.py::test_strided_copy_cache_offset_parameter,iter4,1/1,no,,,,,,,,,,,,,,,
3fc9a6084f934108c5c4982eb6ea39a6fcc55b67,2026-10-01 22:56:19,commit 3fc9a6084f | peano 22.0.0+773413fb | mlir_aie 1.4.4.dev53+gd53582d | kernels b07d1f67713f | device NPU Krackan 1 | pmode default,iron/operators/strided_copy/test.py::test_transfer_size_not_dividing_per_channel_share_is_rejected,iter0,1/1,no,,,,,,,,,,,,,,,
3fc9a6084f934108c5c4982eb6ea39a6fcc55b67,2026-10-01 22:56:19,commit 3fc9a6084f | peano 22.0.0+773413fb | mlir_aie 1.4.4.dev53+gd53582d | kernels b07d1f67713f | device NPU Krackan 1 | pmode default,iron/operators/strided_copy/test.py::test_transfer_size_not_dividing_per_channel_share_is_rejected,iter1,1/1,no,,,,,,,,,,,,,,,
3fc9a6084f934108c5c4982eb6ea39a6fcc55b67,2026-10-01 22:56:19,commit 3fc9a6084f | peano 22.0.0+773413fb | mlir_aie 1.4.4.dev53+gd53582d | kernels b07d1f67713f | device NPU Krackan 1 | pmode default,iron/operators/strided_copy/test.py::test_transfer_size_not_dividing_per_channel_share_is_rejected,iter2,1/1,no,,,,,,,,,,,,,,,
3fc9a6084f934108c5c4982eb6ea39a6fcc55b67,2026-10-01 22:56:19,commit 3fc9a6084f | peano 22.0.0+773413fb | mlir_aie 1.4.4.dev53+gd53582d | kernels b07d1f67713f | device NPU Krackan 1 | pmode default,iron/operators/strided_copy/test.py::test_transfer_size_not_dividing_per_channel_share_is_rejected,iter3,1/1,no,,,,,,,,,,,,,,,
3fc9a6084f934108c5c4982eb6ea39a6fcc55b67,2026-10-01 22:56:19,commit 3fc9a6084f | peano 22.0.0+773413fb | mlir_aie 1.4.4.dev53+gd53582d | kernels b07d1f67713f | device NPU Krackan 1 | pmode default,iron/operators/strided_copy/test.py::test_transfer_size_not_dividing_per_channel_share_is_rejected,iter4,1/1,no,,,,,,,,,,,,,,,
3fc9a6084f934108c5c4982eb6ea39a6fcc55b67,2026-10-01 22:56:19,commit 3fc9a6084f | peano 22.0.0+773413fb | mlir_aie 1.4.4.dev53+gd53582d | kernels b07d1f67713f | device NPU Krackan 1 | pmode default,iron/operators/swiglu_decode/test.py::test_swiglu_decode,embedding_dim_1024-hidden_dim_3584,5/5,yes,995.186,996.59,970.75,1013.62,16.56215958140726,0.0041,0.0041,0.004,0.0042,7.071067811865463e-05,,,,,
3fc9a6084f934108c5c4982eb6ea39a6fcc55b67,2026-10-01 22:56:19,commit 3fc9a6084f | peano 22.0.0+773413fb | mlir_aie 1.4.4.dev53+gd53582d | kernels b07d1f67713f | device NPU Krackan 1 | pmode default,iron/operators/swiglu_decode/test.py::test_swiglu_decode,embedding_dim_2048-hidden_dim_2048,5/5,yes,1064.76,1062.68,1024.34,1116.37,33.0498978818392,0.0077,0.0077,0.0073,0.008,0.00025495097567963923,,,,,
3fc9a6084f934108c5c4982eb6ea39a6fcc55b67,2026-10-01 22:56:19,commit 3fc9a6084f | peano 22.0.0+773413fb | mlir_aie 1.4.4.dev53+gd53582d | kernels b07d1f67713f | device NPU Krackan 1 | pmode default,iron/operators/swiglu_prefill/test.py::test_swiglu_prefill,seq_len_256-embedding_dim_2048-hidden_dim_2048-prio_accuracy_False-b_col_maj_False,5/5,yes,2130.908,2116.78,2071.0,2186.94,49.07155713852981,0.98456,0.9907,0.9589,1.0126,0.02263874996549059,,,,,
3fc9a6084f934108c5c4982eb6ea39a6fcc55b67,2026-10-01 22:56:19,commit 3fc9a6084f | peano 22.0.0+773413fb | mlir_aie 1.4.4.dev53+gd53582d | kernels b07d1f67713f | device NPU Krackan 1 | pmode default,iron/operators/swiglu_prefill/test.py::test_swiglu_prefill,seq_len_256-embedding_dim_2048-hidden_dim_2048-prio_accuracy_False-b_col_maj_True,5/5,yes,2349.5099999999998,2376.94,2271.16,2402.56,53.26261540705643,0.89296,0.8823,0.8729,0.9234,0.020495682472169603,,,,,
3fc9a6084f934108c5c4982eb6ea39a6fcc55b67,2026-10-01 22:56:19,commit 3fc9a6084f | peano 22.0.0+773413fb | mlir_aie 1.4.4.dev53+gd53582d | kernels b07d1f67713f | device NPU Krackan 1 | pmode default,iron/operators/swiglu_prefill/test.py::test_weight_layout_reaches_both_gemms,b_col_maj_False,5/5,no,,,,,,,,,,,,,,,
3fc9a6084f934108c5c4982eb6ea39a6fcc55b67,2026-10-01 22:56:19,commit 3fc9a6084f | peano 22.0.0+773413fb | mlir_aie 1.4.4.dev53+gd53582d | kernels b07d1f67713f | device NPU Krackan 1 | pmode default,iron/operators/swiglu_prefill/test.py::test_weight_layout_reaches_both_gemms,b_col_maj_True,5/5,no,,,,,,,,,,,,,,,
3fc9a6084f934108c5c4982eb6ea39a6fcc55b67,2026-10-01 22:56:19,commit 3fc9a6084f | peano 22.0.0+773413fb | mlir_aie 1.4.4.dev53+gd53582d | kernels b07d1f67713f | device NPU Krackan 1 | pmode default,iron/operators/tanh/test.py::test_tanh,input_length_2048-num_aie_columns_1-num_channels_1-tile_size_2048,5/5,no,143.06,128.8,97.4,211.0,44.440387037018475,0.06146697,0.06358027,0.03883182,0.08409383,0.01741620919031033,,,,,
3fc9a6084f934108c5c4982eb6ea39a6fcc55b67,2026-10-01 22:56:19,commit 3fc9a6084f | peano 22.0.0+773413fb | mlir_aie 1.4.4.dev53+gd53582d | kernels b07d1f67713f | device NPU Krackan 1 | pmode default,iron/operators/tanh/test.py::test_tanh,input_length_2048-num_aie_columns_1-num_channels_2-tile_size_1024,5/5,no,181.58,184.7,146.0,216.4,28.4763410570951,0.046039222,0.04435012,0.03785722,0.0561069,0.00741247385300751,,,,,
3fc9a6084f934108c5c4982eb6ea39a6fcc55b67,2026-10-01 22:56:19,commit 3fc9a6084f | peano 22.0.0+773413fb | mlir_aie 1.4.4.dev53+gd53582d | kernels b07d1f67713f | device NPU Krackan 1 | pmode default,iron/operators/tanh/test.py::test_tanh,input_length_2048-num_aie_columns_2-num_channels_1-tile_size_1024,5/5,no,179.88,184.0,123.9,227.4,41.06223325636344,0.047698628,0.04452658,0.0360194,0.06611464,0.012004014593200477,,,,,
3fc9a6084f934108c5c4982eb6ea39a6fcc55b67,2026-10-01 22:56:19,commit 3fc9a6084f | peano 22.0.0+773413fb | mlir_aie 1.4.4.dev53+gd53582d | kernels b07d1f67713f | device NPU Krackan 1 | pmode default,iron/operators/tanh/test.py::test_tanh,input_length_2048-num_aie_columns_2-num_channels_2-tile_size_512,5/5,no,187.02,195.8,150.8,208.3,23.390532272695292,0.044416582,0.04184459,0.03933035,0.05432469,0.006128194912412627,,,,,
3fc9a6084f934108c5c4982eb6ea39a6fcc55b67,2026-10-01 22:56:19,commit 3fc9a6084f | peano 22.0.0+773413fb | mlir_aie 1.4.4.dev53+gd53582d | kernels b07d1f67713f | device NPU Krackan 1 | pmode default,iron/operators/tanh/test.py::test_tanh,input_length_2048-num_aie_columns_4-num_channels_1-tile_size_512,5/5,no,179.56,201.0,133.7,217.4,38.18092455664216,0.047472342,0.04074973,0.03767597,0.06128296,0.010900950044448876,,,,,
3fc9a6084f934108c5c4982eb6ea39a6fcc55b67,2026-10-01 22:56:19,commit 3fc9a6084f | peano 22.0.0+773413fb | mlir_aie 1.4.4.dev53+gd53582d | kernels b07d1f67713f | device NPU Krackan 1 | pmode default,iron/operators/tanh/test.py::test_tanh,input_length_2048-num_aie_columns_4-num_channels_2-tile_size_256,5/5,no,212.28,216.6,177.9,247.5,33.359886090932626,0.039385662,0.0378275,0.03310153,0.04604601,0.006315180130856918,,,,,
3fc9a6084f934108c5c4982eb6ea39a6fcc55b67,2026-10-01 22:56:19,commit 3fc9a6084f | peano 22.0.0+773413fb | mlir_aie 1.4.4.dev53+gd53582d | kernels b07d1f67713f | device NPU Krackan 1 | pmode default,iron/operators/tanh/test.py::test_tanh,input_length_2048-num_aie_columns_8-num_channels_1-tile_size_256,5/5,no,184.76,184.9,156.2,215.5,22.154751183436932,0.044846038,0.04430695,0.03801022,0.05242947,0.005394850360461354,,,,,
3fc9a6084f934108c5c4982eb6ea39a6fcc55b67,2026-10-01 22:56:19,commit 3fc9a6084f | peano 22.0.0+773413fb | mlir_aie 1.4.4.dev53+gd53582d | kernels b07d1f67713f | device NPU Krackan 1 | pmode default,iron/operators/tanh/test.py::test_tanh,input_length_2048-num_aie_columns_8-num_channels_2-tile_size_128,5/5,no,230.66,226.6,213.0,261.1,19.645941056615243,0.035717694,0.03615644,0.03137411,0.03846822,0.0029041641015927467,,,,,
3fc9a6084f934108c5c4982eb6ea39a6fcc55b67,2026-10-01 22:56:19,commit 3fc9a6084f | peano 22.0.0+773413fb | mlir_aie 1.4.4.dev53+gd53582d | kernels b07d1f67713f | device NPU Krackan 1 | pmode default,iron/operators/tanh/test.py::test_tanh,input_length_8388608-num_aie_columns_8-num_channels_2-tile_size_4096,5/5,yes,676.98,672.9,663.9,707.3,17.578026055277075,49.590066,49.86533,47.44044,50.54033,1.2512874564343706,,,,,
3fc9a6084f934108c5c4982eb6ea39a6fcc55b67,2026-10-01 22:56:19,commit 3fc9a6084f | peano 22.0.0+773413fb | mlir_aie 1.4.4.dev53+gd53582d | kernels b07d1f67713f | device NPU Krackan 1 | pmode default,iron/operators/transpose/test.py::test_a_dimension_that_floors_to_zero_is_refused_by_name,M_2048-N_128-aie_columns_8-channels_1-m_256-n_32-bad_num_aie_columns,5/5,no,,,,,,,,,,,,,,,
3fc9a6084f934108c5c4982eb6ea39a6fcc55b67,2026-10-01 22:56:19,commit 3fc9a6084f | peano 22.0.0+773413fb | mlir_aie 1.4.4.dev53+gd53582d | kernels b07d1f67713f | device NPU Krackan 1 | pmode default,iron/operators/transpose/test.py::test_a_dimension_that_floors_to_zero_is_refused_by_name,M_256-N_2048-aie_columns_1-channels_2-m_256-n_32-bad_num_channels,5/5,no,,,,,,,,,,,,,,,
3fc9a6084f934108c5c4982eb6ea39a6fcc55b67,2026-10-01 22:56:19,commit 3fc9a6084f | peano 22.0.0+773413fb | mlir_aie 1.4.4.dev53+gd53582d | kernels b07d1f67713f | device NPU Krackan 1 | pmode default,iron/operators/transpose/test.py::test_a_tiling_that_fits_is_still_accepted,aie_columns_1,5/5,no,,,,,,,,,,,,,,,
3fc9a6084f934108c5c4982eb6ea39a6fcc55b67,2026-10-01 22:56:19,commit 3fc9a6084f | peano 22.0.0+773413fb | mlir_aie 1.4.4.dev53+gd53582d | kernels b07d1f67713f | device NPU Krackan 1 | pmode default,iron/operators/transpose/test.py::test_a_tiling_that_fits_is_still_accepted,aie_columns_2,5/5,no,,,,,,,,,,,,,,,
3fc9a6084f934108c5c4982eb6ea39a6fcc55b67,2026-10-01 22:56:19,commit 3fc9a6084f | peano 22.0.0+773413fb | mlir_aie 1.4.4.dev53+gd53582d | kernels b07d1f67713f | device NPU Krackan 1 | pmode default,iron/operators/transpose/test.py::test_a_tiling_that_fits_is_still_accepted,aie_columns_4,5/5,no,,,,,,,,,,,,,,,
3fc9a6084f934108c5c4982eb6ea39a6fcc55b67,2026-10-01 22:56:19,commit 3fc9a6084f | peano 22.0.0+773413fb | mlir_aie 1.4.4.dev53+gd53582d | kernels b07d1f67713f | device NPU Krackan 1 | pmode default,iron/operators/transpose/test.py::test_transpose,M_2048-N_64-aie_columns_1-channels_1-m_64-n_64-s_8-num_batches_1,5/5,no,187.62,194.6,173.7,197.5,11.231963319028427,2.802551,2.693768,2.65508,3.017989,0.17128572809781903,,,,,
3fc9a6084f934108c5c4982eb6ea39a6fcc55b67,2026-10-01 22:56:19,commit 3fc9a6084f | peano 22.0.0+773413fb | mlir_aie 1.4.4.dev53+gd53582d | kernels b07d1f67713f | device NPU Krackan 1 | pmode default,iron/operators/transpose/test.py::test_transpose,M_2048-N_64-aie_columns_1-channels_1-m_64-n_64-s_8-num_batches_2,5/5,no,257.96,234.9,208.0,377.1,67.66555992526776,4.2430446,4.463013,2.780351,5.042322,0.8566564994811515,,,,,
3fc9a6084f934108c5c4982eb6ea39a6fcc55b67,2026-10-01 22:56:19,commit 3fc9a6084f | peano 22.0.0+773413fb | mlir_aie 1.4.4.dev53+gd53582d | kernels b07d1f67713f | device NPU Krackan 1 | pmode default,iron/operators/transpose/test.py::test_transpose,M_2048-N_64-aie_columns_1-channels_2-m_64-n_64-s_8-num_batches_1,5/5,no,175.96,182.7,145.0,200.2,21.527494048309475,3.0175682,2.868912,2.618939,3.615131,0.3920117697285375,,,,,
3fc9a6084f934108c5c4982eb6ea39a6fcc55b67,2026-10-01 22:56:19,commit 3fc9a6084f | peano 22.0.0+773413fb | mlir_aie 1.4.4.dev53+gd53582d | kernels b07d1f67713f | device NPU Krackan 1 | pmode default,iron/operators/transpose/test.py::test_transpose,M_8192-N_512-aie_columns_8-channels_2-m_64-n_64-s_8-num_batches_1,5/5,yes,934.84,896.9,886.6,1090.9,87.8569462250994,18.06007,18.70584,15.37914,18.92207,1.5140970628397643,,,,,
