Commit,Date,Provenance,Test Path,Test,Checks,Bench,TTFT (mean),TTFT (median),TTFT (min),TTFT (max),TTFT (stddev),TPS (mean),TPS (median),TPS (min),TPS (max),TPS (stddev),PrefillKL (mean),PrefillKL (median),PrefillKL (min),PrefillKL (max),PrefillKL (stddev),DecodeMaxKL (mean),DecodeMaxKL (median),DecodeMaxKL (min),DecodeMaxKL (max),DecodeMaxKL (stddev),Top1Mismatches (mean),Top1Mismatches (median),Top1Mismatches (min),Top1Mismatches (max),Top1Mismatches (stddev),DifferingRuns (mean),DifferingRuns (median),DifferingRuns (min),DifferingRuns (max),DifferingRuns (stddev)
821244f42b310daab66474e591120972d6b547eb,2026-09-29 19:46:42,commit 821244f42b | peano 22.0.0+773413fb | mlir_aie 1.4.4.dev53+gd53582d | kernels b07d1f67713f | device NPU Krackan 1 | pmode default,iron/applications/llama_3.2_1b/test.py::test_llama_3_2_1b_accuracy,iter0,1/1,no,,,,,,,,,,,0.073704,0.073704,0.073704,0.073704,0.0,0.012645,0.012645,0.012645,0.012645,0.0,1.0,1.0,1.0,1.0,0.0,,,,,
821244f42b310daab66474e591120972d6b547eb,2026-09-29 19:46:42,commit 821244f42b | peano 22.0.0+773413fb | mlir_aie 1.4.4.dev53+gd53582d | kernels b07d1f67713f | device NPU Krackan 1 | pmode default,iron/applications/llama_3.2_1b/test.py::test_llama_3_2_1b_determinism,iter0,1/1,no,,,,,,,,,,,,,,,,,,,,,,,,,,0.0,0.0,0.0,0.0,0.0
19f26ebecfff95d0f62dfb309fddf4796936fb5c,2026-10-01 18:21:03,commit 19f26ebecf | peano 22.0.0+773413fb | mlir_aie 1.4.4.dev53+gd53582d | kernels b07d1f67713f | device NPU Krackan 1 | pmode default,iron/applications/llama_3.2_1b/test.py::test_llama_3_2_1b_accuracy,iter0,1/1,no,,,,,,,,,,,0.073704,0.073704,0.073704,0.073704,0.0,0.012645,0.012645,0.012645,0.012645,0.0,1.0,1.0,1.0,1.0,0.0,,,,,
19f26ebecfff95d0f62dfb309fddf4796936fb5c,2026-10-01 18:21:03,commit 19f26ebecf | peano 22.0.0+773413fb | mlir_aie 1.4.4.dev53+gd53582d | kernels b07d1f67713f | device NPU Krackan 1 | pmode default,iron/applications/llama_3.2_1b/test.py::test_llama_3_2_1b_determinism,iter0,1/1,no,,,,,,,,,,,,,,,,,,,,,,,,,,0.0,0.0,0.0,0.0,0.0
3fc9a6084f934108c5c4982eb6ea39a6fcc55b67,2026-10-01 23:16:26,commit 3fc9a6084f | peano 22.0.0+773413fb | mlir_aie 1.4.4.dev53+gd53582d | kernels b07d1f67713f | device NPU Krackan 1 | pmode default,iron/applications/llama_3.2_1b/test.py::test_llama_3_2_1b_accuracy,iter0,1/1,no,,,,,,,,,,,0.073704,0.073704,0.073704,0.073704,0.0,0.012645,0.012645,0.012645,0.012645,0.0,1.0,1.0,1.0,1.0,0.0,,,,,
3fc9a6084f934108c5c4982eb6ea39a6fcc55b67,2026-10-01 23:16:26,commit 3fc9a6084f | peano 22.0.0+773413fb | mlir_aie 1.4.4.dev53+gd53582d | kernels b07d1f67713f | device NPU Krackan 1 | pmode default,iron/applications/llama_3.2_1b/test.py::test_llama_3_2_1b_determinism,iter0,1/1,no,,,,,,,,,,,,,,,,,,,,,,,,,,0.0,0.0,0.0,0.0,0.0
bc6bed5614c930bb5b50c1d363d63664150b18c9,2026-10-03 01:26:49,commit bc6bed5614 | peano 22.0.0+0006955e | mlir_aie 1.4.4.dev73+g18ca6c1 | kernels 5726d482c21a | runtime CachedXRTRuntime | xdna 2.21.0_20260625 | xrt 2.21.0 | host docker-runner-aa767ab16b62 | device NPU Krackan 1 | pmode default,iron/applications/llama_3.2_1b/test.py::test_llama_3_2_1b_accuracy,iter0,1/1,no,,,,,,,,,,,0.013439,0.013439,0.013439,0.013439,0.0,0.013988,0.013988,0.013988,0.013988,0.0,0.0,0.0,0.0,0.0,0.0,,,,,
bc6bed5614c930bb5b50c1d363d63664150b18c9,2026-10-03 01:26:49,commit bc6bed5614 | peano 22.0.0+0006955e | mlir_aie 1.4.4.dev73+g18ca6c1 | kernels 5726d482c21a | runtime CachedXRTRuntime | xdna 2.21.0_20260625 | xrt 2.21.0 | host docker-runner-aa767ab16b62 | device NPU Krackan 1 | pmode default,iron/applications/llama_3.2_1b/test.py::test_llama_3_2_1b_determinism,iter0,1/1,no,,,,,,,,,,,,,,,,,,,,,,,,,,0.0,0.0,0.0,0.0,0.0
d113fdf5634d78ab2b6347de2ef0731aa62e3aaf,2026-10-03 06:21:37,commit d113fdf563 | peano 22.0.0+0006955e | mlir_aie 1.4.4.dev73+g18ca6c1 | kernels 5726d482c21a | runtime CachedXRTRuntime | xdna 2.21.0_20260625 | xrt 2.21.0 | host docker-runner-a51e7da05fd6 | device NPU Krackan 1 | pmode default,iron/applications/llama_3.2_1b/test.py::test_llama_3_2_1b_accuracy,iter0,1/1,no,,,,,,,,,,,0.013439,0.013439,0.013439,0.013439,0.0,0.013988,0.013988,0.013988,0.013988,0.0,0.0,0.0,0.0,0.0,0.0,,,,,
d113fdf5634d78ab2b6347de2ef0731aa62e3aaf,2026-10-03 06:21:37,commit d113fdf563 | peano 22.0.0+0006955e | mlir_aie 1.4.4.dev73+g18ca6c1 | kernels 5726d482c21a | runtime CachedXRTRuntime | xdna 2.21.0_20260625 | xrt 2.21.0 | host docker-runner-a51e7da05fd6 | device NPU Krackan 1 | pmode default,iron/applications/llama_3.2_1b/test.py::test_llama_3_2_1b_determinism,iter0,1/1,no,,,,,,,,,,,,,,,,,,,,,,,,,,0.0,0.0,0.0,0.0,0.0
416c53de436a8336898b5be313cb6d3100ba3795,2026-10-03 08:10:12,commit 416c53de43 | peano 22.0.0+0006955e | mlir_aie 1.4.4.dev73+g18ca6c1 | kernels 5726d482c21a | runtime CachedXRTRuntime | xdna 2.21.0_20260625 | xrt 2.21.0 | host docker-runner-9758eecbd37f | device NPU Krackan 1 | pmode default,iron/applications/llama_3.2_1b/test.py::test_llama_3_2_1b_accuracy,iter0,1/1,no,,,,,,,,,,,0.013439,0.013439,0.013439,0.013439,0.0,0.013988,0.013988,0.013988,0.013988,0.0,0.0,0.0,0.0,0.0,0.0,,,,,
416c53de436a8336898b5be313cb6d3100ba3795,2026-10-03 08:10:12,commit 416c53de43 | peano 22.0.0+0006955e | mlir_aie 1.4.4.dev73+g18ca6c1 | kernels 5726d482c21a | runtime CachedXRTRuntime | xdna 2.21.0_20260625 | xrt 2.21.0 | host docker-runner-9758eecbd37f | device NPU Krackan 1 | pmode default,iron/applications/llama_3.2_1b/test.py::test_llama_3_2_1b_determinism,iter0,1/1,no,,,,,,,,,,,,,,,,,,,,,,,,,,0.0,0.0,0.0,0.0,0.0
c46c18b5036cadfead94fda952d57fb6e4b7703e,2026-10-03 19:08:54,commit c46c18b503 | peano 22.0.0+0006955e | mlir_aie 1.4.4.dev73+g18ca6c1 | kernels 5726d482c21a | runtime CachedXRTRuntime | xdna 2.21.0_20260625 | xrt 2.21.0 | host docker-runner-4b8f0b048bfe | device NPU Krackan 1 | pmode default,iron/applications/llama_3.2_1b/test.py::test_llama_3_2_1b_accuracy,iter0,1/1,no,,,,,,,,,,,0.013439,0.013439,0.013439,0.013439,0.0,0.013988,0.013988,0.013988,0.013988,0.0,0.0,0.0,0.0,0.0,0.0,,,,,
c46c18b5036cadfead94fda952d57fb6e4b7703e,2026-10-03 19:08:54,commit c46c18b503 | peano 22.0.0+0006955e | mlir_aie 1.4.4.dev73+g18ca6c1 | kernels 5726d482c21a | runtime CachedXRTRuntime | xdna 2.21.0_20260625 | xrt 2.21.0 | host docker-runner-4b8f0b048bfe | device NPU Krackan 1 | pmode default,iron/applications/llama_3.2_1b/test.py::test_llama_3_2_1b_determinism,iter0,1/1,no,,,,,,,,,,,,,,,,,,,,,,,,,,0.0,0.0,0.0,0.0,0.0
ef4eaefae3b7d4ac5c40a6971c96a3f9c0a492e8,2026-10-03 21:23:00,commit ef4eaefae3 | peano 22.0.0+0006955e | mlir_aie 1.4.4.dev73+g18ca6c1 | kernels 5726d482c21a | runtime CachedXRTRuntime | xdna 2.21.0_20260625 | xrt 2.21.0 | host docker-runner-d58bb0968eeb | device NPU Krackan 1 | pmode default,iron/applications/llama_3.2_1b/test.py::test_llama_3_2_1b_accuracy,iter0,1/1,no,,,,,,,,,,,0.013439,0.013439,0.013439,0.013439,0.0,0.013988,0.013988,0.013988,0.013988,0.0,0.0,0.0,0.0,0.0,0.0,,,,,
ef4eaefae3b7d4ac5c40a6971c96a3f9c0a492e8,2026-10-03 21:23:00,commit ef4eaefae3 | peano 22.0.0+0006955e | mlir_aie 1.4.4.dev73+g18ca6c1 | kernels 5726d482c21a | runtime CachedXRTRuntime | xdna 2.21.0_20260625 | xrt 2.21.0 | host docker-runner-d58bb0968eeb | device NPU Krackan 1 | pmode default,iron/applications/llama_3.2_1b/test.py::test_llama_3_2_1b_determinism,iter0,1/1,no,,,,,,,,,,,,,,,,,,,,,,,,,,0.0,0.0,0.0,0.0,0.0
ef4eaefae3b7d4ac5c40a6971c96a3f9c0a492e8,2026-10-03 21:23:00,commit ef4eaefae3 | peano 22.0.0+0006955e | mlir_aie 1.4.4.dev73+g18ca6c1 | kernels 5726d482c21a | runtime CachedXRTRuntime | xdna 2.21.0_20260625 | xrt 2.21.0 | host docker-runner-d58bb0968eeb | device NPU Krackan 1 | pmode default,iron/applications/gemma4_flm/test.py::test_iron_matches_engine,iter0,1/1,no,,,,,,,,,,,,,,,,,,,,,,,,,,,,,,
b73e3f8bb6cdcd6e15cc8ad70e6845dc4807ceec,2026-10-03 23:13:18,commit b73e3f8bb6 | peano 22.0.0+0006955e | mlir_aie 1.4.4.dev73+g18ca6c1 | kernels 5726d482c21a | runtime CachedXRTRuntime | xdna 2.21.0_20260625 | xrt 2.21.0 | host docker-runner-5d71ce1b6e30 | device NPU Krackan 1 | pmode default,iron/applications/llama_3.2_1b/test.py::test_llama_3_2_1b_accuracy,iter0,1/1,no,,,,,,,,,,,0.013439,0.013439,0.013439,0.013439,0.0,0.013988,0.013988,0.013988,0.013988,0.0,0.0,0.0,0.0,0.0,0.0,,,,,
b73e3f8bb6cdcd6e15cc8ad70e6845dc4807ceec,2026-10-03 23:13:18,commit b73e3f8bb6 | peano 22.0.0+0006955e | mlir_aie 1.4.4.dev73+g18ca6c1 | kernels 5726d482c21a | runtime CachedXRTRuntime | xdna 2.21.0_20260625 | xrt 2.21.0 | host docker-runner-5d71ce1b6e30 | device NPU Krackan 1 | pmode default,iron/applications/llama_3.2_1b/test.py::test_llama_3_2_1b_determinism,iter0,1/1,no,,,,,,,,,,,,,,,,,,,,,,,,,,0.0,0.0,0.0,0.0,0.0
b73e3f8bb6cdcd6e15cc8ad70e6845dc4807ceec,2026-10-03 23:13:18,commit b73e3f8bb6 | peano 22.0.0+0006955e | mlir_aie 1.4.4.dev73+g18ca6c1 | kernels 5726d482c21a | runtime CachedXRTRuntime | xdna 2.21.0_20260625 | xrt 2.21.0 | host docker-runner-5d71ce1b6e30 | device NPU Krackan 1 | pmode default,iron/applications/gemma4_flm/test.py::test_iron_matches_engine,iter0,1/1,no,,,,,,,,,,,,,,,,,,,,,,,,,,,,,,
79c04e6e05d3d74fa72f6036238edff157dcd94b,2026-10-04 17:58:18,commit 79c04e6e05 | peano 22.0.0+0006955e | mlir_aie 1.4.4.dev73+g18ca6c1 | kernels 5726d482c21a | runtime CachedXRTRuntime | xdna 2.21.0_20260625 | xrt 2.21.0 | host docker-runner-df55d4e7468d | device NPU Krackan 1 | pmode default,iron/applications/llama_3.2_1b/test.py::test_llama_3_2_1b_accuracy,iter0,1/1,no,,,,,,,,,,,0.013439,0.013439,0.013439,0.013439,0.0,0.013988,0.013988,0.013988,0.013988,0.0,0.0,0.0,0.0,0.0,0.0,,,,,
79c04e6e05d3d74fa72f6036238edff157dcd94b,2026-10-04 17:58:18,commit 79c04e6e05 | peano 22.0.0+0006955e | mlir_aie 1.4.4.dev73+g18ca6c1 | kernels 5726d482c21a | runtime CachedXRTRuntime | xdna 2.21.0_20260625 | xrt 2.21.0 | host docker-runner-df55d4e7468d | device NPU Krackan 1 | pmode default,iron/applications/llama_3.2_1b/test.py::test_llama_3_2_1b_determinism,iter0,1/1,no,,,,,,,,,,,,,,,,,,,,,,,,,,0.0,0.0,0.0,0.0,0.0
1c1f8e3a544b0bc080e14fb6f6c644d43c0764e3,2026-10-08 02:33:50,commit 1c1f8e3a54 | peano 22.0.0+0006955e | mlir_aie 1.4.4 | kernels 3f815aa696b3 | runtime CachedXRTRuntime | xdna 2.21.0_20260625 | xrt 2.21.0 | host docker-runner-aed82ed20e68 | device NPU Krackan 1 | pmode default,iron/applications/llama_3.2_1b/test.py::test_llama_3_2_1b_accuracy,iter0,1/1,no,,,,,,,,,,,0.013439,0.013439,0.013439,0.013439,0.0,0.013988,0.013988,0.013988,0.013988,0.0,0.0,0.0,0.0,0.0,0.0,,,,,
1c1f8e3a544b0bc080e14fb6f6c644d43c0764e3,2026-10-08 02:33:50,commit 1c1f8e3a54 | peano 22.0.0+0006955e | mlir_aie 1.4.4 | kernels 3f815aa696b3 | runtime CachedXRTRuntime | xdna 2.21.0_20260625 | xrt 2.21.0 | host docker-runner-aed82ed20e68 | device NPU Krackan 1 | pmode default,iron/applications/llama_3.2_1b/test.py::test_llama_3_2_1b_determinism,iter0,1/1,no,,,,,,,,,,,,,,,,,,,,,,,,,,0.0,0.0,0.0,0.0,0.0
aae6262bc80636d75d9829ff106037225191e8b7,2026-10-10 07:31:48,commit aae6262bc8 | peano 22.0.0+0006955e | mlir_aie 1.4.4 | kernels 3f815aa696b3 | runtime CachedXRTRuntime | xdna 2.21.0_20260625 | xrt 2.21.0 | host docker-runner-9b4d8ff31bd8 | device NPU Krackan 1 | pmode default,iron/applications/llama_3.2_1b/test.py::test_llama_3_2_1b_accuracy,iter0,1/1,no,,,,,,,,,,,0.013439,0.013439,0.013439,0.013439,0.0,0.013988,0.013988,0.013988,0.013988,0.0,0.0,0.0,0.0,0.0,0.0,,,,,
aae6262bc80636d75d9829ff106037225191e8b7,2026-10-10 07:31:48,commit aae6262bc8 | peano 22.0.0+0006955e | mlir_aie 1.4.4 | kernels 3f815aa696b3 | runtime CachedXRTRuntime | xdna 2.21.0_20260625 | xrt 2.21.0 | host docker-runner-9b4d8ff31bd8 | device NPU Krackan 1 | pmode default,iron/applications/llama_3.2_1b/test.py::test_llama_3_2_1b_determinism,iter0,1/1,no,,,,,,,,,,,,,,,,,,,,,,,,,,0.0,0.0,0.0,0.0,0.0
821244f42b310daab66474e591120972d6b547eb,2026-09-29 19:46:42,commit 821244f42b | peano 22.0.0+773413fb | mlir_aie 1.4.4.dev53+gd53582d | kernels b07d1f67713f | device NPU Krackan 1 | pmode default,iron/applications/llama_3.2_1b/test.py::test_llama_3_2_1b_accuracy,iter1,1/1,no,,,,,,,,,,,0.073704,0.073704,0.073704,0.073704,0.0,0.012645,0.012645,0.012645,0.012645,0.0,1.0,1.0,1.0,1.0,0.0,,,,,
821244f42b310daab66474e591120972d6b547eb,2026-09-29 19:46:42,commit 821244f42b | peano 22.0.0+773413fb | mlir_aie 1.4.4.dev53+gd53582d | kernels b07d1f67713f | device NPU Krackan 1 | pmode default,iron/applications/llama_3.2_1b/test.py::test_llama_3_2_1b_determinism,iter1,1/1,no,,,,,,,,,,,,,,,,,,,,,,,,,,0.0,0.0,0.0,0.0,0.0
19f26ebecfff95d0f62dfb309fddf4796936fb5c,2026-10-01 18:21:03,commit 19f26ebecf | peano 22.0.0+773413fb | mlir_aie 1.4.4.dev53+gd53582d | kernels b07d1f67713f | device NPU Krackan 1 | pmode default,iron/applications/llama_3.2_1b/test.py::test_llama_3_2_1b_accuracy,iter1,1/1,no,,,,,,,,,,,0.073704,0.073704,0.073704,0.073704,0.0,0.012645,0.012645,0.012645,0.012645,0.0,1.0,1.0,1.0,1.0,0.0,,,,,
19f26ebecfff95d0f62dfb309fddf4796936fb5c,2026-10-01 18:21:03,commit 19f26ebecf | peano 22.0.0+773413fb | mlir_aie 1.4.4.dev53+gd53582d | kernels b07d1f67713f | device NPU Krackan 1 | pmode default,iron/applications/llama_3.2_1b/test.py::test_llama_3_2_1b_determinism,iter1,1/1,no,,,,,,,,,,,,,,,,,,,,,,,,,,0.0,0.0,0.0,0.0,0.0
3fc9a6084f934108c5c4982eb6ea39a6fcc55b67,2026-10-01 23:16:26,commit 3fc9a6084f | peano 22.0.0+773413fb | mlir_aie 1.4.4.dev53+gd53582d | kernels b07d1f67713f | device NPU Krackan 1 | pmode default,iron/applications/llama_3.2_1b/test.py::test_llama_3_2_1b_accuracy,iter1,1/1,no,,,,,,,,,,,0.073704,0.073704,0.073704,0.073704,0.0,0.012645,0.012645,0.012645,0.012645,0.0,1.0,1.0,1.0,1.0,0.0,,,,,
3fc9a6084f934108c5c4982eb6ea39a6fcc55b67,2026-10-01 23:16:26,commit 3fc9a6084f | peano 22.0.0+773413fb | mlir_aie 1.4.4.dev53+gd53582d | kernels b07d1f67713f | device NPU Krackan 1 | pmode default,iron/applications/llama_3.2_1b/test.py::test_llama_3_2_1b_determinism,iter1,1/1,no,,,,,,,,,,,,,,,,,,,,,,,,,,0.0,0.0,0.0,0.0,0.0
bc6bed5614c930bb5b50c1d363d63664150b18c9,2026-10-03 01:26:49,commit bc6bed5614 | peano 22.0.0+0006955e | mlir_aie 1.4.4.dev73+g18ca6c1 | kernels 5726d482c21a | runtime CachedXRTRuntime | xdna 2.21.0_20260625 | xrt 2.21.0 | host docker-runner-aa767ab16b62 | device NPU Krackan 1 | pmode default,iron/applications/llama_3.2_1b/test.py::test_llama_3_2_1b_accuracy,iter1,1/1,no,,,,,,,,,,,0.013439,0.013439,0.013439,0.013439,0.0,0.013988,0.013988,0.013988,0.013988,0.0,0.0,0.0,0.0,0.0,0.0,,,,,
bc6bed5614c930bb5b50c1d363d63664150b18c9,2026-10-03 01:26:49,commit bc6bed5614 | peano 22.0.0+0006955e | mlir_aie 1.4.4.dev73+g18ca6c1 | kernels 5726d482c21a | runtime CachedXRTRuntime | xdna 2.21.0_20260625 | xrt 2.21.0 | host docker-runner-aa767ab16b62 | device NPU Krackan 1 | pmode default,iron/applications/llama_3.2_1b/test.py::test_llama_3_2_1b_determinism,iter1,1/1,no,,,,,,,,,,,,,,,,,,,,,,,,,,0.0,0.0,0.0,0.0,0.0
d113fdf5634d78ab2b6347de2ef0731aa62e3aaf,2026-10-03 06:21:37,commit d113fdf563 | peano 22.0.0+0006955e | mlir_aie 1.4.4.dev73+g18ca6c1 | kernels 5726d482c21a | runtime CachedXRTRuntime | xdna 2.21.0_20260625 | xrt 2.21.0 | host docker-runner-a51e7da05fd6 | device NPU Krackan 1 | pmode default,iron/applications/llama_3.2_1b/test.py::test_llama_3_2_1b_accuracy,iter1,1/1,no,,,,,,,,,,,0.013439,0.013439,0.013439,0.013439,0.0,0.013988,0.013988,0.013988,0.013988,0.0,0.0,0.0,0.0,0.0,0.0,,,,,
d113fdf5634d78ab2b6347de2ef0731aa62e3aaf,2026-10-03 06:21:37,commit d113fdf563 | peano 22.0.0+0006955e | mlir_aie 1.4.4.dev73+g18ca6c1 | kernels 5726d482c21a | runtime CachedXRTRuntime | xdna 2.21.0_20260625 | xrt 2.21.0 | host docker-runner-a51e7da05fd6 | device NPU Krackan 1 | pmode default,iron/applications/llama_3.2_1b/test.py::test_llama_3_2_1b_determinism,iter1,1/1,no,,,,,,,,,,,,,,,,,,,,,,,,,,0.0,0.0,0.0,0.0,0.0
416c53de436a8336898b5be313cb6d3100ba3795,2026-10-03 08:10:12,commit 416c53de43 | peano 22.0.0+0006955e | mlir_aie 1.4.4.dev73+g18ca6c1 | kernels 5726d482c21a | runtime CachedXRTRuntime | xdna 2.21.0_20260625 | xrt 2.21.0 | host docker-runner-9758eecbd37f | device NPU Krackan 1 | pmode default,iron/applications/llama_3.2_1b/test.py::test_llama_3_2_1b_accuracy,iter1,1/1,no,,,,,,,,,,,0.013439,0.013439,0.013439,0.013439,0.0,0.013988,0.013988,0.013988,0.013988,0.0,0.0,0.0,0.0,0.0,0.0,,,,,
416c53de436a8336898b5be313cb6d3100ba3795,2026-10-03 08:10:12,commit 416c53de43 | peano 22.0.0+0006955e | mlir_aie 1.4.4.dev73+g18ca6c1 | kernels 5726d482c21a | runtime CachedXRTRuntime | xdna 2.21.0_20260625 | xrt 2.21.0 | host docker-runner-9758eecbd37f | device NPU Krackan 1 | pmode default,iron/applications/llama_3.2_1b/test.py::test_llama_3_2_1b_determinism,iter1,1/1,no,,,,,,,,,,,,,,,,,,,,,,,,,,0.0,0.0,0.0,0.0,0.0
c46c18b5036cadfead94fda952d57fb6e4b7703e,2026-10-03 19:08:54,commit c46c18b503 | peano 22.0.0+0006955e | mlir_aie 1.4.4.dev73+g18ca6c1 | kernels 5726d482c21a | runtime CachedXRTRuntime | xdna 2.21.0_20260625 | xrt 2.21.0 | host docker-runner-4b8f0b048bfe | device NPU Krackan 1 | pmode default,iron/applications/llama_3.2_1b/test.py::test_llama_3_2_1b_accuracy,iter1,1/1,no,,,,,,,,,,,0.013439,0.013439,0.013439,0.013439,0.0,0.013988,0.013988,0.013988,0.013988,0.0,0.0,0.0,0.0,0.0,0.0,,,,,
c46c18b5036cadfead94fda952d57fb6e4b7703e,2026-10-03 19:08:54,commit c46c18b503 | peano 22.0.0+0006955e | mlir_aie 1.4.4.dev73+g18ca6c1 | kernels 5726d482c21a | runtime CachedXRTRuntime | xdna 2.21.0_20260625 | xrt 2.21.0 | host docker-runner-4b8f0b048bfe | device NPU Krackan 1 | pmode default,iron/applications/llama_3.2_1b/test.py::test_llama_3_2_1b_determinism,iter1,1/1,no,,,,,,,,,,,,,,,,,,,,,,,,,,0.0,0.0,0.0,0.0,0.0
ef4eaefae3b7d4ac5c40a6971c96a3f9c0a492e8,2026-10-03 21:23:00,commit ef4eaefae3 | peano 22.0.0+0006955e | mlir_aie 1.4.4.dev73+g18ca6c1 | kernels 5726d482c21a | runtime CachedXRTRuntime | xdna 2.21.0_20260625 | xrt 2.21.0 | host docker-runner-d58bb0968eeb | device NPU Krackan 1 | pmode default,iron/applications/llama_3.2_1b/test.py::test_llama_3_2_1b_accuracy,iter1,1/1,no,,,,,,,,,,,0.013439,0.013439,0.013439,0.013439,0.0,0.013988,0.013988,0.013988,0.013988,0.0,0.0,0.0,0.0,0.0,0.0,,,,,
ef4eaefae3b7d4ac5c40a6971c96a3f9c0a492e8,2026-10-03 21:23:00,commit ef4eaefae3 | peano 22.0.0+0006955e | mlir_aie 1.4.4.dev73+g18ca6c1 | kernels 5726d482c21a | runtime CachedXRTRuntime | xdna 2.21.0_20260625 | xrt 2.21.0 | host docker-runner-d58bb0968eeb | device NPU Krackan 1 | pmode default,iron/applications/llama_3.2_1b/test.py::test_llama_3_2_1b_determinism,iter1,1/1,no,,,,,,,,,,,,,,,,,,,,,,,,,,0.0,0.0,0.0,0.0,0.0
ef4eaefae3b7d4ac5c40a6971c96a3f9c0a492e8,2026-10-03 21:23:00,commit ef4eaefae3 | peano 22.0.0+0006955e | mlir_aie 1.4.4.dev73+g18ca6c1 | kernels 5726d482c21a | runtime CachedXRTRuntime | xdna 2.21.0_20260625 | xrt 2.21.0 | host docker-runner-d58bb0968eeb | device NPU Krackan 1 | pmode default,iron/applications/gemma4_flm/test.py::test_iron_matches_engine,iter1,1/1,no,,,,,,,,,,,,,,,,,,,,,,,,,,,,,,
b73e3f8bb6cdcd6e15cc8ad70e6845dc4807ceec,2026-10-03 23:13:18,commit b73e3f8bb6 | peano 22.0.0+0006955e | mlir_aie 1.4.4.dev73+g18ca6c1 | kernels 5726d482c21a | runtime CachedXRTRuntime | xdna 2.21.0_20260625 | xrt 2.21.0 | host docker-runner-5d71ce1b6e30 | device NPU Krackan 1 | pmode default,iron/applications/llama_3.2_1b/test.py::test_llama_3_2_1b_accuracy,iter1,1/1,no,,,,,,,,,,,0.013439,0.013439,0.013439,0.013439,0.0,0.013988,0.013988,0.013988,0.013988,0.0,0.0,0.0,0.0,0.0,0.0,,,,,
b73e3f8bb6cdcd6e15cc8ad70e6845dc4807ceec,2026-10-03 23:13:18,commit b73e3f8bb6 | peano 22.0.0+0006955e | mlir_aie 1.4.4.dev73+g18ca6c1 | kernels 5726d482c21a | runtime CachedXRTRuntime | xdna 2.21.0_20260625 | xrt 2.21.0 | host docker-runner-5d71ce1b6e30 | device NPU Krackan 1 | pmode default,iron/applications/llama_3.2_1b/test.py::test_llama_3_2_1b_determinism,iter1,1/1,no,,,,,,,,,,,,,,,,,,,,,,,,,,0.0,0.0,0.0,0.0,0.0
b73e3f8bb6cdcd6e15cc8ad70e6845dc4807ceec,2026-10-03 23:13:18,commit b73e3f8bb6 | peano 22.0.0+0006955e | mlir_aie 1.4.4.dev73+g18ca6c1 | kernels 5726d482c21a | runtime CachedXRTRuntime | xdna 2.21.0_20260625 | xrt 2.21.0 | host docker-runner-5d71ce1b6e30 | device NPU Krackan 1 | pmode default,iron/applications/gemma4_flm/test.py::test_iron_matches_engine,iter1,1/1,no,,,,,,,,,,,,,,,,,,,,,,,,,,,,,,
79c04e6e05d3d74fa72f6036238edff157dcd94b,2026-10-04 17:58:18,commit 79c04e6e05 | peano 22.0.0+0006955e | mlir_aie 1.4.4.dev73+g18ca6c1 | kernels 5726d482c21a | runtime CachedXRTRuntime | xdna 2.21.0_20260625 | xrt 2.21.0 | host docker-runner-df55d4e7468d | device NPU Krackan 1 | pmode default,iron/applications/llama_3.2_1b/test.py::test_llama_3_2_1b_accuracy,iter1,1/1,no,,,,,,,,,,,0.013439,0.013439,0.013439,0.013439,0.0,0.013988,0.013988,0.013988,0.013988,0.0,0.0,0.0,0.0,0.0,0.0,,,,,
79c04e6e05d3d74fa72f6036238edff157dcd94b,2026-10-04 17:58:18,commit 79c04e6e05 | peano 22.0.0+0006955e | mlir_aie 1.4.4.dev73+g18ca6c1 | kernels 5726d482c21a | runtime CachedXRTRuntime | xdna 2.21.0_20260625 | xrt 2.21.0 | host docker-runner-df55d4e7468d | device NPU Krackan 1 | pmode default,iron/applications/llama_3.2_1b/test.py::test_llama_3_2_1b_determinism,iter1,1/1,no,,,,,,,,,,,,,,,,,,,,,,,,,,0.0,0.0,0.0,0.0,0.0
1c1f8e3a544b0bc080e14fb6f6c644d43c0764e3,2026-10-08 02:33:50,commit 1c1f8e3a54 | peano 22.0.0+0006955e | mlir_aie 1.4.4 | kernels 3f815aa696b3 | runtime CachedXRTRuntime | xdna 2.21.0_20260625 | xrt 2.21.0 | host docker-runner-aed82ed20e68 | device NPU Krackan 1 | pmode default,iron/applications/llama_3.2_1b/test.py::test_llama_3_2_1b_accuracy,iter1,1/1,no,,,,,,,,,,,0.013439,0.013439,0.013439,0.013439,0.0,0.013988,0.013988,0.013988,0.013988,0.0,0.0,0.0,0.0,0.0,0.0,,,,,
1c1f8e3a544b0bc080e14fb6f6c644d43c0764e3,2026-10-08 02:33:50,commit 1c1f8e3a54 | peano 22.0.0+0006955e | mlir_aie 1.4.4 | kernels 3f815aa696b3 | runtime CachedXRTRuntime | xdna 2.21.0_20260625 | xrt 2.21.0 | host docker-runner-aed82ed20e68 | device NPU Krackan 1 | pmode default,iron/applications/llama_3.2_1b/test.py::test_llama_3_2_1b_determinism,iter1,1/1,no,,,,,,,,,,,,,,,,,,,,,,,,,,0.0,0.0,0.0,0.0,0.0
aae6262bc80636d75d9829ff106037225191e8b7,2026-10-10 07:31:48,commit aae6262bc8 | peano 22.0.0+0006955e | mlir_aie 1.4.4 | kernels 3f815aa696b3 | runtime CachedXRTRuntime | xdna 2.21.0_20260625 | xrt 2.21.0 | host docker-runner-9b4d8ff31bd8 | device NPU Krackan 1 | pmode default,iron/applications/llama_3.2_1b/test.py::test_llama_3_2_1b_accuracy,iter1,1/1,no,,,,,,,,,,,0.013439,0.013439,0.013439,0.013439,0.0,0.013988,0.013988,0.013988,0.013988,0.0,0.0,0.0,0.0,0.0,0.0,,,,,
aae6262bc80636d75d9829ff106037225191e8b7,2026-10-10 07:31:48,commit aae6262bc8 | peano 22.0.0+0006955e | mlir_aie 1.4.4 | kernels 3f815aa696b3 | runtime CachedXRTRuntime | xdna 2.21.0_20260625 | xrt 2.21.0 | host docker-runner-9b4d8ff31bd8 | device NPU Krackan 1 | pmode default,iron/applications/llama_3.2_1b/test.py::test_llama_3_2_1b_determinism,iter1,1/1,no,,,,,,,,,,,,,,,,,,,,,,,,,,0.0,0.0,0.0,0.0,0.0
821244f42b310daab66474e591120972d6b547eb,2026-09-29 19:46:42,commit 821244f42b | peano 22.0.0+773413fb | mlir_aie 1.4.4.dev53+gd53582d | kernels b07d1f67713f | device NPU Krackan 1 | pmode default,iron/applications/llama_3.2_1b/test.py::test_llama_3_2_1b_accuracy,iter2,1/1,no,,,,,,,,,,,0.073704,0.073704,0.073704,0.073704,0.0,0.012645,0.012645,0.012645,0.012645,0.0,1.0,1.0,1.0,1.0,0.0,,,,,
821244f42b310daab66474e591120972d6b547eb,2026-09-29 19:46:42,commit 821244f42b | peano 22.0.0+773413fb | mlir_aie 1.4.4.dev53+gd53582d | kernels b07d1f67713f | device NPU Krackan 1 | pmode default,iron/applications/llama_3.2_1b/test.py::test_llama_3_2_1b_determinism,iter2,1/1,no,,,,,,,,,,,,,,,,,,,,,,,,,,0.0,0.0,0.0,0.0,0.0
19f26ebecfff95d0f62dfb309fddf4796936fb5c,2026-10-01 18:21:03,commit 19f26ebecf | peano 22.0.0+773413fb | mlir_aie 1.4.4.dev53+gd53582d | kernels b07d1f67713f | device NPU Krackan 1 | pmode default,iron/applications/llama_3.2_1b/test.py::test_llama_3_2_1b_accuracy,iter2,1/1,no,,,,,,,,,,,0.073704,0.073704,0.073704,0.073704,0.0,0.012645,0.012645,0.012645,0.012645,0.0,1.0,1.0,1.0,1.0,0.0,,,,,
19f26ebecfff95d0f62dfb309fddf4796936fb5c,2026-10-01 18:21:03,commit 19f26ebecf | peano 22.0.0+773413fb | mlir_aie 1.4.4.dev53+gd53582d | kernels b07d1f67713f | device NPU Krackan 1 | pmode default,iron/applications/llama_3.2_1b/test.py::test_llama_3_2_1b_determinism,iter2,1/1,no,,,,,,,,,,,,,,,,,,,,,,,,,,0.0,0.0,0.0,0.0,0.0
3fc9a6084f934108c5c4982eb6ea39a6fcc55b67,2026-10-01 23:16:26,commit 3fc9a6084f | peano 22.0.0+773413fb | mlir_aie 1.4.4.dev53+gd53582d | kernels b07d1f67713f | device NPU Krackan 1 | pmode default,iron/applications/llama_3.2_1b/test.py::test_llama_3_2_1b_accuracy,iter2,1/1,no,,,,,,,,,,,0.073704,0.073704,0.073704,0.073704,0.0,0.012645,0.012645,0.012645,0.012645,0.0,1.0,1.0,1.0,1.0,0.0,,,,,
3fc9a6084f934108c5c4982eb6ea39a6fcc55b67,2026-10-01 23:16:26,commit 3fc9a6084f | peano 22.0.0+773413fb | mlir_aie 1.4.4.dev53+gd53582d | kernels b07d1f67713f | device NPU Krackan 1 | pmode default,iron/applications/llama_3.2_1b/test.py::test_llama_3_2_1b_determinism,iter2,1/1,no,,,,,,,,,,,,,,,,,,,,,,,,,,0.0,0.0,0.0,0.0,0.0
bc6bed5614c930bb5b50c1d363d63664150b18c9,2026-10-03 01:26:49,commit bc6bed5614 | peano 22.0.0+0006955e | mlir_aie 1.4.4.dev73+g18ca6c1 | kernels 5726d482c21a | runtime CachedXRTRuntime | xdna 2.21.0_20260625 | xrt 2.21.0 | host docker-runner-aa767ab16b62 | device NPU Krackan 1 | pmode default,iron/applications/llama_3.2_1b/test.py::test_llama_3_2_1b_accuracy,iter2,1/1,no,,,,,,,,,,,0.013439,0.013439,0.013439,0.013439,0.0,0.013988,0.013988,0.013988,0.013988,0.0,0.0,0.0,0.0,0.0,0.0,,,,,
bc6bed5614c930bb5b50c1d363d63664150b18c9,2026-10-03 01:26:49,commit bc6bed5614 | peano 22.0.0+0006955e | mlir_aie 1.4.4.dev73+g18ca6c1 | kernels 5726d482c21a | runtime CachedXRTRuntime | xdna 2.21.0_20260625 | xrt 2.21.0 | host docker-runner-aa767ab16b62 | device NPU Krackan 1 | pmode default,iron/applications/llama_3.2_1b/test.py::test_llama_3_2_1b_determinism,iter2,1/1,no,,,,,,,,,,,,,,,,,,,,,,,,,,0.0,0.0,0.0,0.0,0.0
d113fdf5634d78ab2b6347de2ef0731aa62e3aaf,2026-10-03 06:21:37,commit d113fdf563 | peano 22.0.0+0006955e | mlir_aie 1.4.4.dev73+g18ca6c1 | kernels 5726d482c21a | runtime CachedXRTRuntime | xdna 2.21.0_20260625 | xrt 2.21.0 | host docker-runner-a51e7da05fd6 | device NPU Krackan 1 | pmode default,iron/applications/llama_3.2_1b/test.py::test_llama_3_2_1b_accuracy,iter2,1/1,no,,,,,,,,,,,0.013439,0.013439,0.013439,0.013439,0.0,0.013988,0.013988,0.013988,0.013988,0.0,0.0,0.0,0.0,0.0,0.0,,,,,
d113fdf5634d78ab2b6347de2ef0731aa62e3aaf,2026-10-03 06:21:37,commit d113fdf563 | peano 22.0.0+0006955e | mlir_aie 1.4.4.dev73+g18ca6c1 | kernels 5726d482c21a | runtime CachedXRTRuntime | xdna 2.21.0_20260625 | xrt 2.21.0 | host docker-runner-a51e7da05fd6 | device NPU Krackan 1 | pmode default,iron/applications/llama_3.2_1b/test.py::test_llama_3_2_1b_determinism,iter2,1/1,no,,,,,,,,,,,,,,,,,,,,,,,,,,0.0,0.0,0.0,0.0,0.0
416c53de436a8336898b5be313cb6d3100ba3795,2026-10-03 08:10:12,commit 416c53de43 | peano 22.0.0+0006955e | mlir_aie 1.4.4.dev73+g18ca6c1 | kernels 5726d482c21a | runtime CachedXRTRuntime | xdna 2.21.0_20260625 | xrt 2.21.0 | host docker-runner-9758eecbd37f | device NPU Krackan 1 | pmode default,iron/applications/llama_3.2_1b/test.py::test_llama_3_2_1b_accuracy,iter2,1/1,no,,,,,,,,,,,0.013439,0.013439,0.013439,0.013439,0.0,0.013988,0.013988,0.013988,0.013988,0.0,0.0,0.0,0.0,0.0,0.0,,,,,
416c53de436a8336898b5be313cb6d3100ba3795,2026-10-03 08:10:12,commit 416c53de43 | peano 22.0.0+0006955e | mlir_aie 1.4.4.dev73+g18ca6c1 | kernels 5726d482c21a | runtime CachedXRTRuntime | xdna 2.21.0_20260625 | xrt 2.21.0 | host docker-runner-9758eecbd37f | device NPU Krackan 1 | pmode default,iron/applications/llama_3.2_1b/test.py::test_llama_3_2_1b_determinism,iter2,1/1,no,,,,,,,,,,,,,,,,,,,,,,,,,,0.0,0.0,0.0,0.0,0.0
c46c18b5036cadfead94fda952d57fb6e4b7703e,2026-10-03 19:08:54,commit c46c18b503 | peano 22.0.0+0006955e | mlir_aie 1.4.4.dev73+g18ca6c1 | kernels 5726d482c21a | runtime CachedXRTRuntime | xdna 2.21.0_20260625 | xrt 2.21.0 | host docker-runner-4b8f0b048bfe | device NPU Krackan 1 | pmode default,iron/applications/llama_3.2_1b/test.py::test_llama_3_2_1b_accuracy,iter2,1/1,no,,,,,,,,,,,0.013439,0.013439,0.013439,0.013439,0.0,0.013988,0.013988,0.013988,0.013988,0.0,0.0,0.0,0.0,0.0,0.0,,,,,
c46c18b5036cadfead94fda952d57fb6e4b7703e,2026-10-03 19:08:54,commit c46c18b503 | peano 22.0.0+0006955e | mlir_aie 1.4.4.dev73+g18ca6c1 | kernels 5726d482c21a | runtime CachedXRTRuntime | xdna 2.21.0_20260625 | xrt 2.21.0 | host docker-runner-4b8f0b048bfe | device NPU Krackan 1 | pmode default,iron/applications/llama_3.2_1b/test.py::test_llama_3_2_1b_determinism,iter2,1/1,no,,,,,,,,,,,,,,,,,,,,,,,,,,0.0,0.0,0.0,0.0,0.0
ef4eaefae3b7d4ac5c40a6971c96a3f9c0a492e8,2026-10-03 21:23:00,commit ef4eaefae3 | peano 22.0.0+0006955e | mlir_aie 1.4.4.dev73+g18ca6c1 | kernels 5726d482c21a | runtime CachedXRTRuntime | xdna 2.21.0_20260625 | xrt 2.21.0 | host docker-runner-d58bb0968eeb | device NPU Krackan 1 | pmode default,iron/applications/llama_3.2_1b/test.py::test_llama_3_2_1b_accuracy,iter2,1/1,no,,,,,,,,,,,0.013439,0.013439,0.013439,0.013439,0.0,0.013988,0.013988,0.013988,0.013988,0.0,0.0,0.0,0.0,0.0,0.0,,,,,
ef4eaefae3b7d4ac5c40a6971c96a3f9c0a492e8,2026-10-03 21:23:00,commit ef4eaefae3 | peano 22.0.0+0006955e | mlir_aie 1.4.4.dev73+g18ca6c1 | kernels 5726d482c21a | runtime CachedXRTRuntime | xdna 2.21.0_20260625 | xrt 2.21.0 | host docker-runner-d58bb0968eeb | device NPU Krackan 1 | pmode default,iron/applications/llama_3.2_1b/test.py::test_llama_3_2_1b_determinism,iter2,1/1,no,,,,,,,,,,,,,,,,,,,,,,,,,,0.0,0.0,0.0,0.0,0.0
ef4eaefae3b7d4ac5c40a6971c96a3f9c0a492e8,2026-10-03 21:23:00,commit ef4eaefae3 | peano 22.0.0+0006955e | mlir_aie 1.4.4.dev73+g18ca6c1 | kernels 5726d482c21a | runtime CachedXRTRuntime | xdna 2.21.0_20260625 | xrt 2.21.0 | host docker-runner-d58bb0968eeb | device NPU Krackan 1 | pmode default,iron/applications/gemma4_flm/test.py::test_iron_matches_engine,iter2,1/1,no,,,,,,,,,,,,,,,,,,,,,,,,,,,,,,
b73e3f8bb6cdcd6e15cc8ad70e6845dc4807ceec,2026-10-03 23:13:18,commit b73e3f8bb6 | peano 22.0.0+0006955e | mlir_aie 1.4.4.dev73+g18ca6c1 | kernels 5726d482c21a | runtime CachedXRTRuntime | xdna 2.21.0_20260625 | xrt 2.21.0 | host docker-runner-5d71ce1b6e30 | device NPU Krackan 1 | pmode default,iron/applications/llama_3.2_1b/test.py::test_llama_3_2_1b_accuracy,iter2,1/1,no,,,,,,,,,,,0.013439,0.013439,0.013439,0.013439,0.0,0.013988,0.013988,0.013988,0.013988,0.0,0.0,0.0,0.0,0.0,0.0,,,,,
b73e3f8bb6cdcd6e15cc8ad70e6845dc4807ceec,2026-10-03 23:13:18,commit b73e3f8bb6 | peano 22.0.0+0006955e | mlir_aie 1.4.4.dev73+g18ca6c1 | kernels 5726d482c21a | runtime CachedXRTRuntime | xdna 2.21.0_20260625 | xrt 2.21.0 | host docker-runner-5d71ce1b6e30 | device NPU Krackan 1 | pmode default,iron/applications/llama_3.2_1b/test.py::test_llama_3_2_1b_determinism,iter2,1/1,no,,,,,,,,,,,,,,,,,,,,,,,,,,0.0,0.0,0.0,0.0,0.0
b73e3f8bb6cdcd6e15cc8ad70e6845dc4807ceec,2026-10-03 23:13:18,commit b73e3f8bb6 | peano 22.0.0+0006955e | mlir_aie 1.4.4.dev73+g18ca6c1 | kernels 5726d482c21a | runtime CachedXRTRuntime | xdna 2.21.0_20260625 | xrt 2.21.0 | host docker-runner-5d71ce1b6e30 | device NPU Krackan 1 | pmode default,iron/applications/gemma4_flm/test.py::test_iron_matches_engine,iter2,1/1,no,,,,,,,,,,,,,,,,,,,,,,,,,,,,,,
79c04e6e05d3d74fa72f6036238edff157dcd94b,2026-10-04 17:58:18,commit 79c04e6e05 | peano 22.0.0+0006955e | mlir_aie 1.4.4.dev73+g18ca6c1 | kernels 5726d482c21a | runtime CachedXRTRuntime | xdna 2.21.0_20260625 | xrt 2.21.0 | host docker-runner-df55d4e7468d | device NPU Krackan 1 | pmode default,iron/applications/llama_3.2_1b/test.py::test_llama_3_2_1b_accuracy,iter2,1/1,no,,,,,,,,,,,0.013439,0.013439,0.013439,0.013439,0.0,0.013988,0.013988,0.013988,0.013988,0.0,0.0,0.0,0.0,0.0,0.0,,,,,
79c04e6e05d3d74fa72f6036238edff157dcd94b,2026-10-04 17:58:18,commit 79c04e6e05 | peano 22.0.0+0006955e | mlir_aie 1.4.4.dev73+g18ca6c1 | kernels 5726d482c21a | runtime CachedXRTRuntime | xdna 2.21.0_20260625 | xrt 2.21.0 | host docker-runner-df55d4e7468d | device NPU Krackan 1 | pmode default,iron/applications/llama_3.2_1b/test.py::test_llama_3_2_1b_determinism,iter2,1/1,no,,,,,,,,,,,,,,,,,,,,,,,,,,0.0,0.0,0.0,0.0,0.0
1c1f8e3a544b0bc080e14fb6f6c644d43c0764e3,2026-10-08 02:33:50,commit 1c1f8e3a54 | peano 22.0.0+0006955e | mlir_aie 1.4.4 | kernels 3f815aa696b3 | runtime CachedXRTRuntime | xdna 2.21.0_20260625 | xrt 2.21.0 | host docker-runner-aed82ed20e68 | device NPU Krackan 1 | pmode default,iron/applications/llama_3.2_1b/test.py::test_llama_3_2_1b_accuracy,iter2,1/1,no,,,,,,,,,,,0.013439,0.013439,0.013439,0.013439,0.0,0.013988,0.013988,0.013988,0.013988,0.0,0.0,0.0,0.0,0.0,0.0,,,,,
1c1f8e3a544b0bc080e14fb6f6c644d43c0764e3,2026-10-08 02:33:50,commit 1c1f8e3a54 | peano 22.0.0+0006955e | mlir_aie 1.4.4 | kernels 3f815aa696b3 | runtime CachedXRTRuntime | xdna 2.21.0_20260625 | xrt 2.21.0 | host docker-runner-aed82ed20e68 | device NPU Krackan 1 | pmode default,iron/applications/llama_3.2_1b/test.py::test_llama_3_2_1b_determinism,iter2,1/1,no,,,,,,,,,,,,,,,,,,,,,,,,,,0.0,0.0,0.0,0.0,0.0
aae6262bc80636d75d9829ff106037225191e8b7,2026-10-10 07:31:48,commit aae6262bc8 | peano 22.0.0+0006955e | mlir_aie 1.4.4 | kernels 3f815aa696b3 | runtime CachedXRTRuntime | xdna 2.21.0_20260625 | xrt 2.21.0 | host docker-runner-9b4d8ff31bd8 | device NPU Krackan 1 | pmode default,iron/applications/llama_3.2_1b/test.py::test_llama_3_2_1b_accuracy,iter2,1/1,no,,,,,,,,,,,0.013439,0.013439,0.013439,0.013439,0.0,0.013988,0.013988,0.013988,0.013988,0.0,0.0,0.0,0.0,0.0,0.0,,,,,
aae6262bc80636d75d9829ff106037225191e8b7,2026-10-10 07:31:48,commit aae6262bc8 | peano 22.0.0+0006955e | mlir_aie 1.4.4 | kernels 3f815aa696b3 | runtime CachedXRTRuntime | xdna 2.21.0_20260625 | xrt 2.21.0 | host docker-runner-9b4d8ff31bd8 | device NPU Krackan 1 | pmode default,iron/applications/llama_3.2_1b/test.py::test_llama_3_2_1b_determinism,iter2,1/1,no,,,,,,,,,,,,,,,,,,,,,,,,,,0.0,0.0,0.0,0.0,0.0
821244f42b310daab66474e591120972d6b547eb,2026-09-29 19:46:42,commit 821244f42b | peano 22.0.0+773413fb | mlir_aie 1.4.4.dev53+gd53582d | kernels b07d1f67713f | device NPU Krackan 1 | pmode default,iron/applications/llama_3.2_1b/test.py::test_llama_3_2_1b_accuracy,iter3,1/1,no,,,,,,,,,,,0.073704,0.073704,0.073704,0.073704,0.0,0.012645,0.012645,0.012645,0.012645,0.0,1.0,1.0,1.0,1.0,0.0,,,,,
821244f42b310daab66474e591120972d6b547eb,2026-09-29 19:46:42,commit 821244f42b | peano 22.0.0+773413fb | mlir_aie 1.4.4.dev53+gd53582d | kernels b07d1f67713f | device NPU Krackan 1 | pmode default,iron/applications/llama_3.2_1b/test.py::test_llama_3_2_1b_determinism,iter3,1/1,no,,,,,,,,,,,,,,,,,,,,,,,,,,0.0,0.0,0.0,0.0,0.0
19f26ebecfff95d0f62dfb309fddf4796936fb5c,2026-10-01 18:21:03,commit 19f26ebecf | peano 22.0.0+773413fb | mlir_aie 1.4.4.dev53+gd53582d | kernels b07d1f67713f | device NPU Krackan 1 | pmode default,iron/applications/llama_3.2_1b/test.py::test_llama_3_2_1b_accuracy,iter3,1/1,no,,,,,,,,,,,0.073704,0.073704,0.073704,0.073704,0.0,0.012645,0.012645,0.012645,0.012645,0.0,1.0,1.0,1.0,1.0,0.0,,,,,
19f26ebecfff95d0f62dfb309fddf4796936fb5c,2026-10-01 18:21:03,commit 19f26ebecf | peano 22.0.0+773413fb | mlir_aie 1.4.4.dev53+gd53582d | kernels b07d1f67713f | device NPU Krackan 1 | pmode default,iron/applications/llama_3.2_1b/test.py::test_llama_3_2_1b_determinism,iter3,1/1,no,,,,,,,,,,,,,,,,,,,,,,,,,,0.0,0.0,0.0,0.0,0.0
3fc9a6084f934108c5c4982eb6ea39a6fcc55b67,2026-10-01 23:16:26,commit 3fc9a6084f | peano 22.0.0+773413fb | mlir_aie 1.4.4.dev53+gd53582d | kernels b07d1f67713f | device NPU Krackan 1 | pmode default,iron/applications/llama_3.2_1b/test.py::test_llama_3_2_1b_accuracy,iter3,1/1,no,,,,,,,,,,,0.073704,0.073704,0.073704,0.073704,0.0,0.012645,0.012645,0.012645,0.012645,0.0,1.0,1.0,1.0,1.0,0.0,,,,,
3fc9a6084f934108c5c4982eb6ea39a6fcc55b67,2026-10-01 23:16:26,commit 3fc9a6084f | peano 22.0.0+773413fb | mlir_aie 1.4.4.dev53+gd53582d | kernels b07d1f67713f | device NPU Krackan 1 | pmode default,iron/applications/llama_3.2_1b/test.py::test_llama_3_2_1b_determinism,iter3,1/1,no,,,,,,,,,,,,,,,,,,,,,,,,,,0.0,0.0,0.0,0.0,0.0
bc6bed5614c930bb5b50c1d363d63664150b18c9,2026-10-03 01:26:49,commit bc6bed5614 | peano 22.0.0+0006955e | mlir_aie 1.4.4.dev73+g18ca6c1 | kernels 5726d482c21a | runtime CachedXRTRuntime | xdna 2.21.0_20260625 | xrt 2.21.0 | host docker-runner-aa767ab16b62 | device NPU Krackan 1 | pmode default,iron/applications/llama_3.2_1b/test.py::test_llama_3_2_1b_accuracy,iter3,1/1,no,,,,,,,,,,,0.013439,0.013439,0.013439,0.013439,0.0,0.013988,0.013988,0.013988,0.013988,0.0,0.0,0.0,0.0,0.0,0.0,,,,,
bc6bed5614c930bb5b50c1d363d63664150b18c9,2026-10-03 01:26:49,commit bc6bed5614 | peano 22.0.0+0006955e | mlir_aie 1.4.4.dev73+g18ca6c1 | kernels 5726d482c21a | runtime CachedXRTRuntime | xdna 2.21.0_20260625 | xrt 2.21.0 | host docker-runner-aa767ab16b62 | device NPU Krackan 1 | pmode default,iron/applications/llama_3.2_1b/test.py::test_llama_3_2_1b_determinism,iter3,1/1,no,,,,,,,,,,,,,,,,,,,,,,,,,,0.0,0.0,0.0,0.0,0.0
d113fdf5634d78ab2b6347de2ef0731aa62e3aaf,2026-10-03 06:21:37,commit d113fdf563 | peano 22.0.0+0006955e | mlir_aie 1.4.4.dev73+g18ca6c1 | kernels 5726d482c21a | runtime CachedXRTRuntime | xdna 2.21.0_20260625 | xrt 2.21.0 | host docker-runner-a51e7da05fd6 | device NPU Krackan 1 | pmode default,iron/applications/llama_3.2_1b/test.py::test_llama_3_2_1b_accuracy,iter3,1/1,no,,,,,,,,,,,0.013439,0.013439,0.013439,0.013439,0.0,0.013988,0.013988,0.013988,0.013988,0.0,0.0,0.0,0.0,0.0,0.0,,,,,
d113fdf5634d78ab2b6347de2ef0731aa62e3aaf,2026-10-03 06:21:37,commit d113fdf563 | peano 22.0.0+0006955e | mlir_aie 1.4.4.dev73+g18ca6c1 | kernels 5726d482c21a | runtime CachedXRTRuntime | xdna 2.21.0_20260625 | xrt 2.21.0 | host docker-runner-a51e7da05fd6 | device NPU Krackan 1 | pmode default,iron/applications/llama_3.2_1b/test.py::test_llama_3_2_1b_determinism,iter3,1/1,no,,,,,,,,,,,,,,,,,,,,,,,,,,0.0,0.0,0.0,0.0,0.0
416c53de436a8336898b5be313cb6d3100ba3795,2026-10-03 08:10:12,commit 416c53de43 | peano 22.0.0+0006955e | mlir_aie 1.4.4.dev73+g18ca6c1 | kernels 5726d482c21a | runtime CachedXRTRuntime | xdna 2.21.0_20260625 | xrt 2.21.0 | host docker-runner-9758eecbd37f | device NPU Krackan 1 | pmode default,iron/applications/llama_3.2_1b/test.py::test_llama_3_2_1b_accuracy,iter3,1/1,no,,,,,,,,,,,0.013439,0.013439,0.013439,0.013439,0.0,0.013988,0.013988,0.013988,0.013988,0.0,0.0,0.0,0.0,0.0,0.0,,,,,
416c53de436a8336898b5be313cb6d3100ba3795,2026-10-03 08:10:12,commit 416c53de43 | peano 22.0.0+0006955e | mlir_aie 1.4.4.dev73+g18ca6c1 | kernels 5726d482c21a | runtime CachedXRTRuntime | xdna 2.21.0_20260625 | xrt 2.21.0 | host docker-runner-9758eecbd37f | device NPU Krackan 1 | pmode default,iron/applications/llama_3.2_1b/test.py::test_llama_3_2_1b_determinism,iter3,1/1,no,,,,,,,,,,,,,,,,,,,,,,,,,,0.0,0.0,0.0,0.0,0.0
c46c18b5036cadfead94fda952d57fb6e4b7703e,2026-10-03 19:08:54,commit c46c18b503 | peano 22.0.0+0006955e | mlir_aie 1.4.4.dev73+g18ca6c1 | kernels 5726d482c21a | runtime CachedXRTRuntime | xdna 2.21.0_20260625 | xrt 2.21.0 | host docker-runner-4b8f0b048bfe | device NPU Krackan 1 | pmode default,iron/applications/llama_3.2_1b/test.py::test_llama_3_2_1b_accuracy,iter3,1/1,no,,,,,,,,,,,0.013439,0.013439,0.013439,0.013439,0.0,0.013988,0.013988,0.013988,0.013988,0.0,0.0,0.0,0.0,0.0,0.0,,,,,
c46c18b5036cadfead94fda952d57fb6e4b7703e,2026-10-03 19:08:54,commit c46c18b503 | peano 22.0.0+0006955e | mlir_aie 1.4.4.dev73+g18ca6c1 | kernels 5726d482c21a | runtime CachedXRTRuntime | xdna 2.21.0_20260625 | xrt 2.21.0 | host docker-runner-4b8f0b048bfe | device NPU Krackan 1 | pmode default,iron/applications/llama_3.2_1b/test.py::test_llama_3_2_1b_determinism,iter3,1/1,no,,,,,,,,,,,,,,,,,,,,,,,,,,0.0,0.0,0.0,0.0,0.0
ef4eaefae3b7d4ac5c40a6971c96a3f9c0a492e8,2026-10-03 21:23:00,commit ef4eaefae3 | peano 22.0.0+0006955e | mlir_aie 1.4.4.dev73+g18ca6c1 | kernels 5726d482c21a | runtime CachedXRTRuntime | xdna 2.21.0_20260625 | xrt 2.21.0 | host docker-runner-d58bb0968eeb | device NPU Krackan 1 | pmode default,iron/applications/llama_3.2_1b/test.py::test_llama_3_2_1b_accuracy,iter3,1/1,no,,,,,,,,,,,0.013439,0.013439,0.013439,0.013439,0.0,0.013988,0.013988,0.013988,0.013988,0.0,0.0,0.0,0.0,0.0,0.0,,,,,
ef4eaefae3b7d4ac5c40a6971c96a3f9c0a492e8,2026-10-03 21:23:00,commit ef4eaefae3 | peano 22.0.0+0006955e | mlir_aie 1.4.4.dev73+g18ca6c1 | kernels 5726d482c21a | runtime CachedXRTRuntime | xdna 2.21.0_20260625 | xrt 2.21.0 | host docker-runner-d58bb0968eeb | device NPU Krackan 1 | pmode default,iron/applications/llama_3.2_1b/test.py::test_llama_3_2_1b_determinism,iter3,1/1,no,,,,,,,,,,,,,,,,,,,,,,,,,,0.0,0.0,0.0,0.0,0.0
ef4eaefae3b7d4ac5c40a6971c96a3f9c0a492e8,2026-10-03 21:23:00,commit ef4eaefae3 | peano 22.0.0+0006955e | mlir_aie 1.4.4.dev73+g18ca6c1 | kernels 5726d482c21a | runtime CachedXRTRuntime | xdna 2.21.0_20260625 | xrt 2.21.0 | host docker-runner-d58bb0968eeb | device NPU Krackan 1 | pmode default,iron/applications/gemma4_flm/test.py::test_iron_matches_engine,iter3,1/1,no,,,,,,,,,,,,,,,,,,,,,,,,,,,,,,
b73e3f8bb6cdcd6e15cc8ad70e6845dc4807ceec,2026-10-03 23:13:18,commit b73e3f8bb6 | peano 22.0.0+0006955e | mlir_aie 1.4.4.dev73+g18ca6c1 | kernels 5726d482c21a | runtime CachedXRTRuntime | xdna 2.21.0_20260625 | xrt 2.21.0 | host docker-runner-5d71ce1b6e30 | device NPU Krackan 1 | pmode default,iron/applications/llama_3.2_1b/test.py::test_llama_3_2_1b_accuracy,iter3,1/1,no,,,,,,,,,,,0.013439,0.013439,0.013439,0.013439,0.0,0.013988,0.013988,0.013988,0.013988,0.0,0.0,0.0,0.0,0.0,0.0,,,,,
b73e3f8bb6cdcd6e15cc8ad70e6845dc4807ceec,2026-10-03 23:13:18,commit b73e3f8bb6 | peano 22.0.0+0006955e | mlir_aie 1.4.4.dev73+g18ca6c1 | kernels 5726d482c21a | runtime CachedXRTRuntime | xdna 2.21.0_20260625 | xrt 2.21.0 | host docker-runner-5d71ce1b6e30 | device NPU Krackan 1 | pmode default,iron/applications/llama_3.2_1b/test.py::test_llama_3_2_1b_determinism,iter3,1/1,no,,,,,,,,,,,,,,,,,,,,,,,,,,0.0,0.0,0.0,0.0,0.0
b73e3f8bb6cdcd6e15cc8ad70e6845dc4807ceec,2026-10-03 23:13:18,commit b73e3f8bb6 | peano 22.0.0+0006955e | mlir_aie 1.4.4.dev73+g18ca6c1 | kernels 5726d482c21a | runtime CachedXRTRuntime | xdna 2.21.0_20260625 | xrt 2.21.0 | host docker-runner-5d71ce1b6e30 | device NPU Krackan 1 | pmode default,iron/applications/gemma4_flm/test.py::test_iron_matches_engine,iter3,1/1,no,,,,,,,,,,,,,,,,,,,,,,,,,,,,,,
79c04e6e05d3d74fa72f6036238edff157dcd94b,2026-10-04 17:58:18,commit 79c04e6e05 | peano 22.0.0+0006955e | mlir_aie 1.4.4.dev73+g18ca6c1 | kernels 5726d482c21a | runtime CachedXRTRuntime | xdna 2.21.0_20260625 | xrt 2.21.0 | host docker-runner-df55d4e7468d | device NPU Krackan 1 | pmode default,iron/applications/llama_3.2_1b/test.py::test_llama_3_2_1b_accuracy,iter3,1/1,no,,,,,,,,,,,0.013439,0.013439,0.013439,0.013439,0.0,0.013988,0.013988,0.013988,0.013988,0.0,0.0,0.0,0.0,0.0,0.0,,,,,
79c04e6e05d3d74fa72f6036238edff157dcd94b,2026-10-04 17:58:18,commit 79c04e6e05 | peano 22.0.0+0006955e | mlir_aie 1.4.4.dev73+g18ca6c1 | kernels 5726d482c21a | runtime CachedXRTRuntime | xdna 2.21.0_20260625 | xrt 2.21.0 | host docker-runner-df55d4e7468d | device NPU Krackan 1 | pmode default,iron/applications/llama_3.2_1b/test.py::test_llama_3_2_1b_determinism,iter3,1/1,no,,,,,,,,,,,,,,,,,,,,,,,,,,0.0,0.0,0.0,0.0,0.0
1c1f8e3a544b0bc080e14fb6f6c644d43c0764e3,2026-10-08 02:33:50,commit 1c1f8e3a54 | peano 22.0.0+0006955e | mlir_aie 1.4.4 | kernels 3f815aa696b3 | runtime CachedXRTRuntime | xdna 2.21.0_20260625 | xrt 2.21.0 | host docker-runner-aed82ed20e68 | device NPU Krackan 1 | pmode default,iron/applications/llama_3.2_1b/test.py::test_llama_3_2_1b_accuracy,iter3,1/1,no,,,,,,,,,,,0.013439,0.013439,0.013439,0.013439,0.0,0.013988,0.013988,0.013988,0.013988,0.0,0.0,0.0,0.0,0.0,0.0,,,,,
1c1f8e3a544b0bc080e14fb6f6c644d43c0764e3,2026-10-08 02:33:50,commit 1c1f8e3a54 | peano 22.0.0+0006955e | mlir_aie 1.4.4 | kernels 3f815aa696b3 | runtime CachedXRTRuntime | xdna 2.21.0_20260625 | xrt 2.21.0 | host docker-runner-aed82ed20e68 | device NPU Krackan 1 | pmode default,iron/applications/llama_3.2_1b/test.py::test_llama_3_2_1b_determinism,iter3,1/1,no,,,,,,,,,,,,,,,,,,,,,,,,,,0.0,0.0,0.0,0.0,0.0
aae6262bc80636d75d9829ff106037225191e8b7,2026-10-10 07:31:48,commit aae6262bc8 | peano 22.0.0+0006955e | mlir_aie 1.4.4 | kernels 3f815aa696b3 | runtime CachedXRTRuntime | xdna 2.21.0_20260625 | xrt 2.21.0 | host docker-runner-9b4d8ff31bd8 | device NPU Krackan 1 | pmode default,iron/applications/llama_3.2_1b/test.py::test_llama_3_2_1b_accuracy,iter3,1/1,no,,,,,,,,,,,0.013439,0.013439,0.013439,0.013439,0.0,0.013988,0.013988,0.013988,0.013988,0.0,0.0,0.0,0.0,0.0,0.0,,,,,
aae6262bc80636d75d9829ff106037225191e8b7,2026-10-10 07:31:48,commit aae6262bc8 | peano 22.0.0+0006955e | mlir_aie 1.4.4 | kernels 3f815aa696b3 | runtime CachedXRTRuntime | xdna 2.21.0_20260625 | xrt 2.21.0 | host docker-runner-9b4d8ff31bd8 | device NPU Krackan 1 | pmode default,iron/applications/llama_3.2_1b/test.py::test_llama_3_2_1b_determinism,iter3,1/1,no,,,,,,,,,,,,,,,,,,,,,,,,,,0.0,0.0,0.0,0.0,0.0
821244f42b310daab66474e591120972d6b547eb,2026-09-29 19:46:42,commit 821244f42b | peano 22.0.0+773413fb | mlir_aie 1.4.4.dev53+gd53582d | kernels b07d1f67713f | device NPU Krackan 1 | pmode default,iron/applications/llama_3.2_1b/test.py::test_llama_3_2_1b_accuracy,iter4,1/1,no,,,,,,,,,,,0.073704,0.073704,0.073704,0.073704,0.0,0.012645,0.012645,0.012645,0.012645,0.0,1.0,1.0,1.0,1.0,0.0,,,,,
821244f42b310daab66474e591120972d6b547eb,2026-09-29 19:46:42,commit 821244f42b | peano 22.0.0+773413fb | mlir_aie 1.4.4.dev53+gd53582d | kernels b07d1f67713f | device NPU Krackan 1 | pmode default,iron/applications/llama_3.2_1b/test.py::test_llama_3_2_1b_determinism,iter4,1/1,no,,,,,,,,,,,,,,,,,,,,,,,,,,0.0,0.0,0.0,0.0,0.0
19f26ebecfff95d0f62dfb309fddf4796936fb5c,2026-10-01 18:21:03,commit 19f26ebecf | peano 22.0.0+773413fb | mlir_aie 1.4.4.dev53+gd53582d | kernels b07d1f67713f | device NPU Krackan 1 | pmode default,iron/applications/llama_3.2_1b/test.py::test_llama_3_2_1b_accuracy,iter4,1/1,no,,,,,,,,,,,0.073704,0.073704,0.073704,0.073704,0.0,0.012645,0.012645,0.012645,0.012645,0.0,1.0,1.0,1.0,1.0,0.0,,,,,
19f26ebecfff95d0f62dfb309fddf4796936fb5c,2026-10-01 18:21:03,commit 19f26ebecf | peano 22.0.0+773413fb | mlir_aie 1.4.4.dev53+gd53582d | kernels b07d1f67713f | device NPU Krackan 1 | pmode default,iron/applications/llama_3.2_1b/test.py::test_llama_3_2_1b_determinism,iter4,1/1,no,,,,,,,,,,,,,,,,,,,,,,,,,,0.0,0.0,0.0,0.0,0.0
3fc9a6084f934108c5c4982eb6ea39a6fcc55b67,2026-10-01 23:16:26,commit 3fc9a6084f | peano 22.0.0+773413fb | mlir_aie 1.4.4.dev53+gd53582d | kernels b07d1f67713f | device NPU Krackan 1 | pmode default,iron/applications/llama_3.2_1b/test.py::test_llama_3_2_1b_accuracy,iter4,1/1,no,,,,,,,,,,,0.073704,0.073704,0.073704,0.073704,0.0,0.012645,0.012645,0.012645,0.012645,0.0,1.0,1.0,1.0,1.0,0.0,,,,,
3fc9a6084f934108c5c4982eb6ea39a6fcc55b67,2026-10-01 23:16:26,commit 3fc9a6084f | peano 22.0.0+773413fb | mlir_aie 1.4.4.dev53+gd53582d | kernels b07d1f67713f | device NPU Krackan 1 | pmode default,iron/applications/llama_3.2_1b/test.py::test_llama_3_2_1b_determinism,iter4,1/1,no,,,,,,,,,,,,,,,,,,,,,,,,,,0.0,0.0,0.0,0.0,0.0
bc6bed5614c930bb5b50c1d363d63664150b18c9,2026-10-03 01:26:49,commit bc6bed5614 | peano 22.0.0+0006955e | mlir_aie 1.4.4.dev73+g18ca6c1 | kernels 5726d482c21a | runtime CachedXRTRuntime | xdna 2.21.0_20260625 | xrt 2.21.0 | host docker-runner-aa767ab16b62 | device NPU Krackan 1 | pmode default,iron/applications/llama_3.2_1b/test.py::test_llama_3_2_1b_accuracy,iter4,1/1,no,,,,,,,,,,,0.013439,0.013439,0.013439,0.013439,0.0,0.013988,0.013988,0.013988,0.013988,0.0,0.0,0.0,0.0,0.0,0.0,,,,,
bc6bed5614c930bb5b50c1d363d63664150b18c9,2026-10-03 01:26:49,commit bc6bed5614 | peano 22.0.0+0006955e | mlir_aie 1.4.4.dev73+g18ca6c1 | kernels 5726d482c21a | runtime CachedXRTRuntime | xdna 2.21.0_20260625 | xrt 2.21.0 | host docker-runner-aa767ab16b62 | device NPU Krackan 1 | pmode default,iron/applications/llama_3.2_1b/test.py::test_llama_3_2_1b_determinism,iter4,1/1,no,,,,,,,,,,,,,,,,,,,,,,,,,,0.0,0.0,0.0,0.0,0.0
d113fdf5634d78ab2b6347de2ef0731aa62e3aaf,2026-10-03 06:21:37,commit d113fdf563 | peano 22.0.0+0006955e | mlir_aie 1.4.4.dev73+g18ca6c1 | kernels 5726d482c21a | runtime CachedXRTRuntime | xdna 2.21.0_20260625 | xrt 2.21.0 | host docker-runner-a51e7da05fd6 | device NPU Krackan 1 | pmode default,iron/applications/llama_3.2_1b/test.py::test_llama_3_2_1b_accuracy,iter4,1/1,no,,,,,,,,,,,0.013439,0.013439,0.013439,0.013439,0.0,0.013988,0.013988,0.013988,0.013988,0.0,0.0,0.0,0.0,0.0,0.0,,,,,
d113fdf5634d78ab2b6347de2ef0731aa62e3aaf,2026-10-03 06:21:37,commit d113fdf563 | peano 22.0.0+0006955e | mlir_aie 1.4.4.dev73+g18ca6c1 | kernels 5726d482c21a | runtime CachedXRTRuntime | xdna 2.21.0_20260625 | xrt 2.21.0 | host docker-runner-a51e7da05fd6 | device NPU Krackan 1 | pmode default,iron/applications/llama_3.2_1b/test.py::test_llama_3_2_1b_determinism,iter4,1/1,no,,,,,,,,,,,,,,,,,,,,,,,,,,0.0,0.0,0.0,0.0,0.0
416c53de436a8336898b5be313cb6d3100ba3795,2026-10-03 08:10:12,commit 416c53de43 | peano 22.0.0+0006955e | mlir_aie 1.4.4.dev73+g18ca6c1 | kernels 5726d482c21a | runtime CachedXRTRuntime | xdna 2.21.0_20260625 | xrt 2.21.0 | host docker-runner-9758eecbd37f | device NPU Krackan 1 | pmode default,iron/applications/llama_3.2_1b/test.py::test_llama_3_2_1b_accuracy,iter4,1/1,no,,,,,,,,,,,0.013439,0.013439,0.013439,0.013439,0.0,0.013988,0.013988,0.013988,0.013988,0.0,0.0,0.0,0.0,0.0,0.0,,,,,
416c53de436a8336898b5be313cb6d3100ba3795,2026-10-03 08:10:12,commit 416c53de43 | peano 22.0.0+0006955e | mlir_aie 1.4.4.dev73+g18ca6c1 | kernels 5726d482c21a | runtime CachedXRTRuntime | xdna 2.21.0_20260625 | xrt 2.21.0 | host docker-runner-9758eecbd37f | device NPU Krackan 1 | pmode default,iron/applications/llama_3.2_1b/test.py::test_llama_3_2_1b_determinism,iter4,1/1,no,,,,,,,,,,,,,,,,,,,,,,,,,,0.0,0.0,0.0,0.0,0.0
c46c18b5036cadfead94fda952d57fb6e4b7703e,2026-10-03 19:08:54,commit c46c18b503 | peano 22.0.0+0006955e | mlir_aie 1.4.4.dev73+g18ca6c1 | kernels 5726d482c21a | runtime CachedXRTRuntime | xdna 2.21.0_20260625 | xrt 2.21.0 | host docker-runner-4b8f0b048bfe | device NPU Krackan 1 | pmode default,iron/applications/llama_3.2_1b/test.py::test_llama_3_2_1b_accuracy,iter4,1/1,no,,,,,,,,,,,0.013439,0.013439,0.013439,0.013439,0.0,0.013988,0.013988,0.013988,0.013988,0.0,0.0,0.0,0.0,0.0,0.0,,,,,
c46c18b5036cadfead94fda952d57fb6e4b7703e,2026-10-03 19:08:54,commit c46c18b503 | peano 22.0.0+0006955e | mlir_aie 1.4.4.dev73+g18ca6c1 | kernels 5726d482c21a | runtime CachedXRTRuntime | xdna 2.21.0_20260625 | xrt 2.21.0 | host docker-runner-4b8f0b048bfe | device NPU Krackan 1 | pmode default,iron/applications/llama_3.2_1b/test.py::test_llama_3_2_1b_determinism,iter4,1/1,no,,,,,,,,,,,,,,,,,,,,,,,,,,0.0,0.0,0.0,0.0,0.0
ef4eaefae3b7d4ac5c40a6971c96a3f9c0a492e8,2026-10-03 21:23:00,commit ef4eaefae3 | peano 22.0.0+0006955e | mlir_aie 1.4.4.dev73+g18ca6c1 | kernels 5726d482c21a | runtime CachedXRTRuntime | xdna 2.21.0_20260625 | xrt 2.21.0 | host docker-runner-d58bb0968eeb | device NPU Krackan 1 | pmode default,iron/applications/llama_3.2_1b/test.py::test_llama_3_2_1b_accuracy,iter4,1/1,no,,,,,,,,,,,0.013439,0.013439,0.013439,0.013439,0.0,0.013988,0.013988,0.013988,0.013988,0.0,0.0,0.0,0.0,0.0,0.0,,,,,
ef4eaefae3b7d4ac5c40a6971c96a3f9c0a492e8,2026-10-03 21:23:00,commit ef4eaefae3 | peano 22.0.0+0006955e | mlir_aie 1.4.4.dev73+g18ca6c1 | kernels 5726d482c21a | runtime CachedXRTRuntime | xdna 2.21.0_20260625 | xrt 2.21.0 | host docker-runner-d58bb0968eeb | device NPU Krackan 1 | pmode default,iron/applications/llama_3.2_1b/test.py::test_llama_3_2_1b_determinism,iter4,1/1,no,,,,,,,,,,,,,,,,,,,,,,,,,,0.0,0.0,0.0,0.0,0.0
ef4eaefae3b7d4ac5c40a6971c96a3f9c0a492e8,2026-10-03 21:23:00,commit ef4eaefae3 | peano 22.0.0+0006955e | mlir_aie 1.4.4.dev73+g18ca6c1 | kernels 5726d482c21a | runtime CachedXRTRuntime | xdna 2.21.0_20260625 | xrt 2.21.0 | host docker-runner-d58bb0968eeb | device NPU Krackan 1 | pmode default,iron/applications/gemma4_flm/test.py::test_iron_matches_engine,iter4,1/1,no,,,,,,,,,,,,,,,,,,,,,,,,,,,,,,
b73e3f8bb6cdcd6e15cc8ad70e6845dc4807ceec,2026-10-03 23:13:18,commit b73e3f8bb6 | peano 22.0.0+0006955e | mlir_aie 1.4.4.dev73+g18ca6c1 | kernels 5726d482c21a | runtime CachedXRTRuntime | xdna 2.21.0_20260625 | xrt 2.21.0 | host docker-runner-5d71ce1b6e30 | device NPU Krackan 1 | pmode default,iron/applications/llama_3.2_1b/test.py::test_llama_3_2_1b_accuracy,iter4,1/1,no,,,,,,,,,,,0.013439,0.013439,0.013439,0.013439,0.0,0.013988,0.013988,0.013988,0.013988,0.0,0.0,0.0,0.0,0.0,0.0,,,,,
b73e3f8bb6cdcd6e15cc8ad70e6845dc4807ceec,2026-10-03 23:13:18,commit b73e3f8bb6 | peano 22.0.0+0006955e | mlir_aie 1.4.4.dev73+g18ca6c1 | kernels 5726d482c21a | runtime CachedXRTRuntime | xdna 2.21.0_20260625 | xrt 2.21.0 | host docker-runner-5d71ce1b6e30 | device NPU Krackan 1 | pmode default,iron/applications/llama_3.2_1b/test.py::test_llama_3_2_1b_determinism,iter4,1/1,no,,,,,,,,,,,,,,,,,,,,,,,,,,0.0,0.0,0.0,0.0,0.0
b73e3f8bb6cdcd6e15cc8ad70e6845dc4807ceec,2026-10-03 23:13:18,commit b73e3f8bb6 | peano 22.0.0+0006955e | mlir_aie 1.4.4.dev73+g18ca6c1 | kernels 5726d482c21a | runtime CachedXRTRuntime | xdna 2.21.0_20260625 | xrt 2.21.0 | host docker-runner-5d71ce1b6e30 | device NPU Krackan 1 | pmode default,iron/applications/gemma4_flm/test.py::test_iron_matches_engine,iter4,1/1,no,,,,,,,,,,,,,,,,,,,,,,,,,,,,,,
79c04e6e05d3d74fa72f6036238edff157dcd94b,2026-10-04 17:58:18,commit 79c04e6e05 | peano 22.0.0+0006955e | mlir_aie 1.4.4.dev73+g18ca6c1 | kernels 5726d482c21a | runtime CachedXRTRuntime | xdna 2.21.0_20260625 | xrt 2.21.0 | host docker-runner-df55d4e7468d | device NPU Krackan 1 | pmode default,iron/applications/llama_3.2_1b/test.py::test_llama_3_2_1b_accuracy,iter4,1/1,no,,,,,,,,,,,0.013439,0.013439,0.013439,0.013439,0.0,0.013988,0.013988,0.013988,0.013988,0.0,0.0,0.0,0.0,0.0,0.0,,,,,
79c04e6e05d3d74fa72f6036238edff157dcd94b,2026-10-04 17:58:18,commit 79c04e6e05 | peano 22.0.0+0006955e | mlir_aie 1.4.4.dev73+g18ca6c1 | kernels 5726d482c21a | runtime CachedXRTRuntime | xdna 2.21.0_20260625 | xrt 2.21.0 | host docker-runner-df55d4e7468d | device NPU Krackan 1 | pmode default,iron/applications/llama_3.2_1b/test.py::test_llama_3_2_1b_determinism,iter4,1/1,no,,,,,,,,,,,,,,,,,,,,,,,,,,0.0,0.0,0.0,0.0,0.0
1c1f8e3a544b0bc080e14fb6f6c644d43c0764e3,2026-10-08 02:33:50,commit 1c1f8e3a54 | peano 22.0.0+0006955e | mlir_aie 1.4.4 | kernels 3f815aa696b3 | runtime CachedXRTRuntime | xdna 2.21.0_20260625 | xrt 2.21.0 | host docker-runner-aed82ed20e68 | device NPU Krackan 1 | pmode default,iron/applications/llama_3.2_1b/test.py::test_llama_3_2_1b_accuracy,iter4,1/1,no,,,,,,,,,,,0.013439,0.013439,0.013439,0.013439,0.0,0.013988,0.013988,0.013988,0.013988,0.0,0.0,0.0,0.0,0.0,0.0,,,,,
1c1f8e3a544b0bc080e14fb6f6c644d43c0764e3,2026-10-08 02:33:50,commit 1c1f8e3a54 | peano 22.0.0+0006955e | mlir_aie 1.4.4 | kernels 3f815aa696b3 | runtime CachedXRTRuntime | xdna 2.21.0_20260625 | xrt 2.21.0 | host docker-runner-aed82ed20e68 | device NPU Krackan 1 | pmode default,iron/applications/llama_3.2_1b/test.py::test_llama_3_2_1b_determinism,iter4,1/1,no,,,,,,,,,,,,,,,,,,,,,,,,,,0.0,0.0,0.0,0.0,0.0
aae6262bc80636d75d9829ff106037225191e8b7,2026-10-10 07:31:48,commit aae6262bc8 | peano 22.0.0+0006955e | mlir_aie 1.4.4 | kernels 3f815aa696b3 | runtime CachedXRTRuntime | xdna 2.21.0_20260625 | xrt 2.21.0 | host docker-runner-9b4d8ff31bd8 | device NPU Krackan 1 | pmode default,iron/applications/llama_3.2_1b/test.py::test_llama_3_2_1b_accuracy,iter4,1/1,no,,,,,,,,,,,0.013439,0.013439,0.013439,0.013439,0.0,0.013988,0.013988,0.013988,0.013988,0.0,0.0,0.0,0.0,0.0,0.0,,,,,
aae6262bc80636d75d9829ff106037225191e8b7,2026-10-10 07:31:48,commit aae6262bc8 | peano 22.0.0+0006955e | mlir_aie 1.4.4 | kernels 3f815aa696b3 | runtime CachedXRTRuntime | xdna 2.21.0_20260625 | xrt 2.21.0 | host docker-runner-9b4d8ff31bd8 | device NPU Krackan 1 | pmode default,iron/applications/llama_3.2_1b/test.py::test_llama_3_2_1b_determinism,iter4,1/1,no,,,,,,,,,,,,,,,,,,,,,,,,,,0.0,0.0,0.0,0.0,0.0
7e6b95b65dcb69d511057cd3d8b565db1e1227e6,2026-04-27 20:45:12,n/a,n/a,llama_3.2_1b_prompt_1024_tokens_1,5/5,n/a,2.1418,2.146,2.129,2.152,0.009808159868191448,,,,,,n/a,n/a,n/a,n/a,n/a,n/a,n/a,n/a,n/a,n/a,n/a,n/a,n/a,n/a,n/a,n/a,n/a,n/a,n/a,n/a
5503a9566e74d9b7c3221a857d903c0e3b1b7a98,2026-05-11 23:56:25,n/a,iron/applications/llama_3.2_1b/test.py::test_llama_3_2_1b,llama_3.2_1b_prompt_1024_tokens_1,5/5,n/a,2.1282,2.133,2.106,2.152,0.019702791680368672,,,,,,n/a,n/a,n/a,n/a,n/a,n/a,n/a,n/a,n/a,n/a,n/a,n/a,n/a,n/a,n/a,n/a,n/a,n/a,n/a,n/a
4d4b803c99fe896d0f08aba5dcc86a8f319c18a5,2026-06-22 18:03:47,n/a,iron/applications/llama_3.2_1b/test.py::test_llama_3_2_1b,llama_3.2_1b_prompt_1024_tokens_1,5/5,n/a,2.1231999999999998,2.129,2.105,2.146,0.017866169147301793,,,,,,n/a,n/a,n/a,n/a,n/a,n/a,n/a,n/a,n/a,n/a,n/a,n/a,n/a,n/a,n/a,n/a,n/a,n/a,n/a,n/a
4bb8427f20b07f0c721e4ded9a63cc4857cb9b9f,2026-06-23 23:17:12,n/a,iron/applications/llama_3.2_1b/test.py::test_llama_3_2_1b,llama_3.2_1b_prompt_1024_tokens_1,5/5,n/a,2.1256,2.122,2.096,2.16,0.023638950907347824,,,,,,n/a,n/a,n/a,n/a,n/a,n/a,n/a,n/a,n/a,n/a,n/a,n/a,n/a,n/a,n/a,n/a,n/a,n/a,n/a,n/a
9c70ba8f8350e4f79d6043dff79e4011aa12b10f,2026-06-29 17:01:32,n/a,iron/applications/llama_3.2_1b/test.py::test_llama_3_2_1b,llama_3.2_1b_prompt_1024_tokens_1,5/5,n/a,2.1208,2.123,2.096,2.145,0.0199924985932224,,,,,,n/a,n/a,n/a,n/a,n/a,n/a,n/a,n/a,n/a,n/a,n/a,n/a,n/a,n/a,n/a,n/a,n/a,n/a,n/a,n/a
573678d204157ebf7421204a5b83e16b2ecbc07e,2026-06-29 18:14:41,n/a,iron/applications/llama_3.2_1b/test.py::test_llama_3_2_1b,llama_3.2_1b_prompt_1024_tokens_1,5/5,n/a,2.1168,2.111,2.104,2.138,0.014096098751072835,,,,,,n/a,n/a,n/a,n/a,n/a,n/a,n/a,n/a,n/a,n/a,n/a,n/a,n/a,n/a,n/a,n/a,n/a,n/a,n/a,n/a
95476293949becf9a4579f8e13c98c5f10b87333,2026-07-06 22:52:32,n/a,iron/applications/llama_3.2_1b/test.py::test_llama_3_2_1b,llama_3.2_1b_prompt_1024_tokens_1,5/5,n/a,2.1722,2.099,1.997,2.623,0.2590698747442474,,,,,,n/a,n/a,n/a,n/a,n/a,n/a,n/a,n/a,n/a,n/a,n/a,n/a,n/a,n/a,n/a,n/a,n/a,n/a,n/a,n/a
2dd32afdd707b0bcc203d907f079012fcef7e398,2026-07-09 03:46:02,n/a,iron/applications/llama_3.2_1b/test.py::test_llama_3_2_1b,llama_3.2_1b_prompt_1024_tokens_1,5/5,n/a,2.1202,2.12,2.1,2.141,0.014771594362153303,,,,,,n/a,n/a,n/a,n/a,n/a,n/a,n/a,n/a,n/a,n/a,n/a,n/a,n/a,n/a,n/a,n/a,n/a,n/a,n/a,n/a
f2ce7b0b7f9832bc41fa9c5c259f5b48e1860c92,2026-07-09 19:10:10,n/a,iron/applications/llama_3.2_1b/test.py::test_llama_3_2_1b,llama_3.2_1b_prompt_1024_tokens_1,5/5,n/a,2.1326,2.133,2.117,2.15,0.015109599597606823,,,,,,n/a,n/a,n/a,n/a,n/a,n/a,n/a,n/a,n/a,n/a,n/a,n/a,n/a,n/a,n/a,n/a,n/a,n/a,n/a,n/a
c9bc0365f2d406dacfe18c8bf99a3f22773763ef,2026-07-09 21:58:26,n/a,iron/applications/llama_3.2_1b/test.py::test_llama_3_2_1b,llama_3.2_1b_prompt_1024_tokens_1,5/5,n/a,2.1266,2.131,2.113,2.138,0.01026157882589217,,,,,,n/a,n/a,n/a,n/a,n/a,n/a,n/a,n/a,n/a,n/a,n/a,n/a,n/a,n/a,n/a,n/a,n/a,n/a,n/a,n/a
17769b86a9a7dc68fb04ec6636a233b2adb4d543,2026-07-09 22:38:40,n/a,iron/applications/llama_3.2_1b/test.py::test_llama_3_2_1b,llama_3.2_1b_prompt_1024_tokens_1,5/5,n/a,2.1232,2.124,2.109,2.14,0.011344602240713488,,,,,,n/a,n/a,n/a,n/a,n/a,n/a,n/a,n/a,n/a,n/a,n/a,n/a,n/a,n/a,n/a,n/a,n/a,n/a,n/a,n/a
1f9e5a9e242a43b3458044cacbb7d66fe4084108,2026-07-13 18:05:37,n/a,iron/applications/llama_3.2_1b/test.py::test_llama_3_2_1b,llama_3.2_1b_prompt_1024_tokens_1,5/5,n/a,2.121,2.115,2.101,2.144,0.017564168070250276,,,,,,n/a,n/a,n/a,n/a,n/a,n/a,n/a,n/a,n/a,n/a,n/a,n/a,n/a,n/a,n/a,n/a,n/a,n/a,n/a,n/a
e216c2fb6902d374b508fef6b3f41e0ba4936257,2026-07-13 21:54:52,n/a,iron/applications/llama_3.2_1b/test.py::test_llama_3_2_1b,llama_3.2_1b_prompt_1024_tokens_1,5/5,n/a,2.1238,2.123,2.107,2.134,0.010663020210052969,,,,,,n/a,n/a,n/a,n/a,n/a,n/a,n/a,n/a,n/a,n/a,n/a,n/a,n/a,n/a,n/a,n/a,n/a,n/a,n/a,n/a
8bdb3ed538cc84bd181a5d4e09f87b173197e844,2026-07-23 22:07:50,n/a,iron/applications/llama_3.2_1b/test.py::test_llama_3_2_1b,llama_3.2_1b_prompt_1024_tokens_1,5/5,n/a,2.1326,2.132,2.125,2.141,0.006503845016603623,,,,,,n/a,n/a,n/a,n/a,n/a,n/a,n/a,n/a,n/a,n/a,n/a,n/a,n/a,n/a,n/a,n/a,n/a,n/a,n/a,n/a
2fadedaae4558cd201075ac68580c42c30dd6e77,2026-07-24 02:56:27,n/a,iron/applications/llama_3.2_1b/test.py::test_llama_3_2_1b,llama_3.2_1b_prompt_1024_tokens_1,5/5,n/a,2.0926,2.089,2.083,2.104,0.008619744775803989,,,,,,n/a,n/a,n/a,n/a,n/a,n/a,n/a,n/a,n/a,n/a,n/a,n/a,n/a,n/a,n/a,n/a,n/a,n/a,n/a,n/a
2bc7f53e92f1253c63bf9de7bf5a7a7a9dc2cecd,2026-07-24 15:10:50,n/a,iron/applications/llama_3.2_1b/test.py::test_llama_3_2_1b,llama_3.2_1b_prompt_1024_tokens_1,5/5,n/a,2.0908,2.093,2.07,2.108,0.01617714437099459,,,,,,n/a,n/a,n/a,n/a,n/a,n/a,n/a,n/a,n/a,n/a,n/a,n/a,n/a,n/a,n/a,n/a,n/a,n/a,n/a,n/a
dac2841bead4e693b6102a5e3a3d6e5bfe5a2d56,2026-07-24 21:16:08,n/a,iron/applications/llama_3.2_1b/test.py::test_llama_3_2_1b,llama_3.2_1b_prompt_1024_tokens_1,5/5,n/a,2.1004,2.103,2.074,2.127,0.019021040980976806,,,,,,n/a,n/a,n/a,n/a,n/a,n/a,n/a,n/a,n/a,n/a,n/a,n/a,n/a,n/a,n/a,n/a,n/a,n/a,n/a,n/a
826c238e19c5eef5633b70378f5141bfb1b8f06e,2026-07-28 16:23:27,n/a,iron/applications/llama_3.2_1b/test.py::test_llama_3_2_1b,llama_3.2_1b_prompt_1024_tokens_1,5/5,n/a,2.0908,2.092,2.071,2.103,0.013461054936371106,,,,,,n/a,n/a,n/a,n/a,n/a,n/a,n/a,n/a,n/a,n/a,n/a,n/a,n/a,n/a,n/a,n/a,n/a,n/a,n/a,n/a
ece908d13b44782f959bd2178ca40c1160ddfadc,2026-07-31 18:21:13,n/a,iron/applications/llama_3.2_1b/test.py::test_llama_3_2_1b,llama_3.2_1b_prompt_1024_tokens_1,5/5,n/a,2.0842,2.083,2.07,2.096,0.01130044246921344,,,,,,n/a,n/a,n/a,n/a,n/a,n/a,n/a,n/a,n/a,n/a,n/a,n/a,n/a,n/a,n/a,n/a,n/a,n/a,n/a,n/a
2df13d51af1a5618cfc7cea2b231cf94477280be,2026-07-31 22:17:15,n/a,iron/applications/llama_3.2_1b/test.py::test_llama_3_2_1b,llama_3.2_1b_prompt_1024_tokens_1,5/5,n/a,2.1315999999999997,2.122,2.114,2.158,0.020899760764181027,,,,,,n/a,n/a,n/a,n/a,n/a,n/a,n/a,n/a,n/a,n/a,n/a,n/a,n/a,n/a,n/a,n/a,n/a,n/a,n/a,n/a
c42605df3bf5fa808e25d47acfacc674fd4989e3,2026-07-31 23:14:59,n/a,iron/applications/llama_3.2_1b/test.py::test_llama_3_2_1b,llama_3.2_1b_prompt_1024_tokens_1,5/5,n/a,2.1378,2.141,2.107,2.158,0.02164948036327886,,,,,,n/a,n/a,n/a,n/a,n/a,n/a,n/a,n/a,n/a,n/a,n/a,n/a,n/a,n/a,n/a,n/a,n/a,n/a,n/a,n/a
8f90c4342be1dfd9ef95ddfabaefec225d19b9c2,2026-08-01 01:55:33,n/a,iron/applications/llama_3.2_1b/test.py::test_llama_3_2_1b,llama_3.2_1b_prompt_1024_tokens_1,5/5,n/a,2.1304,2.127,2.118,2.153,0.014117365193264664,,,,,,n/a,n/a,n/a,n/a,n/a,n/a,n/a,n/a,n/a,n/a,n/a,n/a,n/a,n/a,n/a,n/a,n/a,n/a,n/a,n/a
cdc48e93fd2c8776105780790c46ba4bca1bc40e,2026-08-03 16:32:13,n/a,iron/applications/llama_3.2_1b/test.py::test_llama_3_2_1b,llama_3.2_1b_prompt_1024_tokens_1,5/5,n/a,2.0538,2.057,2.026,2.075,0.017767948671695472,,,,,,n/a,n/a,n/a,n/a,n/a,n/a,n/a,n/a,n/a,n/a,n/a,n/a,n/a,n/a,n/a,n/a,n/a,n/a,n/a,n/a
ee933b19f8c5c2fe130f1a88c8a632ff599b7361,2026-08-24 22:39:36,n/a,iron/applications/llama_3.2_1b/test.py::test_llama_3_2_1b,llama_3.2_1b_prompt_1024_tokens_1,5/5,n/a,2.063,2.064,2.046,2.072,0.010099504938362164,,,,,,n/a,n/a,n/a,n/a,n/a,n/a,n/a,n/a,n/a,n/a,n/a,n/a,n/a,n/a,n/a,n/a,n/a,n/a,n/a,n/a
aab8083822521ab13cfafc696fe281680f818b78,2026-08-25 22:30:36,n/a,iron/applications/llama_3.2_1b/test.py::test_llama_3_2_1b,llama_3.2_1b_prompt_1024_tokens_1,5/5,n/a,2.0646,2.058,2.053,2.082,0.01386722755275905,,,,,,n/a,n/a,n/a,n/a,n/a,n/a,n/a,n/a,n/a,n/a,n/a,n/a,n/a,n/a,n/a,n/a,n/a,n/a,n/a,n/a
8982f0cf1df89c0639f7b4f65dfdf9c92a26eb2e,2026-08-28 19:32:02,n/a,iron/applications/llama_3.2_1b/test.py::test_llama_3_2_1b,llama_3.2_1b_prompt_1024_tokens_1,5/5,n/a,2.0682,2.07,2.059,2.075,0.0069785385289470765,,,,,,n/a,n/a,n/a,n/a,n/a,n/a,n/a,n/a,n/a,n/a,n/a,n/a,n/a,n/a,n/a,n/a,n/a,n/a,n/a,n/a
480e1e0928d15302e781b88602b5b1b30ce263de,2026-08-28 22:10:31,n/a,iron/applications/llama_3.2_1b/test.py::test_llama_3_2_1b,llama_3.2_1b_prompt_1024_tokens_1,5/5,n/a,2.0714,2.075,2.05,2.086,0.013296616110875783,,,,,,n/a,n/a,n/a,n/a,n/a,n/a,n/a,n/a,n/a,n/a,n/a,n/a,n/a,n/a,n/a,n/a,n/a,n/a,n/a,n/a
3ad2eb29cf830eacaec30ef1bf90a5d8fc58d6ae,2026-08-29 00:45:19,n/a,iron/applications/llama_3.2_1b/test.py::test_llama_3_2_1b,llama_3.2_1b_prompt_1024_tokens_1,5/5,n/a,2.0548,2.049,2.04,2.075,0.01580189862010269,,,,,,n/a,n/a,n/a,n/a,n/a,n/a,n/a,n/a,n/a,n/a,n/a,n/a,n/a,n/a,n/a,n/a,n/a,n/a,n/a,n/a
d9e4ec5fab71d34365befd8127f86c5a676a6ae1,2026-08-29 05:20:05,n/a,iron/applications/llama_3.2_1b/test.py::test_llama_3_2_1b,llama_3.2_1b_prompt_1024_tokens_1,5/5,n/a,2.0592,2.059,2.044,2.072,0.010281050529979916,,,,,,n/a,n/a,n/a,n/a,n/a,n/a,n/a,n/a,n/a,n/a,n/a,n/a,n/a,n/a,n/a,n/a,n/a,n/a,n/a,n/a
a279467af0bacde5d7fe3bc5ce67e762386f8aef,2026-08-31 16:15:52,n/a,iron/applications/llama_3.2_1b/test.py::test_llama_3_2_1b,llama_3.2_1b_prompt_1024_tokens_1,5/5,n/a,2.0627999999999997,2.062,2.054,2.074,0.007190271204899021,,,,,,n/a,n/a,n/a,n/a,n/a,n/a,n/a,n/a,n/a,n/a,n/a,n/a,n/a,n/a,n/a,n/a,n/a,n/a,n/a,n/a
0d9ebcdd72f5eb85858ddfb0060cf463bedccf02,2026-09-02 20:49:52,n/a,iron/applications/llama_3.2_1b/test.py::test_llama_3_2_1b,llama_3.2_1b_prompt_1024_tokens_1,5/5,n/a,2.0602,2.058,2.05,2.073,0.008983317872590296,,,,,,n/a,n/a,n/a,n/a,n/a,n/a,n/a,n/a,n/a,n/a,n/a,n/a,n/a,n/a,n/a,n/a,n/a,n/a,n/a,n/a
d3a2d456dc436da9898e889f9893b0cf2f6094cf,2026-09-03 16:04:33,n/a,iron/applications/llama_3.2_1b/test.py::test_llama_3_2_1b,llama_3.2_1b_prompt_1024_tokens_1,5/5,n/a,2.0432,2.07,1.959,2.073,0.04880266386171963,,,,,,n/a,n/a,n/a,n/a,n/a,n/a,n/a,n/a,n/a,n/a,n/a,n/a,n/a,n/a,n/a,n/a,n/a,n/a,n/a,n/a
deb6e1e7cd1e3aefcf7530108a4647a1d967ce18,2026-09-03 22:57:17,n/a,iron/applications/llama_3.2_1b/test.py::test_llama_3_2_1b,llama_3.2_1b_prompt_1024_tokens_1,5/5,n/a,2.0652,2.067,2.048,2.086,0.015221695043588243,,,,,,n/a,n/a,n/a,n/a,n/a,n/a,n/a,n/a,n/a,n/a,n/a,n/a,n/a,n/a,n/a,n/a,n/a,n/a,n/a,n/a
b091dbd67cde3034a2c666982d742a85c454a639,2026-09-09 01:01:33,n/a,iron/applications/llama_3.2_1b/test.py::test_llama_3_2_1b,llama_3.2_1b_prompt_1024_tokens_1,5/5,n/a,2.0638,2.062,2.043,2.079,0.014202112518917771,,,,,,n/a,n/a,n/a,n/a,n/a,n/a,n/a,n/a,n/a,n/a,n/a,n/a,n/a,n/a,n/a,n/a,n/a,n/a,n/a,n/a
72002fbf3238fd5fb011a5dc4b3dd5feca4af41e,2026-09-09 02:03:24,n/a,iron/applications/llama_3.2_1b/test.py::test_llama_3_2_1b,llama_3.2_1b_prompt_1024_tokens_1,5/5,n/a,2.0592,2.057,2.037,2.087,0.01844451137872736,,,,,,n/a,n/a,n/a,n/a,n/a,n/a,n/a,n/a,n/a,n/a,n/a,n/a,n/a,n/a,n/a,n/a,n/a,n/a,n/a,n/a
7b5542754a9faee03229776cdbb9f4b215742c72,2026-09-11 19:24:52,n/a,iron/applications/llama_3.2_1b/test.py::test_llama_3_2_1b,llama_3.2_1b_prompt_1024_tokens_1,5/5,n/a,2.0585999999999998,2.057,2.043,2.074,0.015043270920913343,,,,,,n/a,n/a,n/a,n/a,n/a,n/a,n/a,n/a,n/a,n/a,n/a,n/a,n/a,n/a,n/a,n/a,n/a,n/a,n/a,n/a
b2eb0906a5bdee54975caa19433aaee44ec11aae,2026-09-11 23:17:22,n/a,iron/applications/llama_3.2_1b/test.py::test_llama_3_2_1b,llama_3.2_1b_prompt_1024_tokens_1,5/5,n/a,2.0654,2.062,2.037,2.086,0.019957454747537347,,,,,,n/a,n/a,n/a,n/a,n/a,n/a,n/a,n/a,n/a,n/a,n/a,n/a,n/a,n/a,n/a,n/a,n/a,n/a,n/a,n/a
7fa2bc13c141b32b2e2bbf7149731030e3fa1916,2026-09-12 00:10:31,n/a,iron/applications/llama_3.2_1b/test.py::test_llama_3_2_1b,llama_3.2_1b_prompt_1024_tokens_1,5/5,n/a,2.0538,2.052,2.045,2.066,0.009471008394041226,,,,,,n/a,n/a,n/a,n/a,n/a,n/a,n/a,n/a,n/a,n/a,n/a,n/a,n/a,n/a,n/a,n/a,n/a,n/a,n/a,n/a
8354a4cab799ca684f8d2fd6db7716323ca44a76,2026-09-12 01:23:59,n/a,iron/applications/llama_3.2_1b/test.py::test_llama_3_2_1b,llama_3.2_1b_prompt_1024_tokens_1,5/5,n/a,2.0752,2.075,2.056,2.096,0.014686728703152404,,,,,,n/a,n/a,n/a,n/a,n/a,n/a,n/a,n/a,n/a,n/a,n/a,n/a,n/a,n/a,n/a,n/a,n/a,n/a,n/a,n/a
abd8bb14c4f9cd348b94c068d748bd6f0880074d,2026-09-12 02:40:58,n/a,iron/applications/llama_3.2_1b/test.py::test_llama_3_2_1b,llama_3.2_1b_prompt_1024_tokens_1,5/5,n/a,2.064,2.066,2.04,2.08,0.015937377450509254,,,,,,n/a,n/a,n/a,n/a,n/a,n/a,n/a,n/a,n/a,n/a,n/a,n/a,n/a,n/a,n/a,n/a,n/a,n/a,n/a,n/a
cd5840c9835387ea1406bbbfe133c9fc0f8052b5,2026-09-12 03:25:42,n/a,iron/applications/llama_3.2_1b/test.py::test_llama_3_2_1b,llama_3.2_1b_prompt_1024_tokens_1,5/5,n/a,2.0616,2.064,2.036,2.076,0.015126136320951243,,,,,,n/a,n/a,n/a,n/a,n/a,n/a,n/a,n/a,n/a,n/a,n/a,n/a,n/a,n/a,n/a,n/a,n/a,n/a,n/a,n/a
2191fe0741e6b6c2b5efe245a33fba5afa6b717a,2026-09-14 21:15:13,n/a,iron/applications/llama_3.2_1b/test.py::test_llama_3_2_1b,llama_3.2_1b_prompt_1024_tokens_1,5/5,n/a,2.0756,2.075,2.064,2.085,0.009016651263079892,,,,,,n/a,n/a,n/a,n/a,n/a,n/a,n/a,n/a,n/a,n/a,n/a,n/a,n/a,n/a,n/a,n/a,n/a,n/a,n/a,n/a
1fd3dab6a1aadf41efc721a4cafab437a0a3ebbb,2026-09-16 21:46:27,n/a,iron/applications/llama_3.2_1b/test.py::test_llama_3_2_1b,llama_3.2_1b_prompt_1024_tokens_1,5/5,n/a,2.0718,2.075,2.06,2.078,0.0070498226928058065,,,,,,n/a,n/a,n/a,n/a,n/a,n/a,n/a,n/a,n/a,n/a,n/a,n/a,n/a,n/a,n/a,n/a,n/a,n/a,n/a,n/a
191b7bc5aa05c57a83253c491ab06ec369d96e8b,2026-09-17 21:28:16,n/a,iron/applications/llama_3.2_1b/test.py::test_llama_3_2_1b,llama_3.2_1b_prompt_1024_tokens_1,5/5,n/a,2.0698,2.07,2.056,2.093,0.014771594362153341,,,,,,n/a,n/a,n/a,n/a,n/a,n/a,n/a,n/a,n/a,n/a,n/a,n/a,n/a,n/a,n/a,n/a,n/a,n/a,n/a,n/a
3873943a88057a526f40bcad7dc9371b37696a12,2026-09-17 23:05:23,n/a,iron/applications/llama_3.2_1b/test.py::test_llama_3_2_1b,llama_3.2_1b_prompt_1024_tokens_1,5/5,n/a,2.0708,2.074,2.047,2.085,0.015498387012847465,,,,,,n/a,n/a,n/a,n/a,n/a,n/a,n/a,n/a,n/a,n/a,n/a,n/a,n/a,n/a,n/a,n/a,n/a,n/a,n/a,n/a
0c0eaee3be2dbf3bfc92d26c83e258c3a91c80ce,2026-09-18 00:00:30,n/a,iron/applications/llama_3.2_1b/test.py::test_llama_3_2_1b,llama_3.2_1b_prompt_1024_tokens_1,5/5,n/a,2.0818,2.079,2.076,2.095,0.007596051605933253,,,,,,n/a,n/a,n/a,n/a,n/a,n/a,n/a,n/a,n/a,n/a,n/a,n/a,n/a,n/a,n/a,n/a,n/a,n/a,n/a,n/a
27cf75d7c582f03a5d1f2e2c4f18736d27a39484,2026-09-18 15:30:58,n/a,iron/applications/llama_3.2_1b/test.py::test_llama_3_2_1b,llama_3.2_1b_prompt_1024_tokens_1,5/5,n/a,2.0604,2.062,2.03,2.076,0.018229097618916935,,,,,,n/a,n/a,n/a,n/a,n/a,n/a,n/a,n/a,n/a,n/a,n/a,n/a,n/a,n/a,n/a,n/a,n/a,n/a,n/a,n/a
d603ab9fd2ec40765de8bd04720f658c9356d301,2026-09-18 19:40:24,n/a,iron/applications/llama_3.2_1b/test.py::test_llama_3_2_1b,llama_3.2_1b_prompt_1024_tokens_1,5/5,n/a,2.0602,2.058,2.051,2.076,0.009757048734120394,,,,,,n/a,n/a,n/a,n/a,n/a,n/a,n/a,n/a,n/a,n/a,n/a,n/a,n/a,n/a,n/a,n/a,n/a,n/a,n/a,n/a
5320ada106824566fc543be6795fd8473309aa8a,2026-09-18 21:00:25,n/a,iron/applications/llama_3.2_1b/test.py::test_llama_3_2_1b,llama_3.2_1b_prompt_1024_tokens_1,5/5,n/a,2.05,2.05,2.021,2.072,0.018934096228761542,,,,,,n/a,n/a,n/a,n/a,n/a,n/a,n/a,n/a,n/a,n/a,n/a,n/a,n/a,n/a,n/a,n/a,n/a,n/a,n/a,n/a
2e6839dc8471dd927c6cc4e82e4cec2d1cfe6986,2026-09-18 22:33:17,n/a,iron/applications/llama_3.2_1b/test.py::test_llama_3_2_1b,llama_3.2_1b_prompt_1024_tokens_1,5/5,n/a,2.0682,2.06,2.057,2.093,0.015287249589118394,,,,,,n/a,n/a,n/a,n/a,n/a,n/a,n/a,n/a,n/a,n/a,n/a,n/a,n/a,n/a,n/a,n/a,n/a,n/a,n/a,n/a
7b8fba7b577d06e8e9c277d426f2febf9d90218b,2026-09-18 23:59:19,n/a,iron/applications/llama_3.2_1b/test.py::test_llama_3_2_1b,llama_3.2_1b_prompt_1024_tokens_1,5/5,n/a,2.0652,2.066,2.048,2.081,0.013845576911057148,,,,,,n/a,n/a,n/a,n/a,n/a,n/a,n/a,n/a,n/a,n/a,n/a,n/a,n/a,n/a,n/a,n/a,n/a,n/a,n/a,n/a
3c46008581afba09150e5e1adfacf14e74235629,2026-09-24 23:13:03,n/a,iron/applications/llama_3.2_1b/test.py::test_llama_3_2_1b,llama_3.2_1b_prompt_1024_tokens_1,5/5,n/a,2.0964,2.097,2.083,2.107,0.00915423399307662,,,,,,n/a,n/a,n/a,n/a,n/a,n/a,n/a,n/a,n/a,n/a,n/a,n/a,n/a,n/a,n/a,n/a,n/a,n/a,n/a,n/a
16c4ae48bf7ddd37912ac654df9b1e86d349fc10,2026-09-25 01:01:38,n/a,iron/applications/llama_3.2_1b/test.py::test_llama_3_2_1b,llama_3.2_1b_prompt_1024_tokens_1,5/5,n/a,2.0882,2.085,2.064,2.112,0.019408760908414587,,,,,,n/a,n/a,n/a,n/a,n/a,n/a,n/a,n/a,n/a,n/a,n/a,n/a,n/a,n/a,n/a,n/a,n/a,n/a,n/a,n/a
ff0792da4e7e81ab4447563e1ef9009ace719704,2026-09-25 02:54:56,n/a,iron/applications/llama_3.2_1b/test.py::test_llama_3_2_1b,llama_3.2_1b_prompt_1024_tokens_1,5/5,n/a,2.0984000000000003,2.103,2.08,2.109,0.012300406497347961,,,,,,n/a,n/a,n/a,n/a,n/a,n/a,n/a,n/a,n/a,n/a,n/a,n/a,n/a,n/a,n/a,n/a,n/a,n/a,n/a,n/a
d210f200c6a190aa43cad7fb7e108687b2cd7376,2026-09-29 01:09:29,n/a,iron/applications/llama_3.2_1b/test.py::test_llama_3_2_1b,llama_3.2_1b_prompt_1024_tokens_1,5/5,n/a,2.0956,2.096,2.075,2.11,0.0143979165159407,,,,,,n/a,n/a,n/a,n/a,n/a,n/a,n/a,n/a,n/a,n/a,n/a,n/a,n/a,n/a,n/a,n/a,n/a,n/a,n/a,n/a
ba923dbb1e2f2df0f611c999bbd05bffc045cb2e,2026-09-29 03:58:44,n/a,iron/applications/llama_3.2_1b/test.py::test_llama_3_2_1b,llama_3.2_1b_prompt_1024_tokens_1,5/5,yes,2.0909999999999997,2.089,2.066,2.122,0.021999999999999978,,,,,,n/a,n/a,n/a,n/a,n/a,n/a,n/a,n/a,n/a,n/a,n/a,n/a,n/a,n/a,n/a,n/a,n/a,n/a,n/a,n/a
821244f42b310daab66474e591120972d6b547eb,2026-09-29 19:46:42,commit 821244f42b | peano 22.0.0+773413fb | mlir_aie 1.4.4.dev53+gd53582d | kernels b07d1f67713f | device NPU Krackan 1 | pmode default,iron/applications/llama_3.2_1b/test.py::test_llama_3_2_1b,llama_3.2_1b_prompt_1024_tokens_1,5/5,yes,2.0478,2.047,2.039,2.055,0.006140032573203512,,,,,,,,,,,,,,,,,,,,,,,,,
19f26ebecfff95d0f62dfb309fddf4796936fb5c,2026-10-01 18:21:03,commit 19f26ebecf | peano 22.0.0+773413fb | mlir_aie 1.4.4.dev53+gd53582d | kernels b07d1f67713f | device NPU Krackan 1 | pmode default,iron/applications/llama_3.2_1b/test.py::test_llama_3_2_1b,llama_3.2_1b_prompt_1024_tokens_1,5/5,yes,2.0518,2.054,2.035,2.059,0.00973139250056222,,,,,,,,,,,,,,,,,,,,,,,,,
3fc9a6084f934108c5c4982eb6ea39a6fcc55b67,2026-10-01 23:16:26,commit 3fc9a6084f | peano 22.0.0+773413fb | mlir_aie 1.4.4.dev53+gd53582d | kernels b07d1f67713f | device NPU Krackan 1 | pmode default,iron/applications/llama_3.2_1b/test.py::test_llama_3_2_1b,llama_3.2_1b_prompt_1024_tokens_1,5/5,yes,2.0662,2.08,2.013,2.098,0.034859718874368464,,,,,,,,,,,,,,,,,,,,,,,,,
bc6bed5614c930bb5b50c1d363d63664150b18c9,2026-10-03 01:26:49,commit bc6bed5614 | peano 22.0.0+0006955e | mlir_aie 1.4.4.dev73+g18ca6c1 | kernels 5726d482c21a | runtime CachedXRTRuntime | xdna 2.21.0_20260625 | xrt 2.21.0 | host docker-runner-aa767ab16b62 | device NPU Krackan 1 | pmode default,iron/applications/llama_3.2_1b/test.py::test_llama_3_2_1b,llama_3.2_1b_prompt_1024_tokens_1,5/5,yes,2.0492,2.046,2.034,2.07,0.013179529581893293,,,,,,,,,,,,,,,,,,,,,,,,,
d113fdf5634d78ab2b6347de2ef0731aa62e3aaf,2026-10-03 06:21:37,commit d113fdf563 | peano 22.0.0+0006955e | mlir_aie 1.4.4.dev73+g18ca6c1 | kernels 5726d482c21a | runtime CachedXRTRuntime | xdna 2.21.0_20260625 | xrt 2.21.0 | host docker-runner-a51e7da05fd6 | device NPU Krackan 1 | pmode default,iron/applications/llama_3.2_1b/test.py::test_llama_3_2_1b,llama_3.2_1b_prompt_1024_tokens_1,5/5,yes,2.0608,2.052,2.041,2.081,0.01845806056984324,,,,,,,,,,,,,,,,,,,,,,,,,
416c53de436a8336898b5be313cb6d3100ba3795,2026-10-03 08:10:12,commit 416c53de43 | peano 22.0.0+0006955e | mlir_aie 1.4.4.dev73+g18ca6c1 | kernels 5726d482c21a | runtime CachedXRTRuntime | xdna 2.21.0_20260625 | xrt 2.21.0 | host docker-runner-9758eecbd37f | device NPU Krackan 1 | pmode default,iron/applications/llama_3.2_1b/test.py::test_llama_3_2_1b,llama_3.2_1b_prompt_1024_tokens_1,5/5,yes,2.0562,2.058,2.032,2.074,0.015466091943344928,,,,,,,,,,,,,,,,,,,,,,,,,
c46c18b5036cadfead94fda952d57fb6e4b7703e,2026-10-03 19:08:54,commit c46c18b503 | peano 22.0.0+0006955e | mlir_aie 1.4.4.dev73+g18ca6c1 | kernels 5726d482c21a | runtime CachedXRTRuntime | xdna 2.21.0_20260625 | xrt 2.21.0 | host docker-runner-4b8f0b048bfe | device NPU Krackan 1 | pmode default,iron/applications/llama_3.2_1b/test.py::test_llama_3_2_1b,llama_3.2_1b_prompt_1024_tokens_1,5/5,yes,2.0528,2.051,2.041,2.069,0.010109401564880077,,,,,,,,,,,,,,,,,,,,,,,,,
ef4eaefae3b7d4ac5c40a6971c96a3f9c0a492e8,2026-10-03 21:23:00,commit ef4eaefae3 | peano 22.0.0+0006955e | mlir_aie 1.4.4.dev73+g18ca6c1 | kernels 5726d482c21a | runtime CachedXRTRuntime | xdna 2.21.0_20260625 | xrt 2.21.0 | host docker-runner-d58bb0968eeb | device NPU Krackan 1 | pmode default,iron/applications/llama_3.2_1b/test.py::test_llama_3_2_1b,llama_3.2_1b_prompt_1024_tokens_1,5/5,yes,2.0538,2.054,2.032,2.074,0.014872793954062505,,,,,,,,,,,,,,,,,,,,,,,,,
b73e3f8bb6cdcd6e15cc8ad70e6845dc4807ceec,2026-10-03 23:13:18,commit b73e3f8bb6 | peano 22.0.0+0006955e | mlir_aie 1.4.4.dev73+g18ca6c1 | kernels 5726d482c21a | runtime CachedXRTRuntime | xdna 2.21.0_20260625 | xrt 2.21.0 | host docker-runner-5d71ce1b6e30 | device NPU Krackan 1 | pmode default,iron/applications/llama_3.2_1b/test.py::test_llama_3_2_1b,llama_3.2_1b_prompt_1024_tokens_1,5/5,yes,2.0494,2.048,2.042,2.058,0.006542170893518426,,,,,,,,,,,,,,,,,,,,,,,,,
79c04e6e05d3d74fa72f6036238edff157dcd94b,2026-10-04 17:58:18,commit 79c04e6e05 | peano 22.0.0+0006955e | mlir_aie 1.4.4.dev73+g18ca6c1 | kernels 5726d482c21a | runtime CachedXRTRuntime | xdna 2.21.0_20260625 | xrt 2.21.0 | host docker-runner-df55d4e7468d | device NPU Krackan 1 | pmode default,iron/applications/llama_3.2_1b/test.py::test_llama_3_2_1b,llama_3.2_1b_prompt_1024_tokens_1,5/5,yes,2.0585999999999998,2.053,2.049,2.078,0.012461942063739484,,,,,,,,,,,,,,,,,,,,,,,,,
1c1f8e3a544b0bc080e14fb6f6c644d43c0764e3,2026-10-08 02:33:50,commit 1c1f8e3a54 | peano 22.0.0+0006955e | mlir_aie 1.4.4 | kernels 3f815aa696b3 | runtime CachedXRTRuntime | xdna 2.21.0_20260625 | xrt 2.21.0 | host docker-runner-aed82ed20e68 | device NPU Krackan 1 | pmode default,iron/applications/llama_3.2_1b/test.py::test_llama_3_2_1b,llama_3.2_1b_prompt_1024_tokens_1,5/5,yes,2.0460000000000003,2.043,2.039,2.064,0.01027131929208705,,,,,,,,,,,,,,,,,,,,,,,,,
aae6262bc80636d75d9829ff106037225191e8b7,2026-10-10 07:31:48,commit aae6262bc8 | peano 22.0.0+0006955e | mlir_aie 1.4.4 | kernels 3f815aa696b3 | runtime CachedXRTRuntime | xdna 2.21.0_20260625 | xrt 2.21.0 | host docker-runner-9b4d8ff31bd8 | device NPU Krackan 1 | pmode default,iron/applications/llama_3.2_1b/test.py::test_llama_3_2_1b,llama_3.2_1b_prompt_1024_tokens_1,5/5,yes,2.0508,2.051,2.042,2.056,0.00554075807087815,,,,,,,,,,,,,,,,,,,,,,,,,
7e6b95b65dcb69d511057cd3d8b565db1e1227e6,2026-04-27 20:45:12,n/a,n/a,llama_3.2_1b_prompt_1024_tokens_40,5/5,n/a,2.1644,2.136,2.118,2.297,0.07504198824658102,4.1618,4.166,4.138,4.176,0.014498275759551598,n/a,n/a,n/a,n/a,n/a,n/a,n/a,n/a,n/a,n/a,n/a,n/a,n/a,n/a,n/a,n/a,n/a,n/a,n/a,n/a
5503a9566e74d9b7c3221a857d903c0e3b1b7a98,2026-05-11 23:56:25,n/a,iron/applications/llama_3.2_1b/test.py::test_llama_3_2_1b,llama_3.2_1b_prompt_1024_tokens_40,5/5,n/a,2.1566,2.138,2.119,2.242,0.04893158489156057,4.1738,4.171,4.157,4.19,0.012437845472589007,n/a,n/a,n/a,n/a,n/a,n/a,n/a,n/a,n/a,n/a,n/a,n/a,n/a,n/a,n/a,n/a,n/a,n/a,n/a,n/a
4d4b803c99fe896d0f08aba5dcc86a8f319c18a5,2026-06-22 18:03:47,n/a,iron/applications/llama_3.2_1b/test.py::test_llama_3_2_1b,llama_3.2_1b_prompt_1024_tokens_40,5/5,n/a,2.1593999999999998,2.135,2.12,2.26,0.05762638284674814,4.1662,4.17,4.143,4.189,0.02237632677630546,n/a,n/a,n/a,n/a,n/a,n/a,n/a,n/a,n/a,n/a,n/a,n/a,n/a,n/a,n/a,n/a,n/a,n/a,n/a,n/a
4bb8427f20b07f0c721e4ded9a63cc4857cb9b9f,2026-06-23 23:17:12,n/a,iron/applications/llama_3.2_1b/test.py::test_llama_3_2_1b,llama_3.2_1b_prompt_1024_tokens_40,5/5,n/a,2.161,2.146,2.109,2.274,0.0654751861394834,4.1806,4.17,4.152,4.218,0.02547155275989267,n/a,n/a,n/a,n/a,n/a,n/a,n/a,n/a,n/a,n/a,n/a,n/a,n/a,n/a,n/a,n/a,n/a,n/a,n/a,n/a
9c70ba8f8350e4f79d6043dff79e4011aa12b10f,2026-06-29 17:01:32,n/a,iron/applications/llama_3.2_1b/test.py::test_llama_3_2_1b,llama_3.2_1b_prompt_1024_tokens_40,5/5,n/a,2.1536,2.131,2.114,2.264,0.06263625148426424,4.1758,4.175,4.142,4.204,0.0234563424258769,n/a,n/a,n/a,n/a,n/a,n/a,n/a,n/a,n/a,n/a,n/a,n/a,n/a,n/a,n/a,n/a,n/a,n/a,n/a,n/a
573678d204157ebf7421204a5b83e16b2ecbc07e,2026-06-29 18:14:41,n/a,iron/applications/llama_3.2_1b/test.py::test_llama_3_2_1b,llama_3.2_1b_prompt_1024_tokens_40,5/5,n/a,2.1574,2.128,2.116,2.278,0.06852590750949601,4.1738,4.175,4.155,4.196,0.01675410397484726,n/a,n/a,n/a,n/a,n/a,n/a,n/a,n/a,n/a,n/a,n/a,n/a,n/a,n/a,n/a,n/a,n/a,n/a,n/a,n/a
95476293949becf9a4579f8e13c98c5f10b87333,2026-07-06 22:52:32,n/a,iron/applications/llama_3.2_1b/test.py::test_llama_3_2_1b,llama_3.2_1b_prompt_1024_tokens_40,5/5,n/a,2.0754,2.04,1.983,2.287,0.12471687937083732,3.5484,3.471,3.315,4.008,0.27803740755517053,n/a,n/a,n/a,n/a,n/a,n/a,n/a,n/a,n/a,n/a,n/a,n/a,n/a,n/a,n/a,n/a,n/a,n/a,n/a,n/a
2dd32afdd707b0bcc203d907f079012fcef7e398,2026-07-09 03:46:02,n/a,iron/applications/llama_3.2_1b/test.py::test_llama_3_2_1b,llama_3.2_1b_prompt_1024_tokens_40,5/5,n/a,2.1506,2.134,2.113,2.243,0.05243376774560452,4.288,4.288,4.271,4.315,0.017291616465790707,n/a,n/a,n/a,n/a,n/a,n/a,n/a,n/a,n/a,n/a,n/a,n/a,n/a,n/a,n/a,n/a,n/a,n/a,n/a,n/a
f2ce7b0b7f9832bc41fa9c5c259f5b48e1860c92,2026-07-09 19:10:10,n/a,iron/applications/llama_3.2_1b/test.py::test_llama_3_2_1b,llama_3.2_1b_prompt_1024_tokens_40,5/5,n/a,2.1544,2.137,2.11,2.268,0.06519432490639036,7.4066,7.414,7.373,7.42,0.019333908037435055,n/a,n/a,n/a,n/a,n/a,n/a,n/a,n/a,n/a,n/a,n/a,n/a,n/a,n/a,n/a,n/a,n/a,n/a,n/a,n/a
c9bc0365f2d406dacfe18c8bf99a3f22773763ef,2026-07-09 21:58:26,n/a,iron/applications/llama_3.2_1b/test.py::test_llama_3_2_1b,llama_3.2_1b_prompt_1024_tokens_40,5/5,n/a,2.1534,2.133,2.113,2.248,0.05411376904263839,7.4068000000000005,7.415,7.381,7.424,0.018846750383023695,n/a,n/a,n/a,n/a,n/a,n/a,n/a,n/a,n/a,n/a,n/a,n/a,n/a,n/a,n/a,n/a,n/a,n/a,n/a,n/a
17769b86a9a7dc68fb04ec6636a233b2adb4d543,2026-07-09 22:38:40,n/a,iron/applications/llama_3.2_1b/test.py::test_llama_3_2_1b,llama_3.2_1b_prompt_1024_tokens_40,5/5,n/a,2.1574,2.13,2.116,2.277,0.06749296259611073,7.393800000000001,7.378,7.37,7.432,0.028287806560424705,n/a,n/a,n/a,n/a,n/a,n/a,n/a,n/a,n/a,n/a,n/a,n/a,n/a,n/a,n/a,n/a,n/a,n/a,n/a,n/a
1f9e5a9e242a43b3458044cacbb7d66fe4084108,2026-07-13 18:05:37,n/a,iron/applications/llama_3.2_1b/test.py::test_llama_3_2_1b,llama_3.2_1b_prompt_1024_tokens_40,5/5,n/a,2.161,2.138,2.118,2.274,0.06374950980203696,7.4168,7.411,7.373,7.474,0.03738582619121851,n/a,n/a,n/a,n/a,n/a,n/a,n/a,n/a,n/a,n/a,n/a,n/a,n/a,n/a,n/a,n/a,n/a,n/a,n/a,n/a
e216c2fb6902d374b508fef6b3f41e0ba4936257,2026-07-13 21:54:52,n/a,iron/applications/llama_3.2_1b/test.py::test_llama_3_2_1b,llama_3.2_1b_prompt_1024_tokens_40,5/5,n/a,2.1664,2.14,2.129,2.283,0.0655423527194439,7.728,7.736,7.702,7.758,0.02392697222801076,n/a,n/a,n/a,n/a,n/a,n/a,n/a,n/a,n/a,n/a,n/a,n/a,n/a,n/a,n/a,n/a,n/a,n/a,n/a,n/a
8bdb3ed538cc84bd181a5d4e09f87b173197e844,2026-07-23 22:07:50,n/a,iron/applications/llama_3.2_1b/test.py::test_llama_3_2_1b,llama_3.2_1b_prompt_1024_tokens_40,5/5,n/a,2.152,2.139,2.113,2.251,0.05717516943569119,7.7554,7.751,7.733,7.795,0.024151604501564696,n/a,n/a,n/a,n/a,n/a,n/a,n/a,n/a,n/a,n/a,n/a,n/a,n/a,n/a,n/a,n/a,n/a,n/a,n/a,n/a
2fadedaae4558cd201075ac68580c42c30dd6e77,2026-07-24 02:56:27,n/a,iron/applications/llama_3.2_1b/test.py::test_llama_3_2_1b,llama_3.2_1b_prompt_1024_tokens_40,5/5,n/a,2.1306,2.111,2.086,2.245,0.06525565109628444,7.752,7.757,7.725,7.764,0.01596871942267146,n/a,n/a,n/a,n/a,n/a,n/a,n/a,n/a,n/a,n/a,n/a,n/a,n/a,n/a,n/a,n/a,n/a,n/a,n/a,n/a
2bc7f53e92f1253c63bf9de7bf5a7a7a9dc2cecd,2026-07-24 15:10:50,n/a,iron/applications/llama_3.2_1b/test.py::test_llama_3_2_1b,llama_3.2_1b_prompt_1024_tokens_40,5/5,n/a,2.1306,2.11,2.089,2.231,0.05811454206995003,7.7854,7.801,7.736,7.816,0.031690692639953576,n/a,n/a,n/a,n/a,n/a,n/a,n/a,n/a,n/a,n/a,n/a,n/a,n/a,n/a,n/a,n/a,n/a,n/a,n/a,n/a
dac2841bead4e693b6102a5e3a3d6e5bfe5a2d56,2026-07-24 21:16:08,n/a,iron/applications/llama_3.2_1b/test.py::test_llama_3_2_1b,llama_3.2_1b_prompt_1024_tokens_40,5/5,n/a,2.12,2.095,2.084,2.228,0.06065063890842377,7.7638,7.759,7.738,7.789,0.022487774456357162,n/a,n/a,n/a,n/a,n/a,n/a,n/a,n/a,n/a,n/a,n/a,n/a,n/a,n/a,n/a,n/a,n/a,n/a,n/a,n/a
826c238e19c5eef5633b70378f5141bfb1b8f06e,2026-07-28 16:23:27,n/a,iron/applications/llama_3.2_1b/test.py::test_llama_3_2_1b,llama_3.2_1b_prompt_1024_tokens_40,5/5,n/a,2.121,2.096,2.072,2.229,0.06280923498976883,7.7536,7.736,7.697,7.863,0.06369693870195041,n/a,n/a,n/a,n/a,n/a,n/a,n/a,n/a,n/a,n/a,n/a,n/a,n/a,n/a,n/a,n/a,n/a,n/a,n/a,n/a
ece908d13b44782f959bd2178ca40c1160ddfadc,2026-07-31 18:21:13,n/a,iron/applications/llama_3.2_1b/test.py::test_llama_3_2_1b,llama_3.2_1b_prompt_1024_tokens_40,5/5,n/a,2.1218,2.109,2.082,2.207,0.049047935736379306,7.7234,7.725,7.689,7.747,0.02154762167850543,n/a,n/a,n/a,n/a,n/a,n/a,n/a,n/a,n/a,n/a,n/a,n/a,n/a,n/a,n/a,n/a,n/a,n/a,n/a,n/a
2df13d51af1a5618cfc7cea2b231cf94477280be,2026-07-31 22:17:15,n/a,iron/applications/llama_3.2_1b/test.py::test_llama_3_2_1b,llama_3.2_1b_prompt_1024_tokens_40,5/5,n/a,2.1572,2.136,2.1,2.27,0.06544998090144868,7.7288,7.732,7.717,7.743,0.010779610382569612,n/a,n/a,n/a,n/a,n/a,n/a,n/a,n/a,n/a,n/a,n/a,n/a,n/a,n/a,n/a,n/a,n/a,n/a,n/a,n/a
c42605df3bf5fa808e25d47acfacc674fd4989e3,2026-07-31 23:14:59,n/a,iron/applications/llama_3.2_1b/test.py::test_llama_3_2_1b,llama_3.2_1b_prompt_1024_tokens_40,5/5,n/a,2.1596,2.144,2.112,2.26,0.05797240722964663,7.7208,7.722,7.707,7.741,0.014060583202698122,n/a,n/a,n/a,n/a,n/a,n/a,n/a,n/a,n/a,n/a,n/a,n/a,n/a,n/a,n/a,n/a,n/a,n/a,n/a,n/a
8f90c4342be1dfd9ef95ddfabaefec225d19b9c2,2026-08-01 01:55:33,n/a,iron/applications/llama_3.2_1b/test.py::test_llama_3_2_1b,llama_3.2_1b_prompt_1024_tokens_40,5/5,n/a,2.1604,2.143,2.128,2.255,0.053463071367066045,7.743,7.746,7.719,7.767,0.01991230775173988,n/a,n/a,n/a,n/a,n/a,n/a,n/a,n/a,n/a,n/a,n/a,n/a,n/a,n/a,n/a,n/a,n/a,n/a,n/a,n/a
cdc48e93fd2c8776105780790c46ba4bca1bc40e,2026-08-03 16:32:13,n/a,iron/applications/llama_3.2_1b/test.py::test_llama_3_2_1b,llama_3.2_1b_prompt_1024_tokens_40,5/5,n/a,2.0796,2.055,2.043,2.193,0.06362232312639961,7.7356,7.725,7.699,7.787,0.03341855771872874,n/a,n/a,n/a,n/a,n/a,n/a,n/a,n/a,n/a,n/a,n/a,n/a,n/a,n/a,n/a,n/a,n/a,n/a,n/a,n/a
ee933b19f8c5c2fe130f1a88c8a632ff599b7361,2026-08-24 22:39:36,n/a,iron/applications/llama_3.2_1b/test.py::test_llama_3_2_1b,llama_3.2_1b_prompt_1024_tokens_40,5/5,n/a,2.1046,2.087,2.065,2.193,0.050762190654068534,7.7366,7.74,7.711,7.749,0.014842506526863766,n/a,n/a,n/a,n/a,n/a,n/a,n/a,n/a,n/a,n/a,n/a,n/a,n/a,n/a,n/a,n/a,n/a,n/a,n/a,n/a
aab8083822521ab13cfafc696fe281680f818b78,2026-08-25 22:30:36,n/a,iron/applications/llama_3.2_1b/test.py::test_llama_3_2_1b,llama_3.2_1b_prompt_1024_tokens_40,5/5,n/a,2.1024,2.085,2.057,2.202,0.056928024732990676,7.8148,7.822,7.777,7.852,0.035814801409473254,n/a,n/a,n/a,n/a,n/a,n/a,n/a,n/a,n/a,n/a,n/a,n/a,n/a,n/a,n/a,n/a,n/a,n/a,n/a,n/a
8982f0cf1df89c0639f7b4f65dfdf9c92a26eb2e,2026-08-28 19:32:02,n/a,iron/applications/llama_3.2_1b/test.py::test_llama_3_2_1b,llama_3.2_1b_prompt_1024_tokens_40,5/5,n/a,2.0858,2.065,2.023,2.203,0.06869643367744781,7.8198,7.818,7.812,7.833,0.00810555365166374,n/a,n/a,n/a,n/a,n/a,n/a,n/a,n/a,n/a,n/a,n/a,n/a,n/a,n/a,n/a,n/a,n/a,n/a,n/a,n/a
480e1e0928d15302e781b88602b5b1b30ce263de,2026-08-28 22:10:31,n/a,iron/applications/llama_3.2_1b/test.py::test_llama_3_2_1b,llama_3.2_1b_prompt_1024_tokens_40,5/5,n/a,2.0912,2.076,2.062,2.169,0.0439738558691412,7.8478,7.862,7.806,7.871,0.027426264783962182,n/a,n/a,n/a,n/a,n/a,n/a,n/a,n/a,n/a,n/a,n/a,n/a,n/a,n/a,n/a,n/a,n/a,n/a,n/a,n/a
3ad2eb29cf830eacaec30ef1bf90a5d8fc58d6ae,2026-08-29 00:45:19,n/a,iron/applications/llama_3.2_1b/test.py::test_llama_3_2_1b,llama_3.2_1b_prompt_1024_tokens_40,5/5,n/a,2.0798,2.061,2.04,2.17,0.05210758102234257,7.8114,7.806,7.803,7.825,0.009964938534682498,n/a,n/a,n/a,n/a,n/a,n/a,n/a,n/a,n/a,n/a,n/a,n/a,n/a,n/a,n/a,n/a,n/a,n/a,n/a,n/a
d9e4ec5fab71d34365befd8127f86c5a676a6ae1,2026-08-29 05:20:05,n/a,iron/applications/llama_3.2_1b/test.py::test_llama_3_2_1b,llama_3.2_1b_prompt_1024_tokens_40,5/5,n/a,2.0902,2.065,2.052,2.206,0.06514368733806827,7.7934,7.8,7.765,7.817,0.024151604501564852,n/a,n/a,n/a,n/a,n/a,n/a,n/a,n/a,n/a,n/a,n/a,n/a,n/a,n/a,n/a,n/a,n/a,n/a,n/a,n/a
a279467af0bacde5d7fe3bc5ce67e762386f8aef,2026-08-31 16:15:52,n/a,iron/applications/llama_3.2_1b/test.py::test_llama_3_2_1b,llama_3.2_1b_prompt_1024_tokens_40,5/5,n/a,2.102,2.083,2.059,2.21,0.06120049019411523,7.7978,7.797,7.77,7.83,0.024468346899617185,n/a,n/a,n/a,n/a,n/a,n/a,n/a,n/a,n/a,n/a,n/a,n/a,n/a,n/a,n/a,n/a,n/a,n/a,n/a,n/a
0d9ebcdd72f5eb85858ddfb0060cf463bedccf02,2026-09-02 20:49:52,n/a,iron/applications/llama_3.2_1b/test.py::test_llama_3_2_1b,llama_3.2_1b_prompt_1024_tokens_40,5/5,n/a,2.1082,2.079,2.065,2.222,0.06462739357269486,7.8248,7.811,7.801,7.856,0.026938819573247785,n/a,n/a,n/a,n/a,n/a,n/a,n/a,n/a,n/a,n/a,n/a,n/a,n/a,n/a,n/a,n/a,n/a,n/a,n/a,n/a
d3a2d456dc436da9898e889f9893b0cf2f6094cf,2026-09-03 16:04:33,n/a,iron/applications/llama_3.2_1b/test.py::test_llama_3_2_1b,llama_3.2_1b_prompt_1024_tokens_40,5/5,n/a,2.083,2.055,2.037,2.216,0.07473620274003763,7.8078,7.813,7.788,7.828,0.015578831791889935,n/a,n/a,n/a,n/a,n/a,n/a,n/a,n/a,n/a,n/a,n/a,n/a,n/a,n/a,n/a,n/a,n/a,n/a,n/a,n/a
deb6e1e7cd1e3aefcf7530108a4647a1d967ce18,2026-09-03 22:57:17,n/a,iron/applications/llama_3.2_1b/test.py::test_llama_3_2_1b,llama_3.2_1b_prompt_1024_tokens_40,5/5,n/a,2.0909999999999997,2.089,2.05,2.166,0.04547526800360829,7.8212,7.826,7.785,7.852,0.02481330288373561,n/a,n/a,n/a,n/a,n/a,n/a,n/a,n/a,n/a,n/a,n/a,n/a,n/a,n/a,n/a,n/a,n/a,n/a,n/a,n/a
b091dbd67cde3034a2c666982d742a85c454a639,2026-09-09 01:01:33,n/a,iron/applications/llama_3.2_1b/test.py::test_llama_3_2_1b,llama_3.2_1b_prompt_1024_tokens_40,5/5,n/a,2.0934,2.064,2.048,2.209,0.06573279242509025,7.8036,7.804,7.774,7.834,0.021961329650091642,n/a,n/a,n/a,n/a,n/a,n/a,n/a,n/a,n/a,n/a,n/a,n/a,n/a,n/a,n/a,n/a,n/a,n/a,n/a,n/a
72002fbf3238fd5fb011a5dc4b3dd5feca4af41e,2026-09-09 02:03:24,n/a,iron/applications/llama_3.2_1b/test.py::test_llama_3_2_1b,llama_3.2_1b_prompt_1024_tokens_40,5/5,n/a,2.0828,2.06,2.043,2.192,0.06147113143582118,7.8452,7.835,7.824,7.87,0.022083930809527752,n/a,n/a,n/a,n/a,n/a,n/a,n/a,n/a,n/a,n/a,n/a,n/a,n/a,n/a,n/a,n/a,n/a,n/a,n/a,n/a
7b5542754a9faee03229776cdbb9f4b215742c72,2026-09-11 19:24:52,n/a,iron/applications/llama_3.2_1b/test.py::test_llama_3_2_1b,llama_3.2_1b_prompt_1024_tokens_40,5/5,n/a,2.093,2.081,2.058,2.171,0.04503887209955412,7.8292,7.83,7.799,7.876,0.030078231330980833,n/a,n/a,n/a,n/a,n/a,n/a,n/a,n/a,n/a,n/a,n/a,n/a,n/a,n/a,n/a,n/a,n/a,n/a,n/a,n/a
b2eb0906a5bdee54975caa19433aaee44ec11aae,2026-09-11 23:17:22,n/a,iron/applications/llama_3.2_1b/test.py::test_llama_3_2_1b,llama_3.2_1b_prompt_1024_tokens_40,5/5,n/a,2.0888,2.065,2.04,2.198,0.0627749950219034,7.8412,7.842,7.837,7.846,0.00370135110466441,n/a,n/a,n/a,n/a,n/a,n/a,n/a,n/a,n/a,n/a,n/a,n/a,n/a,n/a,n/a,n/a,n/a,n/a,n/a,n/a
7fa2bc13c141b32b2e2bbf7149731030e3fa1916,2026-09-12 00:10:31,n/a,iron/applications/llama_3.2_1b/test.py::test_llama_3_2_1b,llama_3.2_1b_prompt_1024_tokens_40,5/5,n/a,2.0951999999999997,2.077,2.062,2.185,0.0510754344083338,7.8366,7.826,7.8,7.913,0.044376795738313705,n/a,n/a,n/a,n/a,n/a,n/a,n/a,n/a,n/a,n/a,n/a,n/a,n/a,n/a,n/a,n/a,n/a,n/a,n/a,n/a
8354a4cab799ca684f8d2fd6db7716323ca44a76,2026-09-12 01:23:59,n/a,iron/applications/llama_3.2_1b/test.py::test_llama_3_2_1b,llama_3.2_1b_prompt_1024_tokens_40,5/5,n/a,2.1012,2.069,2.066,2.218,0.06567115043913882,7.8084,7.812,7.773,7.833,0.022501111083677833,n/a,n/a,n/a,n/a,n/a,n/a,n/a,n/a,n/a,n/a,n/a,n/a,n/a,n/a,n/a,n/a,n/a,n/a,n/a,n/a
abd8bb14c4f9cd348b94c068d748bd6f0880074d,2026-09-12 02:40:58,n/a,iron/applications/llama_3.2_1b/test.py::test_llama_3_2_1b,llama_3.2_1b_prompt_1024_tokens_40,5/5,n/a,2.0868,2.068,2.024,2.218,0.07595854132354042,7.8338,7.825,7.779,7.905,0.046975525542563186,n/a,n/a,n/a,n/a,n/a,n/a,n/a,n/a,n/a,n/a,n/a,n/a,n/a,n/a,n/a,n/a,n/a,n/a,n/a,n/a
cd5840c9835387ea1406bbbfe133c9fc0f8052b5,2026-09-12 03:25:42,n/a,iron/applications/llama_3.2_1b/test.py::test_llama_3_2_1b,llama_3.2_1b_prompt_1024_tokens_40,5/5,n/a,2.1026000000000002,2.084,2.055,2.217,0.06684534389170273,7.8412,7.826,7.819,7.909,0.03808149156742675,n/a,n/a,n/a,n/a,n/a,n/a,n/a,n/a,n/a,n/a,n/a,n/a,n/a,n/a,n/a,n/a,n/a,n/a,n/a,n/a
2191fe0741e6b6c2b5efe245a33fba5afa6b717a,2026-09-14 21:15:13,n/a,iron/applications/llama_3.2_1b/test.py::test_llama_3_2_1b,llama_3.2_1b_prompt_1024_tokens_40,5/5,n/a,2.0962,2.076,2.064,2.19,0.05310555526496261,7.8226,7.823,7.812,7.835,0.009762171889492487,n/a,n/a,n/a,n/a,n/a,n/a,n/a,n/a,n/a,n/a,n/a,n/a,n/a,n/a,n/a,n/a,n/a,n/a,n/a,n/a
1fd3dab6a1aadf41efc721a4cafab437a0a3ebbb,2026-09-16 21:46:27,n/a,iron/applications/llama_3.2_1b/test.py::test_llama_3_2_1b,llama_3.2_1b_prompt_1024_tokens_40,5/5,n/a,2.0912,2.068,2.051,2.2,0.06145486148385664,7.8248,7.819,7.808,7.848,0.015319921670818117,n/a,n/a,n/a,n/a,n/a,n/a,n/a,n/a,n/a,n/a,n/a,n/a,n/a,n/a,n/a,n/a,n/a,n/a,n/a,n/a
191b7bc5aa05c57a83253c491ab06ec369d96e8b,2026-09-17 21:28:16,n/a,iron/applications/llama_3.2_1b/test.py::test_llama_3_2_1b,llama_3.2_1b_prompt_1024_tokens_40,5/5,n/a,2.096,2.071,2.055,2.186,0.05360503707675233,7.8412,7.831,7.817,7.899,0.03285117958308343,n/a,n/a,n/a,n/a,n/a,n/a,n/a,n/a,n/a,n/a,n/a,n/a,n/a,n/a,n/a,n/a,n/a,n/a,n/a,n/a
3873943a88057a526f40bcad7dc9371b37696a12,2026-09-17 23:05:23,n/a,iron/applications/llama_3.2_1b/test.py::test_llama_3_2_1b,llama_3.2_1b_prompt_1024_tokens_40,5/5,n/a,2.1052,2.076,2.07,2.231,0.07038252624053781,7.8288,7.818,7.799,7.89,0.03523776383370523,n/a,n/a,n/a,n/a,n/a,n/a,n/a,n/a,n/a,n/a,n/a,n/a,n/a,n/a,n/a,n/a,n/a,n/a,n/a,n/a
0c0eaee3be2dbf3bfc92d26c83e258c3a91c80ce,2026-09-18 00:00:30,n/a,iron/applications/llama_3.2_1b/test.py::test_llama_3_2_1b,llama_3.2_1b_prompt_1024_tokens_40,5/5,n/a,2.0916,2.072,2.055,2.198,0.05997749577966717,7.809,7.803,7.787,7.83,0.01914418971907681,n/a,n/a,n/a,n/a,n/a,n/a,n/a,n/a,n/a,n/a,n/a,n/a,n/a,n/a,n/a,n/a,n/a,n/a,n/a,n/a
27cf75d7c582f03a5d1f2e2c4f18736d27a39484,2026-09-18 15:30:58,n/a,iron/applications/llama_3.2_1b/test.py::test_llama_3_2_1b,llama_3.2_1b_prompt_1024_tokens_40,5/5,n/a,2.0892,2.065,2.043,2.212,0.0694636595638324,7.8262,7.833,7.789,7.841,0.021463923220138646,n/a,n/a,n/a,n/a,n/a,n/a,n/a,n/a,n/a,n/a,n/a,n/a,n/a,n/a,n/a,n/a,n/a,n/a,n/a,n/a
d603ab9fd2ec40765de8bd04720f658c9356d301,2026-09-18 19:40:24,n/a,iron/applications/llama_3.2_1b/test.py::test_llama_3_2_1b,llama_3.2_1b_prompt_1024_tokens_40,5/5,n/a,2.0976,2.076,2.047,2.217,0.06787709481113643,7.853199999999999,7.842,7.797,7.898,0.043031383895942715,n/a,n/a,n/a,n/a,n/a,n/a,n/a,n/a,n/a,n/a,n/a,n/a,n/a,n/a,n/a,n/a,n/a,n/a,n/a,n/a
5320ada106824566fc543be6795fd8473309aa8a,2026-09-18 21:00:25,n/a,iron/applications/llama_3.2_1b/test.py::test_llama_3_2_1b,llama_3.2_1b_prompt_1024_tokens_40,5/5,n/a,2.0772,2.056,2.026,2.165,0.05398796162108742,7.8534,7.846,7.802,7.912,0.04046974178321388,n/a,n/a,n/a,n/a,n/a,n/a,n/a,n/a,n/a,n/a,n/a,n/a,n/a,n/a,n/a,n/a,n/a,n/a,n/a,n/a
2e6839dc8471dd927c6cc4e82e4cec2d1cfe6986,2026-09-18 22:33:17,n/a,iron/applications/llama_3.2_1b/test.py::test_llama_3_2_1b,llama_3.2_1b_prompt_1024_tokens_40,5/5,n/a,2.0958,2.069,2.052,2.221,0.07091332737927339,7.8356,7.834,7.804,7.866,0.022864820139244266,n/a,n/a,n/a,n/a,n/a,n/a,n/a,n/a,n/a,n/a,n/a,n/a,n/a,n/a,n/a,n/a,n/a,n/a,n/a,n/a
7b8fba7b577d06e8e9c277d426f2febf9d90218b,2026-09-18 23:59:19,n/a,iron/applications/llama_3.2_1b/test.py::test_llama_3_2_1b,llama_3.2_1b_prompt_1024_tokens_40,5/5,n/a,2.0814,2.055,2.05,2.174,0.05259087373299668,7.7866,7.787,7.766,7.808,0.017854971296532376,n/a,n/a,n/a,n/a,n/a,n/a,n/a,n/a,n/a,n/a,n/a,n/a,n/a,n/a,n/a,n/a,n/a,n/a,n/a,n/a
3c46008581afba09150e5e1adfacf14e74235629,2026-09-24 23:13:03,n/a,iron/applications/llama_3.2_1b/test.py::test_llama_3_2_1b,llama_3.2_1b_prompt_1024_tokens_40,5/5,n/a,2.1208,2.103,2.085,2.222,0.05747782180980764,3.164,3.162,3.156,3.175,0.007106335201775837,n/a,n/a,n/a,n/a,n/a,n/a,n/a,n/a,n/a,n/a,n/a,n/a,n/a,n/a,n/a,n/a,n/a,n/a,n/a,n/a
16c4ae48bf7ddd37912ac654df9b1e86d349fc10,2026-09-25 01:01:38,n/a,iron/applications/llama_3.2_1b/test.py::test_llama_3_2_1b,llama_3.2_1b_prompt_1024_tokens_40,5/5,n/a,2.121,2.099,2.084,2.22,0.05595980700467079,3.1635999999999997,3.167,3.137,3.178,0.01567801007781276,n/a,n/a,n/a,n/a,n/a,n/a,n/a,n/a,n/a,n/a,n/a,n/a,n/a,n/a,n/a,n/a,n/a,n/a,n/a,n/a
ff0792da4e7e81ab4447563e1ef9009ace719704,2026-09-25 02:54:56,n/a,iron/applications/llama_3.2_1b/test.py::test_llama_3_2_1b,llama_3.2_1b_prompt_1024_tokens_40,5/5,n/a,2.1188000000000002,2.091,2.073,2.242,0.069858428267461,3.1596,3.161,3.152,3.167,0.006841052550594743,n/a,n/a,n/a,n/a,n/a,n/a,n/a,n/a,n/a,n/a,n/a,n/a,n/a,n/a,n/a,n/a,n/a,n/a,n/a,n/a
d210f200c6a190aa43cad7fb7e108687b2cd7376,2026-09-29 01:09:29,n/a,iron/applications/llama_3.2_1b/test.py::test_llama_3_2_1b,llama_3.2_1b_prompt_1024_tokens_40,5/5,n/a,2.123,2.096,2.075,2.251,0.07215608082483407,3.164,3.164,3.154,3.173,0.0071763500472037224,n/a,n/a,n/a,n/a,n/a,n/a,n/a,n/a,n/a,n/a,n/a,n/a,n/a,n/a,n/a,n/a,n/a,n/a,n/a,n/a
ba923dbb1e2f2df0f611c999bbd05bffc045cb2e,2026-09-29 03:58:44,n/a,iron/applications/llama_3.2_1b/test.py::test_llama_3_2_1b,llama_3.2_1b_prompt_1024_tokens_40,5/5,yes,2.1232,2.095,2.068,2.265,0.08011366924564123,3.1624,3.166,3.152,3.17,0.0087635609200826,n/a,n/a,n/a,n/a,n/a,n/a,n/a,n/a,n/a,n/a,n/a,n/a,n/a,n/a,n/a,n/a,n/a,n/a,n/a,n/a
821244f42b310daab66474e591120972d6b547eb,2026-09-29 19:46:42,commit 821244f42b | peano 22.0.0+773413fb | mlir_aie 1.4.4.dev53+gd53582d | kernels b07d1f67713f | device NPU Krackan 1 | pmode default,iron/applications/llama_3.2_1b/test.py::test_llama_3_2_1b,llama_3.2_1b_prompt_1024_tokens_40,5/5,yes,2.076,2.049,2.037,2.198,0.06867313885355757,7.6074,7.607,7.6,7.621,0.00820365772079768,,,,,,,,,,,,,,,,,,,,
19f26ebecfff95d0f62dfb309fddf4796936fb5c,2026-10-01 18:21:03,commit 19f26ebecf | peano 22.0.0+773413fb | mlir_aie 1.4.4.dev53+gd53582d | kernels b07d1f67713f | device NPU Krackan 1 | pmode default,iron/applications/llama_3.2_1b/test.py::test_llama_3_2_1b,llama_3.2_1b_prompt_1024_tokens_40,5/5,yes,2.0789999999999997,2.058,2.042,2.183,0.05883451368032198,7.606,7.608,7.593,7.625,0.01317193987231944,,,,,,,,,,,,,,,,,,,,
3fc9a6084f934108c5c4982eb6ea39a6fcc55b67,2026-10-01 23:16:26,commit 3fc9a6084f | peano 22.0.0+773413fb | mlir_aie 1.4.4.dev53+gd53582d | kernels b07d1f67713f | device NPU Krackan 1 | pmode default,iron/applications/llama_3.2_1b/test.py::test_llama_3_2_1b,llama_3.2_1b_prompt_1024_tokens_40,5/5,yes,2.0926,2.062,2.054,2.211,0.06697611514562483,7.6132,7.606,7.599,7.632,0.014411800720242961,,,,,,,,,,,,,,,,,,,,
bc6bed5614c930bb5b50c1d363d63664150b18c9,2026-10-03 01:26:49,commit bc6bed5614 | peano 22.0.0+0006955e | mlir_aie 1.4.4.dev73+g18ca6c1 | kernels 5726d482c21a | runtime CachedXRTRuntime | xdna 2.21.0_20260625 | xrt 2.21.0 | host docker-runner-aa767ab16b62 | device NPU Krackan 1 | pmode default,iron/applications/llama_3.2_1b/test.py::test_llama_3_2_1b,llama_3.2_1b_prompt_1024_tokens_40,5/5,yes,2.0784,2.06,2.008,2.21,0.07690448621504468,7.655,7.657,7.633,7.67,0.014230249470757654,,,,,,,,,,,,,,,,,,,,
d113fdf5634d78ab2b6347de2ef0731aa62e3aaf,2026-10-03 06:21:37,commit d113fdf563 | peano 22.0.0+0006955e | mlir_aie 1.4.4.dev73+g18ca6c1 | kernels 5726d482c21a | runtime CachedXRTRuntime | xdna 2.21.0_20260625 | xrt 2.21.0 | host docker-runner-a51e7da05fd6 | device NPU Krackan 1 | pmode default,iron/applications/llama_3.2_1b/test.py::test_llama_3_2_1b,llama_3.2_1b_prompt_1024_tokens_40,5/5,yes,2.0888,2.071,2.048,2.173,0.049474235719210474,7.6554,7.647,7.624,7.71,0.032392900456735964,,,,,,,,,,,,,,,,,,,,
416c53de436a8336898b5be313cb6d3100ba3795,2026-10-03 08:10:12,commit 416c53de43 | peano 22.0.0+0006955e | mlir_aie 1.4.4.dev73+g18ca6c1 | kernels 5726d482c21a | runtime CachedXRTRuntime | xdna 2.21.0_20260625 | xrt 2.21.0 | host docker-runner-9758eecbd37f | device NPU Krackan 1 | pmode default,iron/applications/llama_3.2_1b/test.py::test_llama_3_2_1b,llama_3.2_1b_prompt_1024_tokens_40,5/5,yes,2.08,2.063,2.033,2.16,0.04852319033204647,7.6594,7.652,7.617,7.703,0.03195778465413401,,,,,,,,,,,,,,,,,,,,
c46c18b5036cadfead94fda952d57fb6e4b7703e,2026-10-03 19:08:54,commit c46c18b503 | peano 22.0.0+0006955e | mlir_aie 1.4.4.dev73+g18ca6c1 | kernels 5726d482c21a | runtime CachedXRTRuntime | xdna 2.21.0_20260625 | xrt 2.21.0 | host docker-runner-4b8f0b048bfe | device NPU Krackan 1 | pmode default,iron/applications/llama_3.2_1b/test.py::test_llama_3_2_1b,llama_3.2_1b_prompt_1024_tokens_40,5/5,yes,2.0812,2.059,2.046,2.178,0.054997272659651,7.6756,7.666,7.614,7.736,0.045593859235647044,,,,,,,,,,,,,,,,,,,,
ef4eaefae3b7d4ac5c40a6971c96a3f9c0a492e8,2026-10-03 21:23:00,commit ef4eaefae3 | peano 22.0.0+0006955e | mlir_aie 1.4.4.dev73+g18ca6c1 | kernels 5726d482c21a | runtime CachedXRTRuntime | xdna 2.21.0_20260625 | xrt 2.21.0 | host docker-runner-d58bb0968eeb | device NPU Krackan 1 | pmode default,iron/applications/llama_3.2_1b/test.py::test_llama_3_2_1b,llama_3.2_1b_prompt_1024_tokens_40,5/5,yes,2.0884,2.063,2.039,2.211,0.06939596530058491,7.6596,7.65,7.628,7.686,0.025589060162499067,,,,,,,,,,,,,,,,,,,,
b73e3f8bb6cdcd6e15cc8ad70e6845dc4807ceec,2026-10-03 23:13:18,commit b73e3f8bb6 | peano 22.0.0+0006955e | mlir_aie 1.4.4.dev73+g18ca6c1 | kernels 5726d482c21a | runtime CachedXRTRuntime | xdna 2.21.0_20260625 | xrt 2.21.0 | host docker-runner-5d71ce1b6e30 | device NPU Krackan 1 | pmode default,iron/applications/llama_3.2_1b/test.py::test_llama_3_2_1b,llama_3.2_1b_prompt_1024_tokens_40,5/5,yes,2.0882,2.064,2.057,2.193,0.058708602436099606,7.648,7.642,7.633,7.684,0.020676073128135374,,,,,,,,,,,,,,,,,,,,
79c04e6e05d3d74fa72f6036238edff157dcd94b,2026-10-04 17:58:18,commit 79c04e6e05 | peano 22.0.0+0006955e | mlir_aie 1.4.4.dev73+g18ca6c1 | kernels 5726d482c21a | runtime CachedXRTRuntime | xdna 2.21.0_20260625 | xrt 2.21.0 | host docker-runner-df55d4e7468d | device NPU Krackan 1 | pmode default,iron/applications/llama_3.2_1b/test.py::test_llama_3_2_1b,llama_3.2_1b_prompt_1024_tokens_40,5/5,yes,2.0858,2.059,2.052,2.196,0.06197338138265499,7.6442,7.657,7.613,7.664,0.02277498627881021,,,,,,,,,,,,,,,,,,,,
1c1f8e3a544b0bc080e14fb6f6c644d43c0764e3,2026-10-08 02:33:50,commit 1c1f8e3a54 | peano 22.0.0+0006955e | mlir_aie 1.4.4 | kernels 3f815aa696b3 | runtime CachedXRTRuntime | xdna 2.21.0_20260625 | xrt 2.21.0 | host docker-runner-aed82ed20e68 | device NPU Krackan 1 | pmode default,iron/applications/llama_3.2_1b/test.py::test_llama_3_2_1b,llama_3.2_1b_prompt_1024_tokens_40,5/5,yes,2.081,2.053,2.042,2.191,0.06263784798346762,7.6478,7.645,7.631,7.66,0.012029131306956386,,,,,,,,,,,,,,,,,,,,
aae6262bc80636d75d9829ff106037225191e8b7,2026-10-10 07:31:48,commit aae6262bc8 | peano 22.0.0+0006955e | mlir_aie 1.4.4 | kernels 3f815aa696b3 | runtime CachedXRTRuntime | xdna 2.21.0_20260625 | xrt 2.21.0 | host docker-runner-9b4d8ff31bd8 | device NPU Krackan 1 | pmode default,iron/applications/llama_3.2_1b/test.py::test_llama_3_2_1b,llama_3.2_1b_prompt_1024_tokens_40,5/5,yes,2.0854,2.058,2.043,2.208,0.06890428143446539,7.6846,7.688,7.65,7.729,0.029619250496931843,,,,,,,,,,,,,,,,,,,,
7e6b95b65dcb69d511057cd3d8b565db1e1227e6,2026-04-27 20:45:12,n/a,n/a,llama_3.2_1b_prompt_13_tokens_1,5/5,n/a,2.1016,2.097,2.086,2.129,0.017910890541790483,,,,,,n/a,n/a,n/a,n/a,n/a,n/a,n/a,n/a,n/a,n/a,n/a,n/a,n/a,n/a,n/a,n/a,n/a,n/a,n/a,n/a
5503a9566e74d9b7c3221a857d903c0e3b1b7a98,2026-05-11 23:56:25,n/a,iron/applications/llama_3.2_1b/test.py::test_llama_3_2_1b,llama_3.2_1b_prompt_13_tokens_1,5/5,n/a,2.0916,2.09,2.088,2.097,0.0035071355833500364,,,,,,n/a,n/a,n/a,n/a,n/a,n/a,n/a,n/a,n/a,n/a,n/a,n/a,n/a,n/a,n/a,n/a,n/a,n/a,n/a,n/a
4d4b803c99fe896d0f08aba5dcc86a8f319c18a5,2026-06-22 18:03:47,n/a,iron/applications/llama_3.2_1b/test.py::test_llama_3_2_1b,llama_3.2_1b_prompt_13_tokens_1,5/5,n/a,2.0818,2.082,2.061,2.1,0.015238110119040433,,,,,,n/a,n/a,n/a,n/a,n/a,n/a,n/a,n/a,n/a,n/a,n/a,n/a,n/a,n/a,n/a,n/a,n/a,n/a,n/a,n/a
4bb8427f20b07f0c721e4ded9a63cc4857cb9b9f,2026-06-23 23:17:12,n/a,iron/applications/llama_3.2_1b/test.py::test_llama_3_2_1b,llama_3.2_1b_prompt_13_tokens_1,5/5,n/a,2.083,2.077,2.074,2.098,0.010839741694339393,,,,,,n/a,n/a,n/a,n/a,n/a,n/a,n/a,n/a,n/a,n/a,n/a,n/a,n/a,n/a,n/a,n/a,n/a,n/a,n/a,n/a
9c70ba8f8350e4f79d6043dff79e4011aa12b10f,2026-06-29 17:01:32,n/a,iron/applications/llama_3.2_1b/test.py::test_llama_3_2_1b,llama_3.2_1b_prompt_13_tokens_1,5/5,n/a,2.0814,2.079,2.063,2.1,0.013939153489362213,,,,,,n/a,n/a,n/a,n/a,n/a,n/a,n/a,n/a,n/a,n/a,n/a,n/a,n/a,n/a,n/a,n/a,n/a,n/a,n/a,n/a
573678d204157ebf7421204a5b83e16b2ecbc07e,2026-06-29 18:14:41,n/a,iron/applications/llama_3.2_1b/test.py::test_llama_3_2_1b,llama_3.2_1b_prompt_13_tokens_1,5/5,n/a,2.0822,2.089,2.053,2.104,0.019967473550752516,,,,,,n/a,n/a,n/a,n/a,n/a,n/a,n/a,n/a,n/a,n/a,n/a,n/a,n/a,n/a,n/a,n/a,n/a,n/a,n/a,n/a
95476293949becf9a4579f8e13c98c5f10b87333,2026-07-06 22:52:32,n/a,iron/applications/llama_3.2_1b/test.py::test_llama_3_2_1b,llama_3.2_1b_prompt_13_tokens_1,5/5,n/a,2.0262,1.947,1.911,2.287,0.15939165599240127,,,,,,n/a,n/a,n/a,n/a,n/a,n/a,n/a,n/a,n/a,n/a,n/a,n/a,n/a,n/a,n/a,n/a,n/a,n/a,n/a,n/a
2dd32afdd707b0bcc203d907f079012fcef7e398,2026-07-09 03:46:02,n/a,iron/applications/llama_3.2_1b/test.py::test_llama_3_2_1b,llama_3.2_1b_prompt_13_tokens_1,5/5,n/a,2.0982,2.106,2.069,2.121,0.020092287077383718,,,,,,n/a,n/a,n/a,n/a,n/a,n/a,n/a,n/a,n/a,n/a,n/a,n/a,n/a,n/a,n/a,n/a,n/a,n/a,n/a,n/a
f2ce7b0b7f9832bc41fa9c5c259f5b48e1860c92,2026-07-09 19:10:10,n/a,iron/applications/llama_3.2_1b/test.py::test_llama_3_2_1b,llama_3.2_1b_prompt_13_tokens_1,5/5,n/a,2.0914,2.097,2.069,2.106,0.014223220451079238,,,,,,n/a,n/a,n/a,n/a,n/a,n/a,n/a,n/a,n/a,n/a,n/a,n/a,n/a,n/a,n/a,n/a,n/a,n/a,n/a,n/a
c9bc0365f2d406dacfe18c8bf99a3f22773763ef,2026-07-09 21:58:26,n/a,iron/applications/llama_3.2_1b/test.py::test_llama_3_2_1b,llama_3.2_1b_prompt_13_tokens_1,5/5,n/a,2.0802,2.077,2.065,2.094,0.01247798060585126,,,,,,n/a,n/a,n/a,n/a,n/a,n/a,n/a,n/a,n/a,n/a,n/a,n/a,n/a,n/a,n/a,n/a,n/a,n/a,n/a,n/a
17769b86a9a7dc68fb04ec6636a233b2adb4d543,2026-07-09 22:38:40,n/a,iron/applications/llama_3.2_1b/test.py::test_llama_3_2_1b,llama_3.2_1b_prompt_13_tokens_1,5/5,n/a,2.0834,2.089,2.06,2.108,0.021125813593800325,,,,,,n/a,n/a,n/a,n/a,n/a,n/a,n/a,n/a,n/a,n/a,n/a,n/a,n/a,n/a,n/a,n/a,n/a,n/a,n/a,n/a
1f9e5a9e242a43b3458044cacbb7d66fe4084108,2026-07-13 18:05:37,n/a,iron/applications/llama_3.2_1b/test.py::test_llama_3_2_1b,llama_3.2_1b_prompt_13_tokens_1,5/5,n/a,2.0788,2.078,2.059,2.104,0.0164225454787009,,,,,,n/a,n/a,n/a,n/a,n/a,n/a,n/a,n/a,n/a,n/a,n/a,n/a,n/a,n/a,n/a,n/a,n/a,n/a,n/a,n/a
e216c2fb6902d374b508fef6b3f41e0ba4936257,2026-07-13 21:54:52,n/a,iron/applications/llama_3.2_1b/test.py::test_llama_3_2_1b,llama_3.2_1b_prompt_13_tokens_1,5/5,n/a,2.1018,2.1,2.095,2.11,0.00732802838422437,,,,,,n/a,n/a,n/a,n/a,n/a,n/a,n/a,n/a,n/a,n/a,n/a,n/a,n/a,n/a,n/a,n/a,n/a,n/a,n/a,n/a
8bdb3ed538cc84bd181a5d4e09f87b173197e844,2026-07-23 22:07:50,n/a,iron/applications/llama_3.2_1b/test.py::test_llama_3_2_1b,llama_3.2_1b_prompt_13_tokens_1,5/5,n/a,2.084,2.088,2.053,2.116,0.023054283766797082,,,,,,n/a,n/a,n/a,n/a,n/a,n/a,n/a,n/a,n/a,n/a,n/a,n/a,n/a,n/a,n/a,n/a,n/a,n/a,n/a,n/a
2fadedaae4558cd201075ac68580c42c30dd6e77,2026-07-24 02:56:27,n/a,iron/applications/llama_3.2_1b/test.py::test_llama_3_2_1b,llama_3.2_1b_prompt_13_tokens_1,5/5,n/a,2.051,2.057,2.026,2.074,0.021482551058940848,,,,,,n/a,n/a,n/a,n/a,n/a,n/a,n/a,n/a,n/a,n/a,n/a,n/a,n/a,n/a,n/a,n/a,n/a,n/a,n/a,n/a
2bc7f53e92f1253c63bf9de7bf5a7a7a9dc2cecd,2026-07-24 15:10:50,n/a,iron/applications/llama_3.2_1b/test.py::test_llama_3_2_1b,llama_3.2_1b_prompt_13_tokens_1,5/5,n/a,2.0572,2.046,2.034,2.09,0.02443767583056951,,,,,,n/a,n/a,n/a,n/a,n/a,n/a,n/a,n/a,n/a,n/a,n/a,n/a,n/a,n/a,n/a,n/a,n/a,n/a,n/a,n/a
dac2841bead4e693b6102a5e3a3d6e5bfe5a2d56,2026-07-24 21:16:08,n/a,iron/applications/llama_3.2_1b/test.py::test_llama_3_2_1b,llama_3.2_1b_prompt_13_tokens_1,5/5,n/a,2.0384,2.039,2.018,2.064,0.02020643461870505,,,,,,n/a,n/a,n/a,n/a,n/a,n/a,n/a,n/a,n/a,n/a,n/a,n/a,n/a,n/a,n/a,n/a,n/a,n/a,n/a,n/a
826c238e19c5eef5633b70378f5141bfb1b8f06e,2026-07-28 16:23:27,n/a,iron/applications/llama_3.2_1b/test.py::test_llama_3_2_1b,llama_3.2_1b_prompt_13_tokens_1,5/5,n/a,2.0684,2.067,2.059,2.079,0.008111719916269248,,,,,,n/a,n/a,n/a,n/a,n/a,n/a,n/a,n/a,n/a,n/a,n/a,n/a,n/a,n/a,n/a,n/a,n/a,n/a,n/a,n/a
ece908d13b44782f959bd2178ca40c1160ddfadc,2026-07-31 18:21:13,n/a,iron/applications/llama_3.2_1b/test.py::test_llama_3_2_1b,llama_3.2_1b_prompt_13_tokens_1,5/5,n/a,2.0625999999999998,2.073,2.042,2.074,0.015420765220961022,,,,,,n/a,n/a,n/a,n/a,n/a,n/a,n/a,n/a,n/a,n/a,n/a,n/a,n/a,n/a,n/a,n/a,n/a,n/a,n/a,n/a
2df13d51af1a5618cfc7cea2b231cf94477280be,2026-07-31 22:17:15,n/a,iron/applications/llama_3.2_1b/test.py::test_llama_3_2_1b,llama_3.2_1b_prompt_13_tokens_1,5/5,n/a,2.0858000000000003,2.091,2.043,2.116,0.026845856291055403,,,,,,n/a,n/a,n/a,n/a,n/a,n/a,n/a,n/a,n/a,n/a,n/a,n/a,n/a,n/a,n/a,n/a,n/a,n/a,n/a,n/a
c42605df3bf5fa808e25d47acfacc674fd4989e3,2026-07-31 23:14:59,n/a,iron/applications/llama_3.2_1b/test.py::test_llama_3_2_1b,llama_3.2_1b_prompt_13_tokens_1,5/5,n/a,2.09,2.093,2.067,2.108,0.018124568960391784,,,,,,n/a,n/a,n/a,n/a,n/a,n/a,n/a,n/a,n/a,n/a,n/a,n/a,n/a,n/a,n/a,n/a,n/a,n/a,n/a,n/a
8f90c4342be1dfd9ef95ddfabaefec225d19b9c2,2026-08-01 01:55:33,n/a,iron/applications/llama_3.2_1b/test.py::test_llama_3_2_1b,llama_3.2_1b_prompt_13_tokens_1,5/5,n/a,2.0858,2.08,2.067,2.116,0.01879361593733359,,,,,,n/a,n/a,n/a,n/a,n/a,n/a,n/a,n/a,n/a,n/a,n/a,n/a,n/a,n/a,n/a,n/a,n/a,n/a,n/a,n/a
cdc48e93fd2c8776105780790c46ba4bca1bc40e,2026-08-03 16:32:13,n/a,iron/applications/llama_3.2_1b/test.py::test_llama_3_2_1b,llama_3.2_1b_prompt_13_tokens_1,5/5,n/a,2.0236,2.022,2.0,2.057,0.021961329650091756,,,,,,n/a,n/a,n/a,n/a,n/a,n/a,n/a,n/a,n/a,n/a,n/a,n/a,n/a,n/a,n/a,n/a,n/a,n/a,n/a,n/a
ee933b19f8c5c2fe130f1a88c8a632ff599b7361,2026-08-24 22:39:36,n/a,iron/applications/llama_3.2_1b/test.py::test_llama_3_2_1b,llama_3.2_1b_prompt_13_tokens_1,5/5,n/a,2.0096,2.003,1.991,2.034,0.0166823259769133,,,,,,n/a,n/a,n/a,n/a,n/a,n/a,n/a,n/a,n/a,n/a,n/a,n/a,n/a,n/a,n/a,n/a,n/a,n/a,n/a,n/a
aab8083822521ab13cfafc696fe281680f818b78,2026-08-25 22:30:36,n/a,iron/applications/llama_3.2_1b/test.py::test_llama_3_2_1b,llama_3.2_1b_prompt_13_tokens_1,5/5,n/a,2.0265999999999997,2.037,1.98,2.045,0.02719007171744861,,,,,,n/a,n/a,n/a,n/a,n/a,n/a,n/a,n/a,n/a,n/a,n/a,n/a,n/a,n/a,n/a,n/a,n/a,n/a,n/a,n/a
8982f0cf1df89c0639f7b4f65dfdf9c92a26eb2e,2026-08-28 19:32:02,n/a,iron/applications/llama_3.2_1b/test.py::test_llama_3_2_1b,llama_3.2_1b_prompt_13_tokens_1,5/5,n/a,2.0238,2.03,2.0,2.037,0.015417522498767433,,,,,,n/a,n/a,n/a,n/a,n/a,n/a,n/a,n/a,n/a,n/a,n/a,n/a,n/a,n/a,n/a,n/a,n/a,n/a,n/a,n/a
480e1e0928d15302e781b88602b5b1b30ce263de,2026-08-28 22:10:31,n/a,iron/applications/llama_3.2_1b/test.py::test_llama_3_2_1b,llama_3.2_1b_prompt_13_tokens_1,5/5,n/a,2.0154,2.01,2.005,2.032,0.011631852818876336,,,,,,n/a,n/a,n/a,n/a,n/a,n/a,n/a,n/a,n/a,n/a,n/a,n/a,n/a,n/a,n/a,n/a,n/a,n/a,n/a,n/a
3ad2eb29cf830eacaec30ef1bf90a5d8fc58d6ae,2026-08-29 00:45:19,n/a,iron/applications/llama_3.2_1b/test.py::test_llama_3_2_1b,llama_3.2_1b_prompt_13_tokens_1,5/5,n/a,2.0229999999999997,2.017,2.001,2.05,0.019170289512680776,,,,,,n/a,n/a,n/a,n/a,n/a,n/a,n/a,n/a,n/a,n/a,n/a,n/a,n/a,n/a,n/a,n/a,n/a,n/a,n/a,n/a
d9e4ec5fab71d34365befd8127f86c5a676a6ae1,2026-08-29 05:20:05,n/a,iron/applications/llama_3.2_1b/test.py::test_llama_3_2_1b,llama_3.2_1b_prompt_13_tokens_1,5/5,n/a,2.0138,2.009,1.991,2.033,0.01723948955160788,,,,,,n/a,n/a,n/a,n/a,n/a,n/a,n/a,n/a,n/a,n/a,n/a,n/a,n/a,n/a,n/a,n/a,n/a,n/a,n/a,n/a
a279467af0bacde5d7fe3bc5ce67e762386f8aef,2026-08-31 16:15:52,n/a,iron/applications/llama_3.2_1b/test.py::test_llama_3_2_1b,llama_3.2_1b_prompt_13_tokens_1,5/5,n/a,2.0262,2.025,2.02,2.041,0.008642916174532727,,,,,,n/a,n/a,n/a,n/a,n/a,n/a,n/a,n/a,n/a,n/a,n/a,n/a,n/a,n/a,n/a,n/a,n/a,n/a,n/a,n/a
0d9ebcdd72f5eb85858ddfb0060cf463bedccf02,2026-09-02 20:49:52,n/a,iron/applications/llama_3.2_1b/test.py::test_llama_3_2_1b,llama_3.2_1b_prompt_13_tokens_1,5/5,n/a,2.0372,2.041,2.012,2.052,0.015610893632332555,,,,,,n/a,n/a,n/a,n/a,n/a,n/a,n/a,n/a,n/a,n/a,n/a,n/a,n/a,n/a,n/a,n/a,n/a,n/a,n/a,n/a
d3a2d456dc436da9898e889f9893b0cf2f6094cf,2026-09-03 16:04:33,n/a,iron/applications/llama_3.2_1b/test.py::test_llama_3_2_1b,llama_3.2_1b_prompt_13_tokens_1,5/5,n/a,1.9891999999999999,2.012,1.862,2.052,0.07354726371524634,,,,,,n/a,n/a,n/a,n/a,n/a,n/a,n/a,n/a,n/a,n/a,n/a,n/a,n/a,n/a,n/a,n/a,n/a,n/a,n/a,n/a
deb6e1e7cd1e3aefcf7530108a4647a1d967ce18,2026-09-03 22:57:17,n/a,iron/applications/llama_3.2_1b/test.py::test_llama_3_2_1b,llama_3.2_1b_prompt_13_tokens_1,5/5,n/a,2.0276,2.029,2.013,2.042,0.010382677881933899,,,,,,n/a,n/a,n/a,n/a,n/a,n/a,n/a,n/a,n/a,n/a,n/a,n/a,n/a,n/a,n/a,n/a,n/a,n/a,n/a,n/a
b091dbd67cde3034a2c666982d742a85c454a639,2026-09-09 01:01:33,n/a,iron/applications/llama_3.2_1b/test.py::test_llama_3_2_1b,llama_3.2_1b_prompt_13_tokens_1,5/5,n/a,2.027,2.028,2.015,2.035,0.008276472678623357,,,,,,n/a,n/a,n/a,n/a,n/a,n/a,n/a,n/a,n/a,n/a,n/a,n/a,n/a,n/a,n/a,n/a,n/a,n/a,n/a,n/a
72002fbf3238fd5fb011a5dc4b3dd5feca4af41e,2026-09-09 02:03:24,n/a,iron/applications/llama_3.2_1b/test.py::test_llama_3_2_1b,llama_3.2_1b_prompt_13_tokens_1,5/5,n/a,2.0126,2.008,1.982,2.043,0.02520515820224108,,,,,,n/a,n/a,n/a,n/a,n/a,n/a,n/a,n/a,n/a,n/a,n/a,n/a,n/a,n/a,n/a,n/a,n/a,n/a,n/a,n/a
7b5542754a9faee03229776cdbb9f4b215742c72,2026-09-11 19:24:52,n/a,iron/applications/llama_3.2_1b/test.py::test_llama_3_2_1b,llama_3.2_1b_prompt_13_tokens_1,5/5,n/a,2.0288,2.032,1.995,2.056,0.023252956801232766,,,,,,n/a,n/a,n/a,n/a,n/a,n/a,n/a,n/a,n/a,n/a,n/a,n/a,n/a,n/a,n/a,n/a,n/a,n/a,n/a,n/a
b2eb0906a5bdee54975caa19433aaee44ec11aae,2026-09-11 23:17:22,n/a,iron/applications/llama_3.2_1b/test.py::test_llama_3_2_1b,llama_3.2_1b_prompt_13_tokens_1,5/5,n/a,2.0101999999999998,2.008,1.99,2.034,0.016769019053003594,,,,,,n/a,n/a,n/a,n/a,n/a,n/a,n/a,n/a,n/a,n/a,n/a,n/a,n/a,n/a,n/a,n/a,n/a,n/a,n/a,n/a
7fa2bc13c141b32b2e2bbf7149731030e3fa1916,2026-09-12 00:10:31,n/a,iron/applications/llama_3.2_1b/test.py::test_llama_3_2_1b,llama_3.2_1b_prompt_13_tokens_1,5/5,n/a,2.0242,2.032,1.997,2.039,0.016902662512160577,,,,,,n/a,n/a,n/a,n/a,n/a,n/a,n/a,n/a,n/a,n/a,n/a,n/a,n/a,n/a,n/a,n/a,n/a,n/a,n/a,n/a
8354a4cab799ca684f8d2fd6db7716323ca44a76,2026-09-12 01:23:59,n/a,iron/applications/llama_3.2_1b/test.py::test_llama_3_2_1b,llama_3.2_1b_prompt_13_tokens_1,5/5,n/a,2.0187999999999997,2.013,2.006,2.037,0.013881642554107199,,,,,,n/a,n/a,n/a,n/a,n/a,n/a,n/a,n/a,n/a,n/a,n/a,n/a,n/a,n/a,n/a,n/a,n/a,n/a,n/a,n/a
abd8bb14c4f9cd348b94c068d748bd6f0880074d,2026-09-12 02:40:58,n/a,iron/applications/llama_3.2_1b/test.py::test_llama_3_2_1b,llama_3.2_1b_prompt_13_tokens_1,5/5,n/a,2.0254,2.028,2.002,2.053,0.020169283576765996,,,,,,n/a,n/a,n/a,n/a,n/a,n/a,n/a,n/a,n/a,n/a,n/a,n/a,n/a,n/a,n/a,n/a,n/a,n/a,n/a,n/a
cd5840c9835387ea1406bbbfe133c9fc0f8052b5,2026-09-12 03:25:42,n/a,iron/applications/llama_3.2_1b/test.py::test_llama_3_2_1b,llama_3.2_1b_prompt_13_tokens_1,5/5,n/a,2.031,2.029,2.006,2.055,0.018398369492974215,,,,,,n/a,n/a,n/a,n/a,n/a,n/a,n/a,n/a,n/a,n/a,n/a,n/a,n/a,n/a,n/a,n/a,n/a,n/a,n/a,n/a
2191fe0741e6b6c2b5efe245a33fba5afa6b717a,2026-09-14 21:15:13,n/a,iron/applications/llama_3.2_1b/test.py::test_llama_3_2_1b,llama_3.2_1b_prompt_13_tokens_1,5/5,n/a,2.0343999999999998,2.038,2.009,2.05,0.015274161188098014,,,,,,n/a,n/a,n/a,n/a,n/a,n/a,n/a,n/a,n/a,n/a,n/a,n/a,n/a,n/a,n/a,n/a,n/a,n/a,n/a,n/a
1fd3dab6a1aadf41efc721a4cafab437a0a3ebbb,2026-09-16 21:46:27,n/a,iron/applications/llama_3.2_1b/test.py::test_llama_3_2_1b,llama_3.2_1b_prompt_13_tokens_1,5/5,n/a,2.039,2.037,2.023,2.062,0.014195069566578282,,,,,,n/a,n/a,n/a,n/a,n/a,n/a,n/a,n/a,n/a,n/a,n/a,n/a,n/a,n/a,n/a,n/a,n/a,n/a,n/a,n/a
191b7bc5aa05c57a83253c491ab06ec369d96e8b,2026-09-17 21:28:16,n/a,iron/applications/llama_3.2_1b/test.py::test_llama_3_2_1b,llama_3.2_1b_prompt_13_tokens_1,5/5,n/a,2.035,2.04,2.011,2.054,0.016077935190813433,,,,,,n/a,n/a,n/a,n/a,n/a,n/a,n/a,n/a,n/a,n/a,n/a,n/a,n/a,n/a,n/a,n/a,n/a,n/a,n/a,n/a
3873943a88057a526f40bcad7dc9371b37696a12,2026-09-17 23:05:23,n/a,iron/applications/llama_3.2_1b/test.py::test_llama_3_2_1b,llama_3.2_1b_prompt_13_tokens_1,5/5,n/a,2.0176,2.025,1.988,2.029,0.016964669168598605,,,,,,n/a,n/a,n/a,n/a,n/a,n/a,n/a,n/a,n/a,n/a,n/a,n/a,n/a,n/a,n/a,n/a,n/a,n/a,n/a,n/a
0c0eaee3be2dbf3bfc92d26c83e258c3a91c80ce,2026-09-18 00:00:30,n/a,iron/applications/llama_3.2_1b/test.py::test_llama_3_2_1b,llama_3.2_1b_prompt_13_tokens_1,5/5,n/a,2.029,2.037,1.999,2.051,0.022135943621178655,,,,,,n/a,n/a,n/a,n/a,n/a,n/a,n/a,n/a,n/a,n/a,n/a,n/a,n/a,n/a,n/a,n/a,n/a,n/a,n/a,n/a
27cf75d7c582f03a5d1f2e2c4f18736d27a39484,2026-09-18 15:30:58,n/a,iron/applications/llama_3.2_1b/test.py::test_llama_3_2_1b,llama_3.2_1b_prompt_13_tokens_1,5/5,n/a,2.0034,2.002,1.981,2.023,0.018555322686496175,,,,,,n/a,n/a,n/a,n/a,n/a,n/a,n/a,n/a,n/a,n/a,n/a,n/a,n/a,n/a,n/a,n/a,n/a,n/a,n/a,n/a
d603ab9fd2ec40765de8bd04720f658c9356d301,2026-09-18 19:40:24,n/a,iron/applications/llama_3.2_1b/test.py::test_llama_3_2_1b,llama_3.2_1b_prompt_13_tokens_1,5/5,n/a,2.031,2.037,2.013,2.041,0.01183215956619928,,,,,,n/a,n/a,n/a,n/a,n/a,n/a,n/a,n/a,n/a,n/a,n/a,n/a,n/a,n/a,n/a,n/a,n/a,n/a,n/a,n/a
5320ada106824566fc543be6795fd8473309aa8a,2026-09-18 21:00:25,n/a,iron/applications/llama_3.2_1b/test.py::test_llama_3_2_1b,llama_3.2_1b_prompt_13_tokens_1,5/5,n/a,2.0162,2.021,1.997,2.032,0.014686728703152333,,,,,,n/a,n/a,n/a,n/a,n/a,n/a,n/a,n/a,n/a,n/a,n/a,n/a,n/a,n/a,n/a,n/a,n/a,n/a,n/a,n/a
2e6839dc8471dd927c6cc4e82e4cec2d1cfe6986,2026-09-18 22:33:17,n/a,iron/applications/llama_3.2_1b/test.py::test_llama_3_2_1b,llama_3.2_1b_prompt_13_tokens_1,5/5,n/a,2.0220000000000002,2.023,2.007,2.041,0.013638181696985779,,,,,,n/a,n/a,n/a,n/a,n/a,n/a,n/a,n/a,n/a,n/a,n/a,n/a,n/a,n/a,n/a,n/a,n/a,n/a,n/a,n/a
7b8fba7b577d06e8e9c277d426f2febf9d90218b,2026-09-18 23:59:19,n/a,iron/applications/llama_3.2_1b/test.py::test_llama_3_2_1b,llama_3.2_1b_prompt_13_tokens_1,5/5,n/a,2.0248,2.022,2.017,2.036,0.008757853618324601,,,,,,n/a,n/a,n/a,n/a,n/a,n/a,n/a,n/a,n/a,n/a,n/a,n/a,n/a,n/a,n/a,n/a,n/a,n/a,n/a,n/a
3c46008581afba09150e5e1adfacf14e74235629,2026-09-24 23:13:03,n/a,iron/applications/llama_3.2_1b/test.py::test_llama_3_2_1b,llama_3.2_1b_prompt_13_tokens_1,5/5,n/a,2.0522,2.058,2.028,2.07,0.01597498043817265,,,,,,n/a,n/a,n/a,n/a,n/a,n/a,n/a,n/a,n/a,n/a,n/a,n/a,n/a,n/a,n/a,n/a,n/a,n/a,n/a,n/a
16c4ae48bf7ddd37912ac654df9b1e86d349fc10,2026-09-25 01:01:38,n/a,iron/applications/llama_3.2_1b/test.py::test_llama_3_2_1b,llama_3.2_1b_prompt_13_tokens_1,5/5,n/a,2.0463999999999998,2.044,2.038,2.06,0.008414273587185144,,,,,,n/a,n/a,n/a,n/a,n/a,n/a,n/a,n/a,n/a,n/a,n/a,n/a,n/a,n/a,n/a,n/a,n/a,n/a,n/a,n/a
ff0792da4e7e81ab4447563e1ef9009ace719704,2026-09-25 02:54:56,n/a,iron/applications/llama_3.2_1b/test.py::test_llama_3_2_1b,llama_3.2_1b_prompt_13_tokens_1,5/5,n/a,2.057,2.06,2.044,2.067,0.009055385138137424,,,,,,n/a,n/a,n/a,n/a,n/a,n/a,n/a,n/a,n/a,n/a,n/a,n/a,n/a,n/a,n/a,n/a,n/a,n/a,n/a,n/a
d210f200c6a190aa43cad7fb7e108687b2cd7376,2026-09-29 01:09:29,n/a,iron/applications/llama_3.2_1b/test.py::test_llama_3_2_1b,llama_3.2_1b_prompt_13_tokens_1,5/5,n/a,2.0568,2.052,2.036,2.082,0.01962651268055534,,,,,,n/a,n/a,n/a,n/a,n/a,n/a,n/a,n/a,n/a,n/a,n/a,n/a,n/a,n/a,n/a,n/a,n/a,n/a,n/a,n/a
ba923dbb1e2f2df0f611c999bbd05bffc045cb2e,2026-09-29 03:58:44,n/a,iron/applications/llama_3.2_1b/test.py::test_llama_3_2_1b,llama_3.2_1b_prompt_13_tokens_1,5/5,yes,2.0494,2.055,2.037,2.059,0.010114346246792312,,,,,,n/a,n/a,n/a,n/a,n/a,n/a,n/a,n/a,n/a,n/a,n/a,n/a,n/a,n/a,n/a,n/a,n/a,n/a,n/a,n/a
821244f42b310daab66474e591120972d6b547eb,2026-09-29 19:46:42,commit 821244f42b | peano 22.0.0+773413fb | mlir_aie 1.4.4.dev53+gd53582d | kernels b07d1f67713f | device NPU Krackan 1 | pmode default,iron/applications/llama_3.2_1b/test.py::test_llama_3_2_1b,llama_3.2_1b_prompt_13_tokens_1,5/5,yes,2.0078,2.009,1.993,2.021,0.010034938963441606,,,,,,,,,,,,,,,,,,,,,,,,,
19f26ebecfff95d0f62dfb309fddf4796936fb5c,2026-10-01 18:21:03,commit 19f26ebecf | peano 22.0.0+773413fb | mlir_aie 1.4.4.dev53+gd53582d | kernels b07d1f67713f | device NPU Krackan 1 | pmode default,iron/applications/llama_3.2_1b/test.py::test_llama_3_2_1b,llama_3.2_1b_prompt_13_tokens_1,5/5,yes,2.0244,2.026,2.006,2.039,0.012054044964243452,,,,,,,,,,,,,,,,,,,,,,,,,
3fc9a6084f934108c5c4982eb6ea39a6fcc55b67,2026-10-01 23:16:26,commit 3fc9a6084f | peano 22.0.0+773413fb | mlir_aie 1.4.4.dev53+gd53582d | kernels b07d1f67713f | device NPU Krackan 1 | pmode default,iron/applications/llama_3.2_1b/test.py::test_llama_3_2_1b,llama_3.2_1b_prompt_13_tokens_1,5/5,yes,2.015,2.011,2.006,2.027,0.00982344135219431,,,,,,,,,,,,,,,,,,,,,,,,,
bc6bed5614c930bb5b50c1d363d63664150b18c9,2026-10-03 01:26:49,commit bc6bed5614 | peano 22.0.0+0006955e | mlir_aie 1.4.4.dev73+g18ca6c1 | kernels 5726d482c21a | runtime CachedXRTRuntime | xdna 2.21.0_20260625 | xrt 2.21.0 | host docker-runner-aa767ab16b62 | device NPU Krackan 1 | pmode default,iron/applications/llama_3.2_1b/test.py::test_llama_3_2_1b,llama_3.2_1b_prompt_13_tokens_1,5/5,yes,2.0242,2.024,2.013,2.037,0.009093954035511713,,,,,,,,,,,,,,,,,,,,,,,,,
d113fdf5634d78ab2b6347de2ef0731aa62e3aaf,2026-10-03 06:21:37,commit d113fdf563 | peano 22.0.0+0006955e | mlir_aie 1.4.4.dev73+g18ca6c1 | kernels 5726d482c21a | runtime CachedXRTRuntime | xdna 2.21.0_20260625 | xrt 2.21.0 | host docker-runner-a51e7da05fd6 | device NPU Krackan 1 | pmode default,iron/applications/llama_3.2_1b/test.py::test_llama_3_2_1b,llama_3.2_1b_prompt_13_tokens_1,5/5,yes,2.0141999999999998,2.023,1.99,2.037,0.020191582404556593,,,,,,,,,,,,,,,,,,,,,,,,,
416c53de436a8336898b5be313cb6d3100ba3795,2026-10-03 08:10:12,commit 416c53de43 | peano 22.0.0+0006955e | mlir_aie 1.4.4.dev73+g18ca6c1 | kernels 5726d482c21a | runtime CachedXRTRuntime | xdna 2.21.0_20260625 | xrt 2.21.0 | host docker-runner-9758eecbd37f | device NPU Krackan 1 | pmode default,iron/applications/llama_3.2_1b/test.py::test_llama_3_2_1b,llama_3.2_1b_prompt_13_tokens_1,5/5,yes,2.0194,2.021,1.999,2.039,0.019047309521294617,,,,,,,,,,,,,,,,,,,,,,,,,
c46c18b5036cadfead94fda952d57fb6e4b7703e,2026-10-03 19:08:54,commit c46c18b503 | peano 22.0.0+0006955e | mlir_aie 1.4.4.dev73+g18ca6c1 | kernels 5726d482c21a | runtime CachedXRTRuntime | xdna 2.21.0_20260625 | xrt 2.21.0 | host docker-runner-4b8f0b048bfe | device NPU Krackan 1 | pmode default,iron/applications/llama_3.2_1b/test.py::test_llama_3_2_1b,llama_3.2_1b_prompt_13_tokens_1,5/5,yes,2.0098,2.009,1.996,2.022,0.009497368056466927,,,,,,,,,,,,,,,,,,,,,,,,,
ef4eaefae3b7d4ac5c40a6971c96a3f9c0a492e8,2026-10-03 21:23:00,commit ef4eaefae3 | peano 22.0.0+0006955e | mlir_aie 1.4.4.dev73+g18ca6c1 | kernels 5726d482c21a | runtime CachedXRTRuntime | xdna 2.21.0_20260625 | xrt 2.21.0 | host docker-runner-d58bb0968eeb | device NPU Krackan 1 | pmode default,iron/applications/llama_3.2_1b/test.py::test_llama_3_2_1b,llama_3.2_1b_prompt_13_tokens_1,5/5,yes,2.0067999999999997,2.002,1.986,2.026,0.01682854717437002,,,,,,,,,,,,,,,,,,,,,,,,,
b73e3f8bb6cdcd6e15cc8ad70e6845dc4807ceec,2026-10-03 23:13:18,commit b73e3f8bb6 | peano 22.0.0+0006955e | mlir_aie 1.4.4.dev73+g18ca6c1 | kernels 5726d482c21a | runtime CachedXRTRuntime | xdna 2.21.0_20260625 | xrt 2.21.0 | host docker-runner-5d71ce1b6e30 | device NPU Krackan 1 | pmode default,iron/applications/llama_3.2_1b/test.py::test_llama_3_2_1b,llama_3.2_1b_prompt_13_tokens_1,5/5,yes,2.009,2.01,1.992,2.023,0.013928388277184104,,,,,,,,,,,,,,,,,,,,,,,,,
79c04e6e05d3d74fa72f6036238edff157dcd94b,2026-10-04 17:58:18,commit 79c04e6e05 | peano 22.0.0+0006955e | mlir_aie 1.4.4.dev73+g18ca6c1 | kernels 5726d482c21a | runtime CachedXRTRuntime | xdna 2.21.0_20260625 | xrt 2.21.0 | host docker-runner-df55d4e7468d | device NPU Krackan 1 | pmode default,iron/applications/llama_3.2_1b/test.py::test_llama_3_2_1b,llama_3.2_1b_prompt_13_tokens_1,5/5,yes,2.0054,2.012,1.985,2.018,0.013974977638622463,,,,,,,,,,,,,,,,,,,,,,,,,
1c1f8e3a544b0bc080e14fb6f6c644d43c0764e3,2026-10-08 02:33:50,commit 1c1f8e3a54 | peano 22.0.0+0006955e | mlir_aie 1.4.4 | kernels 3f815aa696b3 | runtime CachedXRTRuntime | xdna 2.21.0_20260625 | xrt 2.21.0 | host docker-runner-aed82ed20e68 | device NPU Krackan 1 | pmode default,iron/applications/llama_3.2_1b/test.py::test_llama_3_2_1b,llama_3.2_1b_prompt_13_tokens_1,5/5,yes,2.0164,2.009,2.001,2.036,0.01681665840766233,,,,,,,,,,,,,,,,,,,,,,,,,
aae6262bc80636d75d9829ff106037225191e8b7,2026-10-10 07:31:48,commit aae6262bc8 | peano 22.0.0+0006955e | mlir_aie 1.4.4 | kernels 3f815aa696b3 | runtime CachedXRTRuntime | xdna 2.21.0_20260625 | xrt 2.21.0 | host docker-runner-9b4d8ff31bd8 | device NPU Krackan 1 | pmode default,iron/applications/llama_3.2_1b/test.py::test_llama_3_2_1b,llama_3.2_1b_prompt_13_tokens_1,5/5,yes,2.016,2.019,1.999,2.023,0.00969535971483262,,,,,,,,,,,,,,,,,,,,,,,,,
7e6b95b65dcb69d511057cd3d8b565db1e1227e6,2026-04-27 20:45:12,n/a,n/a,llama_3.2_1b_prompt_13_tokens_40,5/5,n/a,2.0818,2.078,2.07,2.103,0.013141537200799743,4.1634,4.161,4.148,4.179,0.011326958991715555,n/a,n/a,n/a,n/a,n/a,n/a,n/a,n/a,n/a,n/a,n/a,n/a,n/a,n/a,n/a,n/a,n/a,n/a,n/a,n/a
5503a9566e74d9b7c3221a857d903c0e3b1b7a98,2026-05-11 23:56:25,n/a,iron/applications/llama_3.2_1b/test.py::test_llama_3_2_1b,llama_3.2_1b_prompt_13_tokens_40,5/5,n/a,2.0808,2.076,2.069,2.096,0.01283354978172452,4.1655999999999995,4.161,4.153,4.18,0.01139298029490095,n/a,n/a,n/a,n/a,n/a,n/a,n/a,n/a,n/a,n/a,n/a,n/a,n/a,n/a,n/a,n/a,n/a,n/a,n/a,n/a
4d4b803c99fe896d0f08aba5dcc86a8f319c18a5,2026-06-22 18:03:47,n/a,iron/applications/llama_3.2_1b/test.py::test_llama_3_2_1b,llama_3.2_1b_prompt_13_tokens_40,5/5,n/a,2.0898,2.095,2.065,2.099,0.013989281611290911,4.1626,4.157,4.147,4.178,0.013315404612703191,n/a,n/a,n/a,n/a,n/a,n/a,n/a,n/a,n/a,n/a,n/a,n/a,n/a,n/a,n/a,n/a,n/a,n/a,n/a,n/a
4bb8427f20b07f0c721e4ded9a63cc4857cb9b9f,2026-06-23 23:17:12,n/a,iron/applications/llama_3.2_1b/test.py::test_llama_3_2_1b,llama_3.2_1b_prompt_13_tokens_40,5/5,n/a,2.0816,2.08,2.074,2.095,0.008080841540334888,4.169,4.17,4.143,4.201,0.02348403713163462,n/a,n/a,n/a,n/a,n/a,n/a,n/a,n/a,n/a,n/a,n/a,n/a,n/a,n/a,n/a,n/a,n/a,n/a,n/a,n/a
9c70ba8f8350e4f79d6043dff79e4011aa12b10f,2026-06-29 17:01:32,n/a,iron/applications/llama_3.2_1b/test.py::test_llama_3_2_1b,llama_3.2_1b_prompt_13_tokens_40,5/5,n/a,2.0726,2.071,2.055,2.104,0.019475625792256365,4.1664,4.166,4.154,4.175,0.00789303490426846,n/a,n/a,n/a,n/a,n/a,n/a,n/a,n/a,n/a,n/a,n/a,n/a,n/a,n/a,n/a,n/a,n/a,n/a,n/a,n/a
573678d204157ebf7421204a5b83e16b2ecbc07e,2026-06-29 18:14:41,n/a,iron/applications/llama_3.2_1b/test.py::test_llama_3_2_1b,llama_3.2_1b_prompt_13_tokens_40,5/5,n/a,2.0696,2.068,2.048,2.09,0.01751570723664904,4.1624,4.162,4.152,4.175,0.009071934744033311,n/a,n/a,n/a,n/a,n/a,n/a,n/a,n/a,n/a,n/a,n/a,n/a,n/a,n/a,n/a,n/a,n/a,n/a,n/a,n/a
95476293949becf9a4579f8e13c98c5f10b87333,2026-07-06 22:52:32,n/a,iron/applications/llama_3.2_1b/test.py::test_llama_3_2_1b,llama_3.2_1b_prompt_13_tokens_40,5/5,n/a,2.0492,2.035,1.923,2.168,0.10719468270394765,3.7846,3.825,3.384,4.147,0.27751990919571895,n/a,n/a,n/a,n/a,n/a,n/a,n/a,n/a,n/a,n/a,n/a,n/a,n/a,n/a,n/a,n/a,n/a,n/a,n/a,n/a
2dd32afdd707b0bcc203d907f079012fcef7e398,2026-07-09 03:46:02,n/a,iron/applications/llama_3.2_1b/test.py::test_llama_3_2_1b,llama_3.2_1b_prompt_13_tokens_40,5/5,n/a,2.0774,2.075,2.063,2.104,0.01622652150030933,4.2894,4.29,4.267,4.311,0.017558473737771137,n/a,n/a,n/a,n/a,n/a,n/a,n/a,n/a,n/a,n/a,n/a,n/a,n/a,n/a,n/a,n/a,n/a,n/a,n/a,n/a
f2ce7b0b7f9832bc41fa9c5c259f5b48e1860c92,2026-07-09 19:10:10,n/a,iron/applications/llama_3.2_1b/test.py::test_llama_3_2_1b,llama_3.2_1b_prompt_13_tokens_40,5/5,n/a,2.0994,2.098,2.097,2.105,0.0032093613071762627,7.219,7.224,7.186,7.263,0.02987473849257927,n/a,n/a,n/a,n/a,n/a,n/a,n/a,n/a,n/a,n/a,n/a,n/a,n/a,n/a,n/a,n/a,n/a,n/a,n/a,n/a
c9bc0365f2d406dacfe18c8bf99a3f22773763ef,2026-07-09 21:58:26,n/a,iron/applications/llama_3.2_1b/test.py::test_llama_3_2_1b,llama_3.2_1b_prompt_13_tokens_40,5/5,n/a,2.092,2.101,2.063,2.102,0.016613247725836052,7.2404,7.236,7.223,7.275,0.020995237555217396,n/a,n/a,n/a,n/a,n/a,n/a,n/a,n/a,n/a,n/a,n/a,n/a,n/a,n/a,n/a,n/a,n/a,n/a,n/a,n/a
17769b86a9a7dc68fb04ec6636a233b2adb4d543,2026-07-09 22:38:40,n/a,iron/applications/llama_3.2_1b/test.py::test_llama_3_2_1b,llama_3.2_1b_prompt_13_tokens_40,5/5,n/a,2.0906,2.098,2.067,2.105,0.01721336689901189,7.236,7.238,7.223,7.247,0.009027735042633933,n/a,n/a,n/a,n/a,n/a,n/a,n/a,n/a,n/a,n/a,n/a,n/a,n/a,n/a,n/a,n/a,n/a,n/a,n/a,n/a
1f9e5a9e242a43b3458044cacbb7d66fe4084108,2026-07-13 18:05:37,n/a,iron/applications/llama_3.2_1b/test.py::test_llama_3_2_1b,llama_3.2_1b_prompt_13_tokens_40,5/5,n/a,2.0808,2.076,2.057,2.116,0.021649480363278996,7.2352,7.235,7.201,7.269,0.0240665743303863,n/a,n/a,n/a,n/a,n/a,n/a,n/a,n/a,n/a,n/a,n/a,n/a,n/a,n/a,n/a,n/a,n/a,n/a,n/a,n/a
e216c2fb6902d374b508fef6b3f41e0ba4936257,2026-07-13 21:54:52,n/a,iron/applications/llama_3.2_1b/test.py::test_llama_3_2_1b,llama_3.2_1b_prompt_13_tokens_40,5/5,n/a,2.0958,2.095,2.08,2.115,0.012716131487209497,7.5164,7.52,7.486,7.533,0.01786896751354163,n/a,n/a,n/a,n/a,n/a,n/a,n/a,n/a,n/a,n/a,n/a,n/a,n/a,n/a,n/a,n/a,n/a,n/a,n/a,n/a
8bdb3ed538cc84bd181a5d4e09f87b173197e844,2026-07-23 22:07:50,n/a,iron/applications/llama_3.2_1b/test.py::test_llama_3_2_1b,llama_3.2_1b_prompt_13_tokens_40,5/5,n/a,2.0852,2.081,2.076,2.101,0.009833615815151592,7.5447999999999995,7.542,7.497,7.6,0.037465984572676005,n/a,n/a,n/a,n/a,n/a,n/a,n/a,n/a,n/a,n/a,n/a,n/a,n/a,n/a,n/a,n/a,n/a,n/a,n/a,n/a
2fadedaae4558cd201075ac68580c42c30dd6e77,2026-07-24 02:56:27,n/a,iron/applications/llama_3.2_1b/test.py::test_llama_3_2_1b,llama_3.2_1b_prompt_13_tokens_40,5/5,n/a,2.0604,2.065,2.018,2.088,0.029466930617219094,7.5554,7.539,7.508,7.608,0.04336819110823052,n/a,n/a,n/a,n/a,n/a,n/a,n/a,n/a,n/a,n/a,n/a,n/a,n/a,n/a,n/a,n/a,n/a,n/a,n/a,n/a
2bc7f53e92f1253c63bf9de7bf5a7a7a9dc2cecd,2026-07-24 15:10:50,n/a,iron/applications/llama_3.2_1b/test.py::test_llama_3_2_1b,llama_3.2_1b_prompt_13_tokens_40,5/5,n/a,2.0544,2.051,2.037,2.082,0.01930802941783544,7.5168,7.519,7.494,7.53,0.014237275020171688,n/a,n/a,n/a,n/a,n/a,n/a,n/a,n/a,n/a,n/a,n/a,n/a,n/a,n/a,n/a,n/a,n/a,n/a,n/a,n/a
dac2841bead4e693b6102a5e3a3d6e5bfe5a2d56,2026-07-24 21:16:08,n/a,iron/applications/llama_3.2_1b/test.py::test_llama_3_2_1b,llama_3.2_1b_prompt_13_tokens_40,5/5,n/a,2.0665999999999998,2.066,2.059,2.073,0.005128352561983163,7.5416,7.534,7.527,7.562,0.01507647173578759,n/a,n/a,n/a,n/a,n/a,n/a,n/a,n/a,n/a,n/a,n/a,n/a,n/a,n/a,n/a,n/a,n/a,n/a,n/a,n/a
826c238e19c5eef5633b70378f5141bfb1b8f06e,2026-07-28 16:23:27,n/a,iron/applications/llama_3.2_1b/test.py::test_llama_3_2_1b,llama_3.2_1b_prompt_13_tokens_40,5/5,n/a,2.0508,2.045,2.036,2.076,0.0164225454787009,7.537,7.533,7.53,7.549,0.007905694150421033,n/a,n/a,n/a,n/a,n/a,n/a,n/a,n/a,n/a,n/a,n/a,n/a,n/a,n/a,n/a,n/a,n/a,n/a,n/a,n/a
ece908d13b44782f959bd2178ca40c1160ddfadc,2026-07-31 18:21:13,n/a,iron/applications/llama_3.2_1b/test.py::test_llama_3_2_1b,llama_3.2_1b_prompt_13_tokens_40,5/5,n/a,2.0423999999999998,2.045,2.028,2.052,0.009914635646356324,7.507,7.512,7.476,7.538,0.02645751311064603,n/a,n/a,n/a,n/a,n/a,n/a,n/a,n/a,n/a,n/a,n/a,n/a,n/a,n/a,n/a,n/a,n/a,n/a,n/a,n/a
2df13d51af1a5618cfc7cea2b231cf94477280be,2026-07-31 22:17:15,n/a,iron/applications/llama_3.2_1b/test.py::test_llama_3_2_1b,llama_3.2_1b_prompt_13_tokens_40,5/5,n/a,2.1036,2.099,2.089,2.136,0.01899473611293404,7.5092,7.503,7.495,7.528,0.014096098751072676,n/a,n/a,n/a,n/a,n/a,n/a,n/a,n/a,n/a,n/a,n/a,n/a,n/a,n/a,n/a,n/a,n/a,n/a,n/a,n/a
c42605df3bf5fa808e25d47acfacc674fd4989e3,2026-07-31 23:14:59,n/a,iron/applications/llama_3.2_1b/test.py::test_llama_3_2_1b,llama_3.2_1b_prompt_13_tokens_40,5/5,n/a,2.0928,2.093,2.073,2.109,0.014839137441239632,7.5232,7.525,7.515,7.53,0.006870225614927151,n/a,n/a,n/a,n/a,n/a,n/a,n/a,n/a,n/a,n/a,n/a,n/a,n/a,n/a,n/a,n/a,n/a,n/a,n/a,n/a
8f90c4342be1dfd9ef95ddfabaefec225d19b9c2,2026-08-01 01:55:33,n/a,iron/applications/llama_3.2_1b/test.py::test_llama_3_2_1b,llama_3.2_1b_prompt_13_tokens_40,5/5,n/a,2.0802,2.087,2.062,2.094,0.01597498043817268,7.4994000000000005,7.491,7.479,7.538,0.02472448179436736,n/a,n/a,n/a,n/a,n/a,n/a,n/a,n/a,n/a,n/a,n/a,n/a,n/a,n/a,n/a,n/a,n/a,n/a,n/a,n/a
cdc48e93fd2c8776105780790c46ba4bca1bc40e,2026-08-03 16:32:13,n/a,iron/applications/llama_3.2_1b/test.py::test_llama_3_2_1b,llama_3.2_1b_prompt_13_tokens_40,5/5,n/a,2.0204,2.019,2.008,2.04,0.012054044964243366,7.542,7.527,7.515,7.602,0.03536947836765498,n/a,n/a,n/a,n/a,n/a,n/a,n/a,n/a,n/a,n/a,n/a,n/a,n/a,n/a,n/a,n/a,n/a,n/a,n/a,n/a
ee933b19f8c5c2fe130f1a88c8a632ff599b7361,2026-08-24 22:39:36,n/a,iron/applications/llama_3.2_1b/test.py::test_llama_3_2_1b,llama_3.2_1b_prompt_13_tokens_40,5/5,n/a,2.017,2.018,1.986,2.033,0.018801595676963177,7.5354,7.543,7.505,7.566,0.024047868928451874,n/a,n/a,n/a,n/a,n/a,n/a,n/a,n/a,n/a,n/a,n/a,n/a,n/a,n/a,n/a,n/a,n/a,n/a,n/a,n/a
aab8083822521ab13cfafc696fe281680f818b78,2026-08-25 22:30:36,n/a,iron/applications/llama_3.2_1b/test.py::test_llama_3_2_1b,llama_3.2_1b_prompt_13_tokens_40,5/5,n/a,2.0288,2.029,1.993,2.051,0.02240981927637972,7.6112,7.603,7.595,7.634,0.01652876280911576,n/a,n/a,n/a,n/a,n/a,n/a,n/a,n/a,n/a,n/a,n/a,n/a,n/a,n/a,n/a,n/a,n/a,n/a,n/a,n/a
8982f0cf1df89c0639f7b4f65dfdf9c92a26eb2e,2026-08-28 19:32:02,n/a,iron/applications/llama_3.2_1b/test.py::test_llama_3_2_1b,llama_3.2_1b_prompt_13_tokens_40,5/5,n/a,2.0144,2.014,1.994,2.032,0.014397916515940811,7.6228,7.629,7.592,7.644,0.02228676737438627,n/a,n/a,n/a,n/a,n/a,n/a,n/a,n/a,n/a,n/a,n/a,n/a,n/a,n/a,n/a,n/a,n/a,n/a,n/a,n/a
480e1e0928d15302e781b88602b5b1b30ce263de,2026-08-28 22:10:31,n/a,iron/applications/llama_3.2_1b/test.py::test_llama_3_2_1b,llama_3.2_1b_prompt_13_tokens_40,5/5,n/a,2.0326,2.017,2.014,2.062,0.023383755044902397,7.6128,7.613,7.602,7.628,0.009628083921528733,n/a,n/a,n/a,n/a,n/a,n/a,n/a,n/a,n/a,n/a,n/a,n/a,n/a,n/a,n/a,n/a,n/a,n/a,n/a,n/a
3ad2eb29cf830eacaec30ef1bf90a5d8fc58d6ae,2026-08-29 00:45:19,n/a,iron/applications/llama_3.2_1b/test.py::test_llama_3_2_1b,llama_3.2_1b_prompt_13_tokens_40,5/5,n/a,2.0284,2.035,2.007,2.049,0.0170528589978337,7.5828,7.581,7.562,7.603,0.018430952227163795,n/a,n/a,n/a,n/a,n/a,n/a,n/a,n/a,n/a,n/a,n/a,n/a,n/a,n/a,n/a,n/a,n/a,n/a,n/a,n/a
d9e4ec5fab71d34365befd8127f86c5a676a6ae1,2026-08-29 05:20:05,n/a,iron/applications/llama_3.2_1b/test.py::test_llama_3_2_1b,llama_3.2_1b_prompt_13_tokens_40,5/5,n/a,2.0202,2.022,1.993,2.039,0.01801943395337378,7.594,7.601,7.567,7.605,0.015652475842498494,n/a,n/a,n/a,n/a,n/a,n/a,n/a,n/a,n/a,n/a,n/a,n/a,n/a,n/a,n/a,n/a,n/a,n/a,n/a,n/a
a279467af0bacde5d7fe3bc5ce67e762386f8aef,2026-08-31 16:15:52,n/a,iron/applications/llama_3.2_1b/test.py::test_llama_3_2_1b,llama_3.2_1b_prompt_13_tokens_40,5/5,n/a,2.0204,2.024,2.001,2.035,0.014536161804272935,7.6098,7.608,7.593,7.641,0.01974082065163454,n/a,n/a,n/a,n/a,n/a,n/a,n/a,n/a,n/a,n/a,n/a,n/a,n/a,n/a,n/a,n/a,n/a,n/a,n/a,n/a
0d9ebcdd72f5eb85858ddfb0060cf463bedccf02,2026-09-02 20:49:52,n/a,iron/applications/llama_3.2_1b/test.py::test_llama_3_2_1b,llama_3.2_1b_prompt_13_tokens_40,5/5,n/a,2.0208,2.027,1.995,2.045,0.022275547131327605,7.6032,7.593,7.586,7.634,0.020413231003444783,n/a,n/a,n/a,n/a,n/a,n/a,n/a,n/a,n/a,n/a,n/a,n/a,n/a,n/a,n/a,n/a,n/a,n/a,n/a,n/a
d3a2d456dc436da9898e889f9893b0cf2f6094cf,2026-09-03 16:04:33,n/a,iron/applications/llama_3.2_1b/test.py::test_llama_3_2_1b,llama_3.2_1b_prompt_13_tokens_40,5/5,n/a,2.0148,2.016,2.003,2.028,0.009093954035511687,7.6312,7.61,7.558,7.764,0.07878578551997824,n/a,n/a,n/a,n/a,n/a,n/a,n/a,n/a,n/a,n/a,n/a,n/a,n/a,n/a,n/a,n/a,n/a,n/a,n/a,n/a
deb6e1e7cd1e3aefcf7530108a4647a1d967ce18,2026-09-03 22:57:17,n/a,iron/applications/llama_3.2_1b/test.py::test_llama_3_2_1b,llama_3.2_1b_prompt_13_tokens_40,5/5,n/a,2.0292,2.029,2.003,2.053,0.017894133116750786,7.6084,7.608,7.584,7.629,0.016501515081955295,n/a,n/a,n/a,n/a,n/a,n/a,n/a,n/a,n/a,n/a,n/a,n/a,n/a,n/a,n/a,n/a,n/a,n/a,n/a,n/a
b091dbd67cde3034a2c666982d742a85c454a639,2026-09-09 01:01:33,n/a,iron/applications/llama_3.2_1b/test.py::test_llama_3_2_1b,llama_3.2_1b_prompt_13_tokens_40,5/5,n/a,2.0187999999999997,2.025,1.98,2.042,0.024953957601951602,7.5854,7.595,7.558,7.612,0.02572547375657066,n/a,n/a,n/a,n/a,n/a,n/a,n/a,n/a,n/a,n/a,n/a,n/a,n/a,n/a,n/a,n/a,n/a,n/a,n/a,n/a
72002fbf3238fd5fb011a5dc4b3dd5feca4af41e,2026-09-09 02:03:24,n/a,iron/applications/llama_3.2_1b/test.py::test_llama_3_2_1b,llama_3.2_1b_prompt_13_tokens_40,5/5,n/a,2.0312,2.037,2.014,2.047,0.013700364958642599,7.6314,7.64,7.6,7.654,0.021161285405192257,n/a,n/a,n/a,n/a,n/a,n/a,n/a,n/a,n/a,n/a,n/a,n/a,n/a,n/a,n/a,n/a,n/a,n/a,n/a,n/a
7b5542754a9faee03229776cdbb9f4b215742c72,2026-09-11 19:24:52,n/a,iron/applications/llama_3.2_1b/test.py::test_llama_3_2_1b,llama_3.2_1b_prompt_13_tokens_40,5/5,n/a,2.0294,2.032,2.018,2.036,0.006841052550594928,7.6324,7.62,7.614,7.67,0.024089416763383796,n/a,n/a,n/a,n/a,n/a,n/a,n/a,n/a,n/a,n/a,n/a,n/a,n/a,n/a,n/a,n/a,n/a,n/a,n/a,n/a
b2eb0906a5bdee54975caa19433aaee44ec11aae,2026-09-11 23:17:22,n/a,iron/applications/llama_3.2_1b/test.py::test_llama_3_2_1b,llama_3.2_1b_prompt_13_tokens_40,5/5,n/a,2.0274,2.029,1.994,2.055,0.025363359398944015,7.6344,7.633,7.625,7.643,0.007536577472566668,n/a,n/a,n/a,n/a,n/a,n/a,n/a,n/a,n/a,n/a,n/a,n/a,n/a,n/a,n/a,n/a,n/a,n/a,n/a,n/a
7fa2bc13c141b32b2e2bbf7149731030e3fa1916,2026-09-12 00:10:31,n/a,iron/applications/llama_3.2_1b/test.py::test_llama_3_2_1b,llama_3.2_1b_prompt_13_tokens_40,5/5,n/a,2.0262,2.029,2.017,2.037,0.008197560612767637,7.6122,7.612,7.576,7.649,0.032965133095438956,n/a,n/a,n/a,n/a,n/a,n/a,n/a,n/a,n/a,n/a,n/a,n/a,n/a,n/a,n/a,n/a,n/a,n/a,n/a,n/a
8354a4cab799ca684f8d2fd6db7716323ca44a76,2026-09-12 01:23:59,n/a,iron/applications/llama_3.2_1b/test.py::test_llama_3_2_1b,llama_3.2_1b_prompt_13_tokens_40,5/5,n/a,2.0334,2.035,2.002,2.066,0.02599615356163295,7.6198,7.624,7.583,7.644,0.02286263326915775,n/a,n/a,n/a,n/a,n/a,n/a,n/a,n/a,n/a,n/a,n/a,n/a,n/a,n/a,n/a,n/a,n/a,n/a,n/a,n/a
abd8bb14c4f9cd348b94c068d748bd6f0880074d,2026-09-12 02:40:58,n/a,iron/applications/llama_3.2_1b/test.py::test_llama_3_2_1b,llama_3.2_1b_prompt_13_tokens_40,5/5,n/a,2.0263999999999998,2.021,2.01,2.058,0.01842009771961047,7.5858,7.574,7.559,7.617,0.02450918195289257,n/a,n/a,n/a,n/a,n/a,n/a,n/a,n/a,n/a,n/a,n/a,n/a,n/a,n/a,n/a,n/a,n/a,n/a,n/a,n/a
cd5840c9835387ea1406bbbfe133c9fc0f8052b5,2026-09-12 03:25:42,n/a,iron/applications/llama_3.2_1b/test.py::test_llama_3_2_1b,llama_3.2_1b_prompt_13_tokens_40,5/5,n/a,2.0244,2.024,2.005,2.042,0.01474109900923266,7.625,7.614,7.611,7.663,0.022124646889837788,n/a,n/a,n/a,n/a,n/a,n/a,n/a,n/a,n/a,n/a,n/a,n/a,n/a,n/a,n/a,n/a,n/a,n/a,n/a,n/a
2191fe0741e6b6c2b5efe245a33fba5afa6b717a,2026-09-14 21:15:13,n/a,iron/applications/llama_3.2_1b/test.py::test_llama_3_2_1b,llama_3.2_1b_prompt_13_tokens_40,5/5,n/a,2.0254,2.031,2.0,2.049,0.020743673734418416,7.6218,7.614,7.575,7.694,0.043648596770113866,n/a,n/a,n/a,n/a,n/a,n/a,n/a,n/a,n/a,n/a,n/a,n/a,n/a,n/a,n/a,n/a,n/a,n/a,n/a,n/a
1fd3dab6a1aadf41efc721a4cafab437a0a3ebbb,2026-09-16 21:46:27,n/a,iron/applications/llama_3.2_1b/test.py::test_llama_3_2_1b,llama_3.2_1b_prompt_13_tokens_40,5/5,n/a,2.0418,2.046,2.019,2.057,0.01648332490731155,7.6106,7.61,7.579,7.643,0.022963013739489828,n/a,n/a,n/a,n/a,n/a,n/a,n/a,n/a,n/a,n/a,n/a,n/a,n/a,n/a,n/a,n/a,n/a,n/a,n/a,n/a
191b7bc5aa05c57a83253c491ab06ec369d96e8b,2026-09-17 21:28:16,n/a,iron/applications/llama_3.2_1b/test.py::test_llama_3_2_1b,llama_3.2_1b_prompt_13_tokens_40,5/5,n/a,2.0238,2.027,2.003,2.04,0.013845576911057134,7.611,7.606,7.574,7.68,0.04266145801540295,n/a,n/a,n/a,n/a,n/a,n/a,n/a,n/a,n/a,n/a,n/a,n/a,n/a,n/a,n/a,n/a,n/a,n/a,n/a,n/a
3873943a88057a526f40bcad7dc9371b37696a12,2026-09-17 23:05:23,n/a,iron/applications/llama_3.2_1b/test.py::test_llama_3_2_1b,llama_3.2_1b_prompt_13_tokens_40,5/5,n/a,2.028,2.037,2.008,2.043,0.017972200755611505,7.621,7.628,7.597,7.644,0.01910497317454273,n/a,n/a,n/a,n/a,n/a,n/a,n/a,n/a,n/a,n/a,n/a,n/a,n/a,n/a,n/a,n/a,n/a,n/a,n/a,n/a
0c0eaee3be2dbf3bfc92d26c83e258c3a91c80ce,2026-09-18 00:00:30,n/a,iron/applications/llama_3.2_1b/test.py::test_llama_3_2_1b,llama_3.2_1b_prompt_13_tokens_40,5/5,n/a,2.019,2.012,2.01,2.038,0.01178982612255157,7.6044,7.599,7.57,7.63,0.025402755756019586,n/a,n/a,n/a,n/a,n/a,n/a,n/a,n/a,n/a,n/a,n/a,n/a,n/a,n/a,n/a,n/a,n/a,n/a,n/a,n/a
27cf75d7c582f03a5d1f2e2c4f18736d27a39484,2026-09-18 15:30:58,n/a,iron/applications/llama_3.2_1b/test.py::test_llama_3_2_1b,llama_3.2_1b_prompt_13_tokens_40,5/5,n/a,2.0016,2.008,1.969,2.027,0.026063384277564584,7.6368,7.633,7.621,7.673,0.02119433886678229,n/a,n/a,n/a,n/a,n/a,n/a,n/a,n/a,n/a,n/a,n/a,n/a,n/a,n/a,n/a,n/a,n/a,n/a,n/a,n/a
d603ab9fd2ec40765de8bd04720f658c9356d301,2026-09-18 19:40:24,n/a,iron/applications/llama_3.2_1b/test.py::test_llama_3_2_1b,llama_3.2_1b_prompt_13_tokens_40,5/5,n/a,2.0106,1.998,1.992,2.035,0.022389729788454407,7.6474,7.654,7.615,7.668,0.021326040420106065,n/a,n/a,n/a,n/a,n/a,n/a,n/a,n/a,n/a,n/a,n/a,n/a,n/a,n/a,n/a,n/a,n/a,n/a,n/a,n/a
5320ada106824566fc543be6795fd8473309aa8a,2026-09-18 21:00:25,n/a,iron/applications/llama_3.2_1b/test.py::test_llama_3_2_1b,llama_3.2_1b_prompt_13_tokens_40,5/5,n/a,2.0126,2.009,2.002,2.028,0.01016366075781758,7.6373999999999995,7.641,7.619,7.649,0.011171392035015259,n/a,n/a,n/a,n/a,n/a,n/a,n/a,n/a,n/a,n/a,n/a,n/a,n/a,n/a,n/a,n/a,n/a,n/a,n/a,n/a
2e6839dc8471dd927c6cc4e82e4cec2d1cfe6986,2026-09-18 22:33:17,n/a,iron/applications/llama_3.2_1b/test.py::test_llama_3_2_1b,llama_3.2_1b_prompt_13_tokens_40,5/5,n/a,2.0162,2.014,2.006,2.025,0.007791020472313081,7.6528,7.658,7.63,7.665,0.014096098751073007,n/a,n/a,n/a,n/a,n/a,n/a,n/a,n/a,n/a,n/a,n/a,n/a,n/a,n/a,n/a,n/a,n/a,n/a,n/a,n/a
7b8fba7b577d06e8e9c277d426f2febf9d90218b,2026-09-18 23:59:19,n/a,iron/applications/llama_3.2_1b/test.py::test_llama_3_2_1b,llama_3.2_1b_prompt_13_tokens_40,5/5,n/a,2.0208,2.025,1.997,2.044,0.022420972325035312,7.5956,7.609,7.561,7.629,0.03150872894929268,n/a,n/a,n/a,n/a,n/a,n/a,n/a,n/a,n/a,n/a,n/a,n/a,n/a,n/a,n/a,n/a,n/a,n/a,n/a,n/a
3c46008581afba09150e5e1adfacf14e74235629,2026-09-24 23:13:03,n/a,iron/applications/llama_3.2_1b/test.py::test_llama_3_2_1b,llama_3.2_1b_prompt_13_tokens_40,5/5,n/a,2.0598,2.068,2.032,2.072,0.01658915308266216,3.1328,3.131,3.122,3.141,0.008197560612767735,n/a,n/a,n/a,n/a,n/a,n/a,n/a,n/a,n/a,n/a,n/a,n/a,n/a,n/a,n/a,n/a,n/a,n/a,n/a,n/a
16c4ae48bf7ddd37912ac654df9b1e86d349fc10,2026-09-25 01:01:38,n/a,iron/applications/llama_3.2_1b/test.py::test_llama_3_2_1b,llama_3.2_1b_prompt_13_tokens_40,5/5,n/a,2.0532,2.052,2.032,2.078,0.016724233913695336,3.1318,3.13,3.129,3.139,0.004207136793592448,n/a,n/a,n/a,n/a,n/a,n/a,n/a,n/a,n/a,n/a,n/a,n/a,n/a,n/a,n/a,n/a,n/a,n/a,n/a,n/a
ff0792da4e7e81ab4447563e1ef9009ace719704,2026-09-25 02:54:56,n/a,iron/applications/llama_3.2_1b/test.py::test_llama_3_2_1b,llama_3.2_1b_prompt_13_tokens_40,5/5,n/a,2.0522,2.061,2.034,2.065,0.015352524222420302,3.1304,3.134,3.119,3.135,0.006655824516917339,n/a,n/a,n/a,n/a,n/a,n/a,n/a,n/a,n/a,n/a,n/a,n/a,n/a,n/a,n/a,n/a,n/a,n/a,n/a,n/a
d210f200c6a190aa43cad7fb7e108687b2cd7376,2026-09-29 01:09:29,n/a,iron/applications/llama_3.2_1b/test.py::test_llama_3_2_1b,llama_3.2_1b_prompt_13_tokens_40,5/5,n/a,2.0488,2.047,2.034,2.066,0.011649034294738774,3.1246,3.124,3.121,3.128,0.0026076809620810704,n/a,n/a,n/a,n/a,n/a,n/a,n/a,n/a,n/a,n/a,n/a,n/a,n/a,n/a,n/a,n/a,n/a,n/a,n/a,n/a
ba923dbb1e2f2df0f611c999bbd05bffc045cb2e,2026-09-29 03:58:44,n/a,iron/applications/llama_3.2_1b/test.py::test_llama_3_2_1b,llama_3.2_1b_prompt_13_tokens_40,5/5,yes,2.0544000000000002,2.051,2.042,2.067,0.010334408546211189,3.1226,3.124,3.11,3.131,0.007797435475847158,n/a,n/a,n/a,n/a,n/a,n/a,n/a,n/a,n/a,n/a,n/a,n/a,n/a,n/a,n/a,n/a,n/a,n/a,n/a,n/a
821244f42b310daab66474e591120972d6b547eb,2026-09-29 19:46:42,commit 821244f42b | peano 22.0.0+773413fb | mlir_aie 1.4.4.dev53+gd53582d | kernels b07d1f67713f | device NPU Krackan 1 | pmode default,iron/applications/llama_3.2_1b/test.py::test_llama_3_2_1b,llama_3.2_1b_prompt_13_tokens_40,5/5,yes,2.0012,2.005,1.976,2.02,0.01851215816699932,7.5732,7.572,7.556,7.59,0.01302689525558563,,,,,,,,,,,,,,,,,,,,
19f26ebecfff95d0f62dfb309fddf4796936fb5c,2026-10-01 18:21:03,commit 19f26ebecf | peano 22.0.0+773413fb | mlir_aie 1.4.4.dev53+gd53582d | kernels b07d1f67713f | device NPU Krackan 1 | pmode default,iron/applications/llama_3.2_1b/test.py::test_llama_3_2_1b,llama_3.2_1b_prompt_13_tokens_40,5/5,yes,2.0086,2.014,1.997,2.017,0.009343446901438398,7.5724,7.571,7.529,7.612,0.029652993103563827,,,,,,,,,,,,,,,,,,,,
3fc9a6084f934108c5c4982eb6ea39a6fcc55b67,2026-10-01 23:16:26,commit 3fc9a6084f | peano 22.0.0+773413fb | mlir_aie 1.4.4.dev53+gd53582d | kernels b07d1f67713f | device NPU Krackan 1 | pmode default,iron/applications/llama_3.2_1b/test.py::test_llama_3_2_1b,llama_3.2_1b_prompt_13_tokens_40,5/5,yes,2.0118,2.014,1.983,2.038,0.02254329168511103,7.5606,7.561,7.533,7.576,0.016979399282659992,,,,,,,,,,,,,,,,,,,,
bc6bed5614c930bb5b50c1d363d63664150b18c9,2026-10-03 01:26:49,commit bc6bed5614 | peano 22.0.0+0006955e | mlir_aie 1.4.4.dev73+g18ca6c1 | kernels 5726d482c21a | runtime CachedXRTRuntime | xdna 2.21.0_20260625 | xrt 2.21.0 | host docker-runner-aa767ab16b62 | device NPU Krackan 1 | pmode default,iron/applications/llama_3.2_1b/test.py::test_llama_3_2_1b,llama_3.2_1b_prompt_13_tokens_40,5/5,yes,2.0192,2.02,1.999,2.035,0.015056560032092364,7.6298,7.631,7.563,7.684,0.04654782486862322,,,,,,,,,,,,,,,,,,,,
d113fdf5634d78ab2b6347de2ef0731aa62e3aaf,2026-10-03 06:21:37,commit d113fdf563 | peano 22.0.0+0006955e | mlir_aie 1.4.4.dev73+g18ca6c1 | kernels 5726d482c21a | runtime CachedXRTRuntime | xdna 2.21.0_20260625 | xrt 2.21.0 | host docker-runner-a51e7da05fd6 | device NPU Krackan 1 | pmode default,iron/applications/llama_3.2_1b/test.py::test_llama_3_2_1b,llama_3.2_1b_prompt_13_tokens_40,5/5,yes,2.0016,2.004,1.981,2.032,0.01983179265724606,7.6426,7.645,7.601,7.679,0.03046801601680033,,,,,,,,,,,,,,,,,,,,
416c53de436a8336898b5be313cb6d3100ba3795,2026-10-03 08:10:12,commit 416c53de43 | peano 22.0.0+0006955e | mlir_aie 1.4.4.dev73+g18ca6c1 | kernels 5726d482c21a | runtime CachedXRTRuntime | xdna 2.21.0_20260625 | xrt 2.21.0 | host docker-runner-9758eecbd37f | device NPU Krackan 1 | pmode default,iron/applications/llama_3.2_1b/test.py::test_llama_3_2_1b,llama_3.2_1b_prompt_13_tokens_40,5/5,yes,2.0046,2.006,1.989,2.025,0.014081903280451757,7.619800000000001,7.615,7.607,7.649,0.016649324310613823,,,,,,,,,,,,,,,,,,,,
c46c18b5036cadfead94fda952d57fb6e4b7703e,2026-10-03 19:08:54,commit c46c18b503 | peano 22.0.0+0006955e | mlir_aie 1.4.4.dev73+g18ca6c1 | kernels 5726d482c21a | runtime CachedXRTRuntime | xdna 2.21.0_20260625 | xrt 2.21.0 | host docker-runner-4b8f0b048bfe | device NPU Krackan 1 | pmode default,iron/applications/llama_3.2_1b/test.py::test_llama_3_2_1b,llama_3.2_1b_prompt_13_tokens_40,5/5,yes,2.0128,2.018,1.982,2.029,0.01807484439767044,7.618,7.611,7.577,7.674,0.035171010790138124,,,,,,,,,,,,,,,,,,,,
ef4eaefae3b7d4ac5c40a6971c96a3f9c0a492e8,2026-10-03 21:23:00,commit ef4eaefae3 | peano 22.0.0+0006955e | mlir_aie 1.4.4.dev73+g18ca6c1 | kernels 5726d482c21a | runtime CachedXRTRuntime | xdna 2.21.0_20260625 | xrt 2.21.0 | host docker-runner-d58bb0968eeb | device NPU Krackan 1 | pmode default,iron/applications/llama_3.2_1b/test.py::test_llama_3_2_1b,llama_3.2_1b_prompt_13_tokens_40,5/5,yes,2.011,2.023,1.958,2.033,0.030323258400112605,7.6038,7.606,7.583,7.624,0.014703741020570074,,,,,,,,,,,,,,,,,,,,
b73e3f8bb6cdcd6e15cc8ad70e6845dc4807ceec,2026-10-03 23:13:18,commit b73e3f8bb6 | peano 22.0.0+0006955e | mlir_aie 1.4.4.dev73+g18ca6c1 | kernels 5726d482c21a | runtime CachedXRTRuntime | xdna 2.21.0_20260625 | xrt 2.21.0 | host docker-runner-5d71ce1b6e30 | device NPU Krackan 1 | pmode default,iron/applications/llama_3.2_1b/test.py::test_llama_3_2_1b,llama_3.2_1b_prompt_13_tokens_40,5/5,yes,2.009,2.009,1.995,2.025,0.01240967364599076,7.6012,7.612,7.57,7.617,0.02009228707738368,,,,,,,,,,,,,,,,,,,,
79c04e6e05d3d74fa72f6036238edff157dcd94b,2026-10-04 17:58:18,commit 79c04e6e05 | peano 22.0.0+0006955e | mlir_aie 1.4.4.dev73+g18ca6c1 | kernels 5726d482c21a | runtime CachedXRTRuntime | xdna 2.21.0_20260625 | xrt 2.21.0 | host docker-runner-df55d4e7468d | device NPU Krackan 1 | pmode default,iron/applications/llama_3.2_1b/test.py::test_llama_3_2_1b,llama_3.2_1b_prompt_13_tokens_40,5/5,yes,2.021,2.022,2.013,2.031,0.007245688373094764,7.5952,7.594,7.566,7.634,0.029777508290654685,,,,,,,,,,,,,,,,,,,,
1c1f8e3a544b0bc080e14fb6f6c644d43c0764e3,2026-10-08 02:33:50,commit 1c1f8e3a54 | peano 22.0.0+0006955e | mlir_aie 1.4.4 | kernels 3f815aa696b3 | runtime CachedXRTRuntime | xdna 2.21.0_20260625 | xrt 2.21.0 | host docker-runner-aed82ed20e68 | device NPU Krackan 1 | pmode default,iron/applications/llama_3.2_1b/test.py::test_llama_3_2_1b,llama_3.2_1b_prompt_13_tokens_40,5/5,yes,2.0166,2.017,1.993,2.035,0.0154693244842818,7.593999999999999,7.6,7.571,7.62,0.022169799277395458,,,,,,,,,,,,,,,,,,,,
aae6262bc80636d75d9829ff106037225191e8b7,2026-10-10 07:31:48,commit aae6262bc8 | peano 22.0.0+0006955e | mlir_aie 1.4.4 | kernels 3f815aa696b3 | runtime CachedXRTRuntime | xdna 2.21.0_20260625 | xrt 2.21.0 | host docker-runner-9b4d8ff31bd8 | device NPU Krackan 1 | pmode default,iron/applications/llama_3.2_1b/test.py::test_llama_3_2_1b,llama_3.2_1b_prompt_13_tokens_40,5/5,yes,2.0094,2.012,1.991,2.02,0.011414902540100755,7.5848,7.584,7.57,7.602,0.013773162309360806,,,,,,,,,,,,,,,,,,,,
79c04e6e05d3d74fa72f6036238edff157dcd94b,2026-10-04 17:58:18,commit 79c04e6e05 | peano 22.0.0+0006955e | mlir_aie 1.4.4.dev73+g18ca6c1 | kernels 5726d482c21a | runtime CachedXRTRuntime | xdna 2.21.0_20260625 | xrt 2.21.0 | host docker-runner-df55d4e7468d | device NPU Krackan 1 | pmode default,iron/applications/gemma4_flm/test.py::test_iron_matches_engine,prompt_long_prompt,5/5,yes,2.31534,2.3326,2.2745,2.342,0.03053740329497571,26.688000000000002,26.66,26.5,27.01,0.1922758435165483,,,,,,,,,,,,,,,,,,,,
1c1f8e3a544b0bc080e14fb6f6c644d43c0764e3,2026-10-08 02:33:50,commit 1c1f8e3a54 | peano 22.0.0+0006955e | mlir_aie 1.4.4 | kernels 3f815aa696b3 | runtime CachedXRTRuntime | xdna 2.21.0_20260625 | xrt 2.21.0 | host docker-runner-aed82ed20e68 | device NPU Krackan 1 | pmode default,iron/applications/gemma4_flm/test.py::test_iron_matches_engine,prompt_long_prompt,5/5,yes,2.30688,2.3227,2.2531,2.3358,0.03298714901291111,26.708,26.69,26.65,26.81,0.06797058187186557,,,,,,,,,,,,,,,,,,,,
aae6262bc80636d75d9829ff106037225191e8b7,2026-10-10 07:31:48,commit aae6262bc8 | peano 22.0.0+0006955e | mlir_aie 1.4.4 | kernels 3f815aa696b3 | runtime CachedXRTRuntime | xdna 2.21.0_20260625 | xrt 2.21.0 | host docker-runner-9b4d8ff31bd8 | device NPU Krackan 1 | pmode default,iron/applications/gemma4_flm/test.py::test_iron_matches_engine,prompt_long_prompt,5/5,yes,2.31588,2.3155,2.292,2.3497,0.022653410339284478,26.812,26.82,26.65,26.96,0.1125610945220425,,,,,,,,,,,,,,,,,,,,
79c04e6e05d3d74fa72f6036238edff157dcd94b,2026-10-04 17:58:18,commit 79c04e6e05 | peano 22.0.0+0006955e | mlir_aie 1.4.4.dev73+g18ca6c1 | kernels 5726d482c21a | runtime CachedXRTRuntime | xdna 2.21.0_20260625 | xrt 2.21.0 | host docker-runner-df55d4e7468d | device NPU Krackan 1 | pmode default,iron/applications/gemma4_flm/test.py::test_iron_matches_engine,prompt_word_problem,5/5,yes,0.63314,0.6337,0.6288,0.6357,0.002583215051055565,27.778,27.74,27.71,27.94,0.09628083921528764,,,,,,,,,,,,,,,,,,,,
1c1f8e3a544b0bc080e14fb6f6c644d43c0764e3,2026-10-08 02:33:50,commit 1c1f8e3a54 | peano 22.0.0+0006955e | mlir_aie 1.4.4 | kernels 3f815aa696b3 | runtime CachedXRTRuntime | xdna 2.21.0_20260625 | xrt 2.21.0 | host docker-runner-aed82ed20e68 | device NPU Krackan 1 | pmode default,iron/applications/gemma4_flm/test.py::test_iron_matches_engine,prompt_word_problem,5/5,yes,0.6371,0.6359,0.6315,0.6461,0.006120457499239752,27.75,27.75,27.69,27.81,0.04743416490252524,,,,,,,,,,,,,,,,,,,,
aae6262bc80636d75d9829ff106037225191e8b7,2026-10-10 07:31:48,commit aae6262bc8 | peano 22.0.0+0006955e | mlir_aie 1.4.4 | kernels 3f815aa696b3 | runtime CachedXRTRuntime | xdna 2.21.0_20260625 | xrt 2.21.0 | host docker-runner-9b4d8ff31bd8 | device NPU Krackan 1 | pmode default,iron/applications/gemma4_flm/test.py::test_iron_matches_engine,prompt_word_problem,5/5,yes,0.6305999999999999,0.6323,0.6255,0.6342,0.0035312887166019293,27.854,27.85,27.78,27.95,0.06348228099241492,,,,,,,,,,,,,,,,,,,,
